tree
version=v4
num_class=1
num_tree_per_iteration=1
label_index=0
max_feature_idx=71
objective=regression
feature_names=Column_0 Column_1 Column_2 Column_3 Column_4 Column_5 Column_6 Column_7 Column_8 Column_9 Column_10 Column_11 Column_12 Column_13 Column_14 Column_15 Column_16 Column_17 Column_18 Column_19 Column_20 Column_21 Column_22 Column_23 Column_24 Column_25 Column_26 Column_27 Column_28 Column_29 Column_30 Column_31 Column_32 Column_33 Column_34 Column_35 Column_36 Column_37 Column_38 Column_39 Column_40 Column_41 Column_42 Column_43 Column_44 Column_45 Column_46 Column_47 Column_48 Column_49 Column_50 Column_51 Column_52 Column_53 Column_54 Column_55 Column_56 Column_57 Column_58 Column_59 Column_60 Column_61 Column_62 Column_63 Column_64 Column_65 Column_66 Column_67 Column_68 Column_69 Column_70 Column_71
feature_infos=[20:200] [-9.9900000000000002:518.54999999999995] [10:99.989999999999995] [0:20] [0:1] [5.0300000000000002:104.91] [1:20] [200:209] [0:229.09999999999999] [0:6] [1:31] [1:52] [1:12] [1:4] [2022:2024] [0:1] [-0.97492791218182362:0.97492791218182362] [-0.90096886790241903:1] [-1:1] [-1:1] [-1:1] [-1:1] [0:499] [0:499] [0:499] [0:499] [0:499] [0:499] [0:437.66666666666669] [0:328.09754647055803] [0:499] [0:393] [0:328.09754647055803] [0:499] [0:393] [0:328.09754647055803] [0:499] [0:393] [0:328.09754647055803] [0:499] [0:393] [0:393] [50:500] [50:500] [50:500] [50:500] [50:500] [51:495.33333333333331] [0:300.52038200428268] [51:492] [0:300.52038200428268] [51:492] [0:300.52038200428268] [20:200] [21:681] [-450:448] [-448:449] [-483:486] [-1999.1999199916863:20000000] [-5:5] [0:1] [0.98039215686274506:500] none [-159:300] [0.043841336116910233:200] [0:4] [0:3] [0:3] [0:3] [0:9] [0:9] [21:681]
tree_sizes=1530 1554 1557 1556 1556 1551 1548 1506 1541 1548 1519 1539 1535 1537 1539 1537 1541 1560 1537 1217 1548 1549 1541 1170 1543 1539 1544 1548 1556 1267 1531 1543 1549 1556 1552 1549 1552 1554 1532 1461 1532 1556 1531 1545 1392 1526 1534 1174 1539 1333 1547 1441 1436 1513 1536 1174 1497 1273 1447 1523 1516 1509 1549 1514 1443 1520 1349 1352 1361 1198 1201 1508 1450 1540 1447 1542 1360 1521 1455 1519 1528 1181 1352 1445 1263 1432 1445 1449 1514 1531 1452 1437 1529 1536 1450 1442 1474 1371 1518 1543 1500 1270 1431 1539 1316 1536 1452 1544 1360 1457 1442 1331 1556 1464 1541 1519 1507 1537 1186 1522 1344 1391 1356 1528 1424 1416 1424 1433 1564 1533 1280 1530 1595 1214 1429 1554 1297 1516 1544 1430 1555 1392 1575 1422 1519 1540 1376 1458 1349 1259 1562 1560 1537 1440 1429 1567 1458 1506 1555 1530 1462 1168 1428 1532 1343 1506 1422 1178 1542 1533 1484 1512 1281 1440 1441 1452 1548 1448 1436 1501 1197 1441 1441 1536 1439 1425 1258 1533 1564 1454 1566 1435 1513 1433 1536 1434 1461 1553 1206 1531 1435 1542 1546 1444 1439 1509 1251 1508 1529 1548 1547 1525 1573 1288 1363 1451 1557 1404 1519 1549 1193 1515 1528 1463 1544 1353 1500 1359 1444 1349 1540 1259 1168 1535 1461 1372 1523 1474 1304 1439 1540 1510 1537 1336 1535 1197 1442 1194 1491 1537 1556 1477 1556 1520 1560 1366 1459 1540 1548 1471 1537 1580 1527 1395 1301 1402 1510 1566 1438 1380 1442 1332 1525 1515 1389 1278 1361 1402 1542 1552 1432 1521 1534 1361 1146 1287 1521 1422 1277 1508 1519 1538 1532 1553 1540 1383 1460 1528 1437 1531 1352 1368 1281 1562 1452 1545 1458 1537 1529 1558 1447 1565 1566 1529 1558 1572 1304 1362 1516 1573 1431 1533 1432 1520 1289 1364 1547 1529 1554 1523 1454 1362 1537 1515 1461 1442 1538 1298 1457 1443 1459 1445 1551 1469 1459 1425 1531 1443 1348 1380 1453 1504 1350 1138 1542 1564 1527 1536 1569 1555 1472 1423 1366 1466 1543 1331 1458 1548 1537 1478 1521 1554 1534 1429 1439 1177 1530 1275 1532 1525 1513 1380 1523 1540 1530 1349 1485 1538 1562 1440 1557 1016 1295 1436 1420 1539 1388 1543 1559 1467 1545 1558 1348 1565 1561 1553 1513 1496 1542 1270 1531 1556 1511 1544 1456 1559 1528 1537 1504 1372 1254 1452 1571 1537 1288 1427 1424 1525 1445 1434 1529 1443 1550 1536 1444 1544 1541 1478 1460 1435 1459 1443 1539 1521 1547 1503 1250 1555 1521 1266 1432 1414 1491 1519 1501 1420 1459 1449 1251 1540 1533 1544 1307 1467 1522 1544 1015 1529 1353 1577 1438 1540 1563 1542 1502 1548 1490 1438 1482 1300 1560 1566 1543 1275 1549 1527 1540 1552 1537 1434 1467 1536 1515 1436 1457 1507 1540 1537 1535 1454 1558 1483 1453 1536 1579 1440 1457 1567 1465 1425 1533 1472 1545 1544 1439 1519 1450 1526 1543 1530 1440 1412 1275 1565 1479 1295 1537 1458 1557 1532 1513 1538 1545 1525 1278 1363 1081 1525 1574 1451 1540 1540 1554 1425 1505 1565 1526 1552 1554 1354 1446 1563 1286 1479 1387 1563 1528 1531 1450 1349 1426 1450 1532 1539 1440 1358 1468 1525 1562 1436 1540 1536 1442 1548 1469 1295 1519 1544 1351 1526 1526 1532 1178 1342 1449 1390 1426 1535 1392 1417 1199 1532 1434 1336 1518 1522 1405 1528 1557 1543 1560 1566 1496 1354 1290 1539 1559 1524 1544 1435 1343 1531 1537 1537 1356 1550 1542 1364 1555 1548 1468 1478 1297 1457 1542 1467 1523

Tree=0
num_leaves=16
num_cat=0
split_feature=1 1 1 1 1 1 1 1 1 1 1 1 1 1 1
split_gain=2.58617e+08 3.67863e+07 2.92902e+07 6.01091e+06 4.5075e+06 3.6632e+06 2.10998e+06 1.05998e+06 767012 490708 487292 362641 200212 156965 148682
threshold=158.51000000000002 268.58500000000004 87.595000000000013 355.01500000000004 201.84500000000003 116.11500000000002 64.715000000000018 312.98500000000007 405.89500000000004 236.04500000000004 134.87000000000003 175.09000000000003 48.335000000000008 109.25500000000001 81.75500000000001
decision_type=2 2 2 2 2 2 2 2 2 2 2 2 2 2 2
left_child=2 4 6 7 11 13 12 -3 -5 -6 -7 -2 -1 -4 -8
right_child=1 3 5 8 9 10 14 -9 -10 -11 -12 -13 -14 -15 -16
leaf_value=266.51966687872743 276.24474217786161 283.94729462687576 270.77031092263371 288.9165368349851 279.93753504905783 273.31311258261815 268.51784664055833 286.63201450462145 291.96373722745921 281.57906342694042 274.8486421923584 277.73512150394703 267.24432493041473 271.91345451676693 269.65514016221141
leaf_weight=13052 2517 3193 4829 1810 3655 3445 4379 2273 1356 2967 3895 3428 4842 1379 1380
leaf_count=13052 2517 3193 4829 1810 3655 3445 4379 2273 1356 2967 3895 3428 4842 1379 1380
internal_value=273.943 282.235 269.217 286.963 278.987 272.705 267.22 285.067 290.23 280.675 274.128 277.105 266.715 271.024 268.789
internal_weight=58400 21199 37201 8632 12567 13548 23653 5466 3166 6622 7340 5945 17894 6208 5759
internal_count=58400 21199 37201 8632 12567 13548 23653 5466 3166 6622 7340 5945 17894 6208 5759
is_linear=0
shrinkage=1


Tree=1
num_leaves=16
num_cat=0
split_feature=1 1 1 1 1 1 1 1 1 1 1 1 10 41 25
split_gain=2.12272e+08 3.01967e+07 2.40396e+07 4.97821e+06 3.73483e+06 3.0067e+06 1.73547e+06 1.02962e+06 462034 416124 399959 264818 188841 178692 158126
threshold=158.51000000000002 268.58500000000004 87.595000000000013 337.10500000000008 207.94000000000003 116.11500000000002 63.925000000000004 397.30000000000001 185.08500000000004 309.25500000000005 134.87000000000003 236.04500000000004 30.500000000000004 106.20291655085737 220.50000000000003
decision_type=2 2 2 2 2 2 2 2 2 2 2 2 2 2 8
left_child=2 4 6 9 8 14 12 -5 -2 -3 -7 -6 -1 -8 -4
right_child=1 3 5 7 11 10 13 -9 -10 -11 -12 -13 -14 -15 -16
leaf_value=-6.5153028909176376 2.3724797946361416 8.978661717048869 -2.382432275372822 12.971962177360986 5.645238973472293 -0.57059448331127272 -3.4858053218753442 16.09221913342499 3.9699769530499114 10.90073648295726 0.82054676214506972 6.9181725254703004 -8.7656100757679898 -4.9245466359234458 -3.5122132862288176
leaf_weight=17316 3890 2966 4771 2492 2971 3445 922 1582 2739 1592 3895 2967 349 5066 1437
leaf_count=17316 3890 2966 4771 2492 2971 3445 922 1582 2739 1592 3895 2967 349 5066 1437
internal_value=0.000115566 7.51284 -4.28115 11.7965 4.5694 -1.12124 -6.09089 14.1893 3.03334 9.65353 0.16762 6.28295 -6.56054 -4.704 -2.64479
internal_weight=58400 21199 37201 8632 12567 13548 23653 4074 6629 4558 7340 5938 17665 5988 6208
internal_count=58400 21199 37201 8632 12567 13548 23653 4074 6629 4558 7340 5938 17665 5988 6208
is_linear=0
shrinkage=0.0940712


Tree=2
num_leaves=16
num_cat=0
split_feature=1 1 1 1 1 1 1 1 1 1 1 1 1 38 5
split_gain=1.74232e+08 2.48656e+07 1.97343e+07 4.49427e+06 2.66732e+06 1.98206e+06 1.89628e+06 653334 408863 390342 379252 328279 233858 165751 157039
threshold=158.51000000000002 289.34500000000008 92.565000000000012 207.94000000000003 365.31500000000005 64.715000000000018 116.11500000000002 247.57000000000002 422.87000000000006 324.31000000000006 185.08500000000004 134.87000000000003 81.75500000000001 102.34196747491761 69.075000000000003
decision_type=2 2 2 2 2 2 2 2 2 2 2 2 2 2 2
left_child=2 3 5 10 9 13 14 -5 -6 -3 -2 -8 -7 -1 -4
right_child=1 4 6 7 8 12 11 -9 -10 -11 -12 -13 -14 -15 -16
leaf_value=-5.5522150939630439 2.1493868989322631 9.0492376041860965 -2.6020598844828351 5.3024379824605008 12.84094061435977 -4.4725893245861643 -0.51694265319662325 7.0699972358956664 15.387683716871845 10.879580426575714 3.5967296419685963 0.74338775377363353 -3.3294035112086751 -6.1564060099833711 -1.5021285951870444
leaf_weight=6624 3890 2276 3276 4112 1808 4379 3445 3426 904 2044 2739 3895 2529 11270 1783
leaf_count=6624 3890 2276 3276 4112 1808 4379 3445 3426 904 2044 2739 3895 2529 11270 1783
internal_value=0.000201771 6.80657 -3.87853 4.53586 11.3792 -5.41039 -0.814011 6.1071 13.6983 9.91891 2.74813 0.151855 -4.05494 -5.93326 -2.21501
internal_weight=58400 21199 37201 14167 7032 24802 12399 7538 2712 4320 6629 7340 6908 17894 5059
internal_count=58400 21199 37201 14167 7032 24802 12399 7538 2712 4320 6629 7340 6908 17894 5059
is_linear=0
shrinkage=0.0940712


Tree=3
num_leaves=16
num_cat=0
split_feature=1 1 1 1 1 1 1 1 1 1 1 1 39 37 34
split_gain=1.4301e+08 2.04639e+07 1.62068e+07 3.37905e+06 2.50671e+06 2.02147e+06 1.17051e+06 578093 413788 279274 269444 226876 172474 162962 153689
threshold=158.51000000000002 268.58500000000004 87.595000000000013 346.34500000000008 201.84500000000003 116.11500000000002 63.925000000000004 405.89500000000004 312.98500000000007 229.30500000000004 134.87000000000003 175.09000000000003 486.50000000000006 100.26136363636364 182.82142857142858
decision_type=2 2 2 2 2 2 2 2 2 2 2 2 2 2 2
left_child=2 4 6 8 11 14 12 -5 -3 -6 -7 -2 -1 -8 -4
right_child=1 3 5 7 9 10 13 -9 -10 -11 -12 -13 -14 -15 -16
leaf_value=-5.4077340312395812 1.6602999939464387 7.4490267107958941 -2.2934009283943952 10.94140858781283 4.3183837625116626 -0.46833515649206908 -1.4965789471231215 13.44933633552996 9.2511913984120557 5.5564585333059826 0.67348437262613703 2.8388055988339507 -1.4801326379467743 -3.9632575010145525 -0.41305095691738863
leaf_weight=17564 2517 3193 5795 2264 2969 3445 250 1356 1819 3653 3895 3428 101 5738 413
leaf_count=17564 2517 3193 5795 2264 2969 3445 250 1356 1819 3653 3895 3428 101 5738 413
internal_value=0.000290849 6.16673 -3.51377 9.69309 3.74365 -0.919223 -4.99971 11.8863 8.10579 5.00253 0.137573 2.34044 -5.38542 -3.86071 -2.16846
internal_weight=58400 21199 37201 8632 12567 13548 23653 3620 5012 6622 7340 5945 17665 5988 6208
internal_count=58400 21199 37201 8632 12567 13548 23653 3620 5012 6622 7340 5945 17665 5988 6208
is_linear=0
shrinkage=0.0940712


Tree=4
num_leaves=16
num_cat=0
split_feature=1 1 1 1 1 1 1 1 1 1 1 1 1 1 2
split_gain=1.17381e+08 1.6858e+07 1.33585e+07 2.59884e+06 2.22229e+06 1.32095e+06 1.27746e+06 381702 305987 292382 262859 223137 166188 159658 146804
threshold=158.51000000000002 280.16500000000002 92.565000000000012 207.94000000000003 355.01500000000004 64.715000000000018 124.88500000000001 434.28000000000003 247.57000000000002 312.98500000000007 185.08500000000004 109.25500000000001 81.75500000000001 48.335000000000008 20.815000000000001
decision_type=2 2 2 2 2 2 2 2 2 2 2 2 2 2 2
left_child=2 3 5 10 9 13 11 -6 -5 -3 -2 -4 -7 -1 -8
right_child=1 4 6 8 7 12 14 -9 -10 -11 -12 -13 -14 -15 -16
leaf_value=-5.0435003157144962 1.7520345609747179 6.9860775053370929 -2.0375217118567099 4.3460111472885332 10.451089541144389 -3.6890483032755532 -0.89492508753882871 13.037022027476885 5.6378218024800368 8.5212527189135781 2.9569373507461294 -0.94226509611787046 -2.7255912086199734 -4.4025861254441629 0.54713044678603551
leaf_weight=13052 3890 2278 3680 4112 2488 4379 712 678 2741 2273 2739 2987 2529 4842 5020
leaf_count=13052 3890 2278 3680 4112 2488 4379 712 678 2741 2273 2739 2987 2529 4842 5020
internal_value=0.000365796 5.58701 -3.18328 3.57931 9.09312 -4.44362 -0.661949 11.0111 4.86388 7.75551 2.25048 -1.54717 -3.33704 -4.87048 0.367789
internal_weight=58400 21199 37201 13482 7717 24802 12399 3166 6853 4551 6629 6667 6908 17894 5732
internal_count=58400 21199 37201 13482 7717 24802 12399 3166 6853 4551 6629 6667 6908 17894 5732
is_linear=0
shrinkage=0.0940712


Tree=5
num_leaves=16
num_cat=0
split_feature=1 1 1 1 1 1 1 1 1 1 1 10 1 0 5
split_gain=9.63466e+07 1.38837e+07 1.09637e+07 2.61291e+06 1.40727e+06 1.08401e+06 1.04849e+06 378458 281088 243178 183139 167227 140058 138928 119276
threshold=158.51000000000002 292.7050000000001 92.565000000000012 209.97500000000002 383.81500000000005 64.715000000000018 124.88500000000001 255.24500000000003 337.10500000000008 175.09000000000003 109.25500000000001 30.500000000000004 434.28000000000003 160.50000000000003 37.355000000000011
decision_type=2 2 2 2 2 2 2 2 2 2 2 2 2 2 2
left_child=2 3 5 9 8 11 10 -5 -3 -2 -4 -1 -6 -7 -8
right_child=1 4 6 7 12 13 14 -9 -10 -11 -12 -13 -14 -15 -16
leaf_value=-4.3706803093152278 1.3394982830909272 7.0354087499308688 -1.8459300817669257 4.073873127466193 10.043417509822833 -3.2440324085780303 -0.30808354124779547 5.4446130774611685 8.5219231528430317 2.503399371419849 -0.8536715527137948 -6.4560547757363098 11.813430904006831 -2.2095203135602453 0.62016821303730962
leaf_weight=17541 2517 2729 3680 4569 1356 5430 1772 2970 2040 4340 2987 353 678 1478 3960
leaf_count=17541 2517 2729 3680 4569 1356 5430 1772 2970 2040 4340 2987 353 678 1478 3960
internal_value=0.00041841 5.06181 -2.8839 3.40624 8.5636 -4.0257 -0.599719 4.61491 7.67389 2.07659 -1.40169 -4.41239 10.6421 -3.02326 0.333179
internal_weight=58400 21199 37201 14396 6803 24802 12399 7539 4769 6857 6667 17894 2034 6908 5732
internal_count=58400 21199 37201 14396 6803 24802 12399 7539 4769 6857 6667 17894 2034 6908 5732
is_linear=0
shrinkage=0.0940712


Tree=6
num_leaves=16
num_cat=0
split_feature=1 1 1 1 1 1 1 1 1 1 1 53 0 24 46
split_gain=7.90937e+07 1.16553e+07 8.78521e+06 1.88368e+06 1.47013e+06 1.35066e+06 412591 311466 268203 223598 161554 158153 132364 123384 118141
threshold=157.15500000000003 268.58500000000004 81.75500000000001 355.01500000000004 195.78500000000003 116.11500000000002 48.335000000000008 309.25500000000005 422.87000000000006 229.30500000000004 134.87000000000003 103.50000000000001 194.50000000000003 1.5000000000000002 52.500000000000007
decision_type=2 2 2 2 2 2 2 2 2 2 2 2 2 10 8
left_child=2 4 6 7 14 13 12 -3 -5 -6 -7 -8 -1 -4 -2
right_child=1 3 5 8 9 10 11 -9 -10 -11 -12 -13 -14 -15 -16
leaf_value=-4.0957591527237014 6.9957791385505352 5.496677719275235 -4.4222549032308986 8.4808475708008011 3.0952743066578985 -0.38096574367310831 -2.9051114262296562 6.9372952433724482 10.448213126408298 4.1412706637981564 0.51597609989027227 -3.6915708224148207 -5.7421560305172106 -1.6688665152339943 1.5448469788609476
leaf_weight=12595 34 2966 146 2262 3656 3445 4252 2500 904 3653 3667 4969 457 7442 5452
leaf_count=12595 34 2966 146 2262 3656 3445 4252 2500 904 3653 3667 4969 457 7442 5452
internal_value=0.000460015 4.54788 -2.63499 7.21887 2.74525 -0.849918 -3.81297 6.15739 9.04751 3.61885 0.0814981 -3.32948 -4.1541 -1.72276 1.58063
internal_weight=58400 21427 36973 8632 12795 14700 22273 5466 3166 7309 7112 9221 13052 7588 5486
internal_count=58400 21427 36973 8632 12795 14700 22273 5466 3166 7309 7112 9221 13052 7588 5486
is_linear=0
shrinkage=0.0940712


Tree=7
num_leaves=16
num_cat=0
split_feature=25 33 6 34 22 6 44 8 52 43 63 7 44 20 35
split_gain=144217 156260 197922 126966 179281 141856 135996 113585 110381 98807 92558.9 156196 108372 79393.2 73567.5
threshold=382.50000000000006 261.50000000000006 11.500000000000002 186.39285714285717 343.50000000000006 1.5000000000000002 459.50000000000006 10.250000000000002 105.2037530044807 212.50000000000003 276.50000000000006 205.50000000000003 78.500000000000014 0.78574730703237894 125.10471438132784
decision_type=10 2 2 2 2 2 10 2 2 10 2 2 8 2 2
left_child=3 2 7 10 5 -5 -6 -2 14 -4 12 -12 -1 -10 -3
right_child=1 8 9 4 6 -7 -8 -9 13 -11 11 -13 -14 -15 -16
leaf_value=0.54121906116931073 3.7134133647613328 -1.8127559827149873 0.65272593374953858 -3.9600329542373589 -1.7018543684386991 1.1338884814638015 3.2048054691622343 0.38800807336363924 -1.5602736902158889 -3.7593227157644105 -1.060055525415124 0.75634916867795876 -0.013784547592528775 0.26971513131075142 -8.4466473854887809
leaf_weight=3326 152 30 74 48 382 2123 56 224 996 111 1650 560 48373 265 30
leaf_count=3326 152 30 74 48 382 2123 56 224 996 111 1650 560 48373 265 30
internal_value=0.000479243 -0.809278 0.504921 0.0274673 0.668183 1.01844 -1.06508 1.74245 -1.36742 -2.00313 -0.00355711 -0.599524 0.0219338 -1.17574 -5.26186
internal_weight=58400 1882 561 56518 2609 2171 438 376 1321 185 53909 2210 51699 1261 60
internal_count=58400 1882 561 56518 2609 2171 438 376 1321 185 53909 2210 51699 1261 60
is_linear=0
shrinkage=0.0940712


Tree=8
num_leaves=16
num_cat=0
split_feature=1 1 1 1 1 1 1 1 5 1 1 25 33 25 1
split_gain=6.49189e+07 8.80787e+06 8.2806e+06 1.33186e+06 972554 944143 742766 196078 184818 163433 153941 151318 149360 133107 123144
threshold=167.45500000000001 92.565000000000012 292.7050000000001 215.95500000000001 377.64500000000004 127.29500000000002 68.975000000000009 257.83500000000009 48.035000000000004 328.55500000000006 194.00500000000002 382.50000000000006 255.50000000000003 71.500000000000014 447.3300000000001
decision_type=2 2 2 2 2 2 2 2 2 2 2 10 2 8 2
left_child=1 6 3 10 9 8 12 -5 -3 -4 -2 -8 -1 -7 -6
right_child=2 5 4 7 14 13 11 -9 -10 -11 -12 -13 -14 -15 -16
leaf_value=-3.1835087781152542 1.5903334262733668 -1.6511575655524191 5.6591574158179334 3.4730050818521603 8.2629380778182888 -0.099715462268355676 -2.2766945092361515 4.5070264506008169 -0.68126675365086142 6.811261547668491 2.5489144227653564 -4.9033884791799718 -3.7635652692332395 0.7790778530450464 10.088223635759418
leaf_weight=5690 3656 3020 2275 4112 1808 2369 5557 2742 4106 2268 2512 201 13354 4278 452
leaf_count=5690 3656 3020 2275 4112 1808 2369 5557 2742 4106 2268 2512 201 13354 4278 452
internal_value=0.000404575 -2.24806 4.37525 2.98503 7.03503 -0.340469 -3.30728 3.88762 -1.0926 6.23649 1.9813 -2.36971 -3.59054 0.465906 8.63476
internal_weight=58400 38575 19825 13022 6803 13773 24802 6854 7126 4543 6168 5758 19044 6647 2260
internal_count=58400 38575 19825 13022 6803 13773 24802 6854 7126 4543 6168 5758 19044 6647 2260
is_linear=0
shrinkage=0.0940712


Tree=9
num_leaves=16
num_cat=0
split_feature=1 1 1 1 1 1 1 1 39 1 1 1 53 1 2
split_gain=5.33496e+07 7.85544e+06 5.939e+06 1.22738e+06 1.04641e+06 793585 393200 177276 157787 147161 145275 144654 142008 139303 133284
threshold=157.15500000000003 280.16500000000002 85.595000000000013 207.94000000000003 365.31500000000005 111.62500000000001 48.335000000000008 324.31000000000006 350.50000000000006 175.09000000000003 134.87000000000003 240.66500000000002 101.50000000000001 434.28000000000003 98.00500000000001
decision_type=2 2 2 2 2 2 2 2 2 2 2 2 2 2 2
left_child=2 3 6 9 7 8 14 -3 -4 -2 -7 -5 -8 -6 -1
right_child=1 4 5 11 13 10 12 -9 -10 -11 -12 -13 -14 -15 -16
leaf_value=-3.4705876037806682 0.95861299691599011 4.8521544454083454 -2.3913044328162969 2.837951953258691 7.2188761152355747 -0.37977814915858815 -2.2526429346236321 6.0072115296870434 -1.1989402519383321 1.8491610476996108 0.42320718391314849 3.7080541516156611 -2.9630620192300623 8.8318199295841371 -1.4335627864081928
leaf_weight=12758 2745 2961 1260 3427 2034 4366 4584 2044 4486 4112 3667 3426 5558 678 294
leaf_count=12758 2745 2961 1260 3427 2034 4366 4584 2044 4486 4112 3667 3426 5558 678 294
internal_value=0.000435034 3.73517 -2.16402 2.38336 6.1358 -0.617055 -3.08293 5.32562 -1.46101 1.49297 -0.0131951 3.2737 -2.64237 7.62701 -3.42489
internal_weight=58400 21427 36973 13710 7717 13779 23194 5005 5746 6857 8033 6853 10142 2712 13052
internal_count=58400 21427 36973 13710 7717 13779 23194 5005 5746 6857 8033 6853 10142 2712 13052
is_linear=0
shrinkage=0.0940712


Tree=10
num_leaves=16
num_cat=0
split_feature=25 49 63 40 32 6 41 34 61 71 31 63 25 44 61
split_gain=100488 115260 141651 149721 125072 152130 142081 102324 187162 127267 115742 89482.6 98962 94656.4 87402.8
threshold=382.50000000000006 288.21428571428578 279.50000000000006 151.25293090090204 82.070817271543277 11.500000000000002 151.48736084852888 204.67857142857147 1.2153478100846524 214.50000000000003 181.6428571428572 277.50000000000006 176.50000000000003 78.500000000000014 1.2382399041121153
decision_type=10 2 2 2 2 2 2 2 2 2 2 2 8 8 2
left_child=7 4 14 -4 5 -2 -6 11 10 -10 -9 13 -13 -1 -3
right_child=1 2 3 -5 6 -7 -8 8 9 -11 -12 12 -14 -15 -16
leaf_value=0.51342081223519043 2.8463020159028884 -4.103316352670153 10.301353283103765 -0.54120525509366191 -1.5558566494256094 -1.3893445929541182 1.1883755567448129 5.0641655382497399 4.1815369565687854 1.0619825711846866 -1.6016509696292982 -0.18434835024139759 -1.5822408996922526 -0.00022484413115394762 -1.4019282569684333
leaf_weight=3388 225 129 15.999999999999998 31 545 111 239 24 175 341 236 1596 622 50136 586
leaf_count=3388 225 129 16 31 545 111 239 24 175 341 236 1596 622 50136 586
internal_value=0.000451153 -0.675483 -1.56673 3.35982 -0.0676664 1.4467 -0.718426 0.0229795 1.09467 2.12964 -0.959304 0.0080276 -0.577257 0.0322999 -1.89737
internal_weight=58400 1882 762 47 1120 336 784 56518 776 516 260 55742 2218 53524 715
internal_count=58400 1882 762 47 1120 336 784 56518 776 516 260 55742 2218 53524 715
is_linear=0
shrinkage=0.0940712


Tree=11
num_leaves=16
num_cat=0
split_feature=1 1 1 1 1 1 1 1 1 45 1 55 5 40 1
split_gain=4.37711e+07 6.34358e+06 5.03712e+06 1.18633e+06 788227 671855 244134 172791 133624 128014 123712 122340 115795 110985 75715.5
threshold=158.51000000000002 292.7050000000001 81.75500000000001 215.95500000000001 116.11500000000002 383.81500000000005 48.335000000000008 185.08500000000004 263.25500000000005 86.500000000000014 337.10500000000008 321.50000000000006 42.395000000000003 61.542884726800374 465.00000000000006
decision_type=2 2 2 2 2 2 2 2 2 10 2 10 2 2 2
left_child=2 3 6 7 13 10 11 -2 -5 -8 -3 -1 -6 -4 -7
right_child=1 5 4 8 12 14 9 -9 -10 -11 -12 -13 -14 -15 -16
leaf_value=-3.0424671578891731 1.0411995444283759 4.740451128144711 1.6052284103804841 2.8921336865684411 -0.4060153751059638 6.9936906955573477 -1.4102815569445279 1.9431179668859202 3.779155747303705 -2.5847010347812351 5.7273304624878145 -4.5208713687335047 0.37070557528562254 -1.3233994162138152 8.9238413311555025
leaf_weight=12530 3890 2729 115 4569 2666 1808 919 3652 2285 8302 2040 522 4674 7473 226
leaf_count=12530 3890 2729 115 4569 2666 1808 919 3652 2285 8302 2040 522 4674 7473 226
internal_value=0.00044028 3.41194 -1.94366 2.29285 -0.606475 5.77898 -2.83977 1.47826 3.18866 -2.46793 5.16436 -3.10214 0.0885451 -1.27868 7.21489
internal_weight=58400 21199 37201 14396 14928 6803 22273 7542 6854 9221 4769 13052 7340 7588 2034
internal_count=58400 21199 37201 14396 14928 6803 22273 7542 6854 9221 4769 13052 7340 7588 2034
is_linear=0
shrinkage=0.0940712


Tree=12
num_leaves=16
num_cat=0
split_feature=1 1 1 1 1 1 1 1 38 39 46 69 46 1 1
split_gain=3.60232e+07 6.18864e+06 3.11e+06 918852 869011 421301 200370 188039 128788 128080 127099 127048 106277 103535 102954
threshold=145.45500000000001 268.58500000000004 81.75500000000001 195.78500000000003 365.31500000000005 109.25500000000001 48.335000000000008 312.98500000000007 141.13075806853888 349.50000000000006 52.500000000000007 8.5000000000000018 179.50000000000003 231.55500000000004 422.87000000000006
decision_type=2 2 2 2 2 2 2 2 2 2 8 2 8 2 2
left_child=2 3 6 10 7 9 8 -3 -1 -4 -2 -8 -7 -5 -6
right_child=1 4 5 13 14 12 11 -9 -10 -11 -12 -13 -14 -15 -16
leaf_value=-2.8396905790730345 5.9038669295711994 3.7332207180966441 -2.1113324155244393 2.1043559632598083 5.8390695643640793 -0.80594551453702645 -2.3770892894817988 4.8058068643845742 0.16770392503305578 -1.0693872604072627 0.91614421380818312 -1.3685639982300937 0.023062309373703422 2.8175380374648009 7.1093938765016063
leaf_weight=12925 44 3193 1331 3884 1808 1922 7927 2727 127 4878 7270 1294 4741 3425 904
leaf_count=12925 44 3193 1331 3884 1808 1922 7927 2727 127 4878 7270 1294 4741 3425 904
internal_value=0.000461691 2.87256 -1.90001 1.6932 4.86977 -0.735823 -2.57271 4.22846 -2.8104 -1.29324 0.947421 -2.23583 -0.216186 2.4391 6.2664
internal_weight=58400 23255 35145 14623 8632 12872 22273 5920 13052 6209 7314 9221 6663 7309 2712
internal_count=58400 23255 35145 14623 8632 12872 22273 5920 13052 6209 7314 9221 6663 7309 2712
is_linear=0
shrinkage=0.0940712


Tree=13
num_leaves=16
num_cat=0
split_feature=1 1 1 1 1 1 1 39 5 52 25 45 1 1 1
split_gain=2.95852e+07 4.56311e+06 3.33969e+06 533089 459339 423836 373569 156062 149251 135739 115816 113875 98283.1 91140.1 50457.4
threshold=175.09000000000003 92.565000000000012 292.7050000000001 127.29500000000002 389.91000000000003 215.95500000000001 64.715000000000018 486.50000000000006 19.345000000000002 97.177022111044181 71.500000000000014 496.50000000000006 337.10500000000008 255.24500000000003 465.00000000000006
decision_type=2 2 2 2 2 2 2 2 2 2 8 10 2 2 2
left_child=1 6 5 8 12 9 7 -1 -3 -2 -5 -8 -4 -7 -6
right_child=2 3 4 10 14 13 11 -9 -10 -11 -12 -13 -14 -15 -16
leaf_value=-2.4815863094369686 -0.88075108858246931 -2.0019495644477101 3.8933395391685415 -0.10399211965571863 5.8329105844133382 2.3138966778753294 -1.6109337603429781 1.1925134364291834 -0.5923202788851335 1.5792668393241664 0.6546027845393646 -5.9754121839497651 4.7454252483710544 3.0108396238121933 7.4259258564750539
leaf_weight=17792 206 741 2729 2754 1582 3884 6856 102 6385 4819 5036 52 2266 2970 226
leaf_count=17792 206 741 2729 2754 1582 3884 6856 102 6385 4819 5036 52 2266 2970 226
internal_value=0.00047635 -1.45164 3.08756 -0.151402 4.74954 2.13525 -2.23355 -2.46053 -0.739325 1.47815 0.386433 -1.64515 4.28128 2.61653 6.03834
internal_weight=58400 39718 18682 14916 6803 11879 24802 17894 7126 5025 7790 6908 4995 6854 1808
internal_count=58400 39718 18682 14916 6803 11879 24802 17894 7126 5025 7790 6908 4995 6854 1808
is_linear=0
shrinkage=0.0940712


Tree=14
num_leaves=16
num_cat=0
split_feature=1 1 1 1 1 1 1 1 47 26 47 40 58 24 1
split_gain=2.43585e+07 4.16293e+06 2.0946e+06 621568 591048 287720 142369 129732 124714 116620 114240 110948 110315 79433 73131.4
threshold=145.45500000000001 268.58500000000004 81.75500000000001 194.00500000000002 346.34500000000008 109.25500000000001 48.335000000000008 405.89500000000004 298.50000000000006 12.500000000000002 152.50000000000003 61.542884726800374 3.3103580018837477 121.50000000000001 309.25500000000005
decision_type=2 2 2 2 2 2 2 2 2 10 2 2 2 8 2
left_child=2 3 6 10 14 11 9 -6 -8 -1 -2 -4 -7 -5 -3
right_child=1 4 5 13 7 12 8 -9 -10 -11 -12 -13 -14 -15 -16
leaf_value=-3.2201267952546422 2.3183020793657896 3.0327939548072247 2.082461811161755 2.2720832942627873 4.4722802340878332 -0.09193400578241423 -1.5582746293130496 5.6547922736612035 -2.2725288520100904 -2.2263766174641759 0.67021710346096686 -1.1175322968775272 -1.8913460157516226 1.6565189198540753 3.7738644600719446
leaf_weight=1155 393 2966 96 4073 2264 6348 5712 1356 3509 11897 6693 6113 315 3464 2046
leaf_count=1155 393 2966 96 4073 2264 6348 5712 1356 3509 11897 6693 6113 315 3464 2046
internal_value=0.000474493 2.36222 -1.56229 1.39494 4.00027 -0.606875 -2.11436 4.91751 -1.83043 -2.3147 0.762131 -1.06752 -0.177445 1.98959 3.33642
internal_weight=58400 23255 35145 14623 8632 12872 22273 3620 9221 13052 7086 6209 6663 7537 5012
internal_count=58400 23255 35145 14623 8632 12872 22273 3620 9221 13052 7086 6209 6663 7537 5012
is_linear=0
shrinkage=0.0940712


Tree=15
num_leaves=16
num_cat=0
split_feature=1 1 1 1 1 1 1 38 8 0 5 52 1 1 1
split_gain=2.00193e+07 2.70036e+06 2.53944e+06 404117 315878 292500 260532 158650 131416 124326 111457 85568.7 64468.9 56489.3 46114
threshold=167.45500000000001 92.565000000000012 292.7050000000001 215.95500000000001 383.81500000000005 124.88500000000001 68.975000000000009 102.18904956901706 100.95000000000002 31.500000000000004 65.035000000000011 97.177022111044181 247.57000000000002 328.55500000000006 465.00000000000006
decision_type=2 2 2 2 2 2 2 2 2 2 2 2 2 2 2
left_child=1 6 3 11 13 10 7 -1 -7 -8 -3 -2 -5 -4 -6
right_child=2 5 4 12 14 8 9 -9 -10 -11 -12 -13 -14 -15 -16
leaf_value=-1.6432579414446211 -0.54038719620247166 -0.94898437603580876 3.1347578042328106 1.8462694862106841 4.7174911445621923 0.25858725581479775 0.36343158564983291 -2.2085435725285967 -5.1113744436855777 -1.3956081665144247 -0.16145930313080412 1.1814635769190995 2.4283800271845624 3.7954596220198291 6.2038469066938253
leaf_weight=6951 266 4045 2275 3199 1808 7067 380 12093 39 5378 2622 5902 3655 2494 226
leaf_count=6951 266 4045 2275 3199 1808 7067 380 12093 39 5378 2622 5902 3655 2494 226
internal_value=0.000464139 -1.24814 2.42988 1.65999 3.90282 -0.1919 -1.83463 -2.00237 0.227981 -1.27943 -0.639396 1.10707 2.15719 3.48143 4.88734
internal_weight=58400 38575 19825 13022 6803 13773 24802 19044 7106 5758 6667 6168 6854 4769 2034
internal_count=58400 38575 19825 13022 6803 13773 24802 19044 7106 5758 6667 6168 6854 4769 2034
is_linear=0
shrinkage=0.0940712


Tree=16
num_leaves=16
num_cat=0
split_feature=2 25 45 20 47 53 0 42 59 34 61 25 2 59 42
split_gain=75699.1 105704 114449 105292 108230 84819.1 80740.8 130696 117494 111614 109467 140287 95813.8 80439.5 72290.9
threshold=29.615000000000006 391.50000000000006 492.50000000000006 -0.95297903005573326 384.83333333333343 28.500000000000004 51.500000000000007 258.50000000000006 -1.4899999999999964 154.32142857142858 1.4457654665583155 172.50000000000003 95.615000000000023 2.9400000000000035 276.50000000000006
decision_type=2 10 10 2 2 2 2 2 2 2 2 10 2 2 2
left_child=1 3 13 5 -5 -1 10 8 -8 -9 11 -2 -12 -3 -4
right_child=6 2 14 4 -6 -7 7 9 -10 -11 12 -13 -14 -15 -16
leaf_value=4.2536643218306658 0.75748072979768677 -3.4518171101017727 -1.4716830700720602 -0.16527896403156211 -1.298092117083907 0.5150094249092696 0.62689569815713808 0.094850805717516293 0.12042353759061798 -0.38906735381518104 -0.55327643620912059 -0.76937278396178888 1.0741351159665311 0.4478363871075125 5.3802237556237031
leaf_weight=55 1764 218 25 10338 803 1087 6291 14095 11396 6017 5124 761 340 59 27
leaf_count=55 1764 218 25 10338 803 1087 6291 14095 11396 6017 5124 761 340 59 27
internal_value=0.000450654 -0.203603 -1.86368 -0.158896 -0.24711 0.70074 0.0566636 0.114096 0.300615 -0.0499379 -0.215023 0.297067 -0.451709 -2.6229 2.13681
internal_weight=58400 12612 329 12283 11141 1142 45788 37799 17687 20112 7989 2525 5464 277 52
internal_count=58400 12612 329 12283 11141 1142 45788 37799 17687 20112 7989 2525 5464 277 52
is_linear=0
shrinkage=0.0940712


Tree=17
num_leaves=16
num_cat=0
split_feature=1 1 1 1 1 1 42 48 38 63 8 57 1 59 1
split_gain=1.6469e+07 2.59852e+06 1.6058e+06 404947 366377 243914 140990 113936 173320 137907 113264 104909 84124 68112 57808.7
threshold=151.15500000000003 268.58500000000004 81.75500000000001 365.31500000000005 201.84500000000003 109.25500000000001 336.50000000000006 60.775543079310737 141.13075806853888 291.50000000000006 16.250000000000004 -115.49999999999999 312.98500000000007 2.9849999999999999 447.3300000000001
decision_type=2 2 2 2 2 2 2 2 2 2 2 10 2 2 2
left_child=2 4 7 12 11 10 -7 9 -9 -1 -4 -2 -3 -6 -5
right_child=1 3 5 14 13 6 -8 8 -10 -11 -12 -13 -14 -15 -16
leaf_value=-1.2985497969781261 0.066577098991972353 2.5166967514285954 -0.52592997448111056 4.0368568761569321 1.5546583918895285 -0.39324141975583804 0.45023068192585464 -1.8626392961020803 0.86235481362903499 7.0648863925126459 -1.3358414118420752 0.92863203808681449 3.2343056786956947 2.3160564058783004 5.2331699250346277
leaf_weight=3691 1620 3193 3481 2260 5318 4825 2753 18358 208 15.999999999999998 2728 5466 2727 1304 452
leaf_count=3691 1620 3193 3481 2260 5318 4825 2753 18358 208 16 2728 5466 2727 1304 452
internal_value=0.000421476 2.00738 -1.24296 3.28582 1.20205 -0.444991 -0.0867714 -1.73684 -1.83203 -1.25946 -0.882041 0.731625 2.84804 1.70512 4.23919
internal_weight=58400 22340 36060 8632 13708 13787 7578 22273 18566 3707 6209 7086 5920 6622 2712
internal_count=58400 22340 36060 8632 13708 13787 7578 22273 18566 3707 6209 7086 5920 6622 2712
is_linear=0
shrinkage=0.0940712


Tree=18
num_leaves=16
num_cat=0
split_feature=1 1 1 1 1 1 1 10 6 5 8 45 6 1 1
split_gain=1.35511e+07 2.0509e+06 1.5079e+06 251782 219364 204303 199462 132492 131352 115659 102645 95231.9 49284.9 43215.2 28602.9
threshold=175.09000000000003 92.565000000000012 292.7050000000001 134.87000000000003 389.91000000000003 229.30500000000004 63.925000000000004 30.500000000000004 11.500000000000002 36.665000000000006 73.65000000000002 498.50000000000006 14.500000000000002 337.10500000000008 465.00000000000006
decision_type=2 2 2 2 2 2 2 2 2 2 2 8 2 2 2
left_child=1 6 5 10 13 11 7 -1 -8 -5 -3 -2 -7 -4 -6
right_child=2 3 4 9 14 12 8 -9 -10 -11 -12 -13 -14 -15 -16
leaf_value=-1.6393042773506277 1.1425240429693577 -0.39429208905209739 2.6254755742493168 -0.27153708634520274 3.9442797412213628 1.7513517534842138 -0.8211037160519119 -3.4903180131613607 -1.7016054116016324 0.59770395714626068 -2.5077842173477629 -1.3271375074378498 2.5453082573007171 3.1909545221298368 5.1312732007366186
leaf_weight=17316 6257 8297 2729 1942 1582 4658 4990 349 2147 4470 207 140 824 2266 226
leaf_count=17316 6257 8297 2729 1942 1582 4658 4990 349 2147 4470 207 140 824 2266 226
internal_value=0.000440316 -0.98233 2.08973 -0.110627 3.20649 1.44982 -1.50653 -1.67619 -1.08631 0.334416 -0.446203 1.08814 1.87141 2.88295 4.09702
internal_weight=58400 39718 18682 14916 6803 11879 24802 17665 7137 6412 8504 6397 5482 4995 1808
internal_count=58400 39718 18682 14916 6803 11879 24802 17665 7137 6412 8504 6397 5482 4995 1808
is_linear=0
shrinkage=0.0940712


Tree=19
num_leaves=12
num_cat=0
split_feature=8 29 44 53 63 58 10 61 50 32 28
split_gain=76074.2 101180 94478.3 92465 75728.3 143229 150692 141564 95078.6 89226.3 16784.7
threshold=85.750000000000014 203.90684134154216 486.50000000000006 26.500000000000004 38.500000000000007 0.99999998515329258 1.5000000000000002 0.99676897379684737 64.364290496189241 159.73661356750242 178.83333333333334
decision_type=2 2 10 2 2 2 2 2 2 2 2
left_child=4 2 3 -2 5 9 -7 10 -9 -1 -6
right_child=1 -3 -4 -5 7 6 -8 8 -10 -11 -12
leaf_value=-0.45752102070196143 5.1557869364201254 -6.8631693130954483 4.7918517004064229 -1.1001020751750297 -8.5958991006881256 -1.1068422609386257 0.28219030407698459 -1.2602864421410986 -0.053656700192543427 1.9887093823328346 -3.5527459391769112
leaf_weight=3925 20 23 25 720 15.000000000000002 714 20279 587 31942 135 14.999999999999998
leaf_count=3925 20 23 25 720 15 714 20279 587 31942 135 15
internal_value=0.000420755 -0.916698 -0.724136 -0.920354 0.0129915 0.135941 0.234863 -0.0816116 -0.0754942 -0.375416 -6.37883
internal_weight=58400 788 765 740 57612 25053 20993 32559 32529 4060 30
internal_count=58400 788 765 740 57612 25053 20993 32559 32529 4060 30
is_linear=0
shrinkage=0.0940712


Tree=20
num_leaves=16
num_cat=0
split_feature=1 1 1 1 1 1 56 38 3 61 63 5 59 1 1
split_gain=1.11369e+07 1.93041e+06 914647 285508 285125 176479 142823 132899 149707 129070 110346 99001.5 61341.4 53073.9 46934.1
threshold=144.08500000000004 266.04500000000007 73.395000000000024 355.01500000000004 194.00500000000002 109.25500000000001 -304.49999999999994 102.83999939791705 17.500000000000004 5.4647009966777418 118.50000000000001 88.555000000000021 2.9849999999999999 414.02500000000003 309.25500000000005
decision_type=2 2 2 2 2 2 8 2 2 2 2 2 2 2 2
left_child=2 4 7 14 11 6 -4 8 -1 -9 -7 -2 -6 -5 -3
right_child=1 3 5 13 12 10 -8 9 -10 -11 -12 -13 -14 -15 -16
leaf_value=-1.3743917841661921 0.37106228286829496 2.038398761866687 0.91238941788439287 3.1028503356561972 1.1981052699317654 -0.44174247636381886 -0.87754677723582653 -1.5278025793897549 -0.33368957678695704 -2.3324163250473977 0.35726080306070795 1.4010446633235618 1.8789432789460907 3.9223056890324175 2.5881268134721207
leaf_weight=6162 6366 3194 414 2036 5835 3935 7873 10370 1528 2135 2500 948 1474 1130 2500
leaf_count=6162 6366 3194 414 2036 5835 3935 7873 10370 1528 2135 2500 948 1474 1130 2500
internal_value=0.000353066 1.58436 -1.06497 2.68002 0.920289 -0.500983 -0.787955 -1.47604 -1.16773 -1.66546 -0.131298 0.504851 1.3358 3.39716 2.28043
internal_weight=58400 23483 34917 8860 14623 14722 8287 20195 7690 12505 6435 7314 7309 3166 5694
internal_count=58400 23483 34917 8860 14623 14722 8287 20195 7690 12505 6435 7314 7309 3166 5694
is_linear=0
shrinkage=0.0940712


Tree=21
num_leaves=16
num_cat=0
split_feature=1 1 1 1 1 1 39 47 58 38 63 1 51 1 1
split_gain=9.16021e+06 1.38772e+06 1.01644e+06 219959 149925 143919 118646 114410 112242 102324 94089.3 86967.8 48359.7 29942.6 22658.1
threshold=175.09000000000003 103.92500000000003 292.7050000000001 63.925000000000004 389.91000000000003 236.04500000000004 486.50000000000006 248.16666666666671 2.6899029049270324 108.90521520784414 281.50000000000006 142.77500000000003 287.23214285714295 324.31000000000006 465.00000000000006
decision_type=2 2 2 2 2 2 2 2 2 2 2 2 2 2 2
left_child=1 3 5 6 13 10 -1 -5 11 -10 -2 -3 -7 -4 -6
right_child=2 8 4 7 14 12 -8 -9 9 -11 -12 -13 -14 -15 -16
leaf_value=-1.39798277588376 0.98403208762229566 -0.12348480210589852 2.0856547678913211 -0.39726115887637686 3.2363909239118716 1.8150413469900752 1.8149149468253014 -1.0683358209076126 -0.0095829716842493248 -2.2216111494793607 -0.99553032516605267 0.39955015932631549 1.1895153818970148 2.5620081503793402 4.2857400607667815
leaf_weight=17564 6865 6901 2047 3565 1582 3073 101 6101 374 365 218 4747 1723 2948 226
leaf_count=17564 6865 6901 2047 3565 1582 3073 101 6101 374 365 218 4747 1723 2948 226
internal_value=0.000347836 -0.807664 1.71811 -1.18199 2.63501 1.19273 -1.37945 -0.820948 0.0182904 -1.10468 0.922881 0.0896858 1.5908 2.36753 3.37121
internal_weight=58400 39718 18682 27331 6803 11879 17665 9666 12387 739 7083 11648 4796 4995 1808
internal_count=58400 39718 18682 27331 6803 11879 17665 9666 12387 739 7083 11648 4796 4995 1808
is_linear=0
shrinkage=0.0940712


Tree=22
num_leaves=16
num_cat=0
split_feature=1 1 1 1 1 1 28 1 26 1 52 39 56 52 1
split_gain=7.51873e+06 1.14561e+06 834827 141427 130449 120714 151965 121460 118633 112317 93471.1 93158.6 54480.8 33892 21522.7
threshold=175.09000000000003 92.565000000000012 289.34500000000008 127.29500000000002 383.81500000000005 46.045000000000009 27.166666666666668 9.2150000000000016 172.50000000000003 215.95500000000001 97.177022111044181 287.50000000000006 391.50000000000006 156.40811119923322 447.3300000000001
decision_type=2 2 2 2 2 2 2 2 10 2 2 2 10 2 2
left_child=1 5 9 8 13 7 -7 -1 -3 10 -2 -5 -11 -4 -6
right_child=2 3 4 11 14 6 -8 -9 -10 12 -12 -13 -14 -15 -16
leaf_value=-0.64490051566406237 -1.2236474651286298 -0.63930477142489506 2.1629145926239994 1.7230433056938519 2.830610154564539 2.0553792530639527 -0.95268841430654549 -1.45871024474916 0.19156406389517783 1.3466025073172438 0.81596229858032543 0.12744671946786065 -1.6457085006519057 1.0391476345948052 3.5936650993336525
leaf_weight=1927 206 4928 4743 337 1582 149 12297 10429 2198 6572 4819 7453 53 255 452
leaf_count=1927 206 4928 4743 337 1582 149 12297 10429 2198 6572 4819 7453 53 255 452
internal_value=0.000345903 -0.731698 1.55661 -0.0801968 2.36601 -1.12348 -0.916413 -1.3319 -0.383021 1.06779 0.731969 0.196821 1.32226 2.10595 3.00287
internal_weight=58400 39718 18682 14916 7032 24802 12446 12356 7126 11650 5025 7790 6625 4998 2034
internal_count=58400 39718 18682 14916 7032 24802 12446 12356 7126 11650 5025 7790 6625 4998 2034
is_linear=0
shrinkage=0.0940712


Tree=23
num_leaves=12
num_cat=0
split_feature=30 34 6 52 34 45 40 54 43 67 40
split_gain=68467.8 73029.9 139134 106924 84997.4 123959 66986.6 61432 48079 34663.2 29584.1
threshold=483.50000000000006 186.39285714285717 1.5000000000000002 132.63451600230135 170.74603174603178 72.500000000000014 211.05117039795911 114.50000000000001 420.50000000000006 1.5000000000000002 193.68450928989526
decision_type=2 2 2 2 2 10 2 2 8 2 2
left_child=1 4 8 -4 6 -6 -1 -2 -3 -9 -11
right_child=7 2 3 -5 5 -7 -8 9 -10 10 -12
leaf_value=-0.00049871682177566516 -6.3719037990380878 -5.8487477748024563 0.9982410226689592 -0.213747107354473 1.7616189355680083 -0.53808713688613008 0.79828796228800281 1.4849569070315261 -0.27564834946835381 -5.5340546312750716 -0.44547345675387473
leaf_weight=50205 25 39 1799 1002 217 4079 945 28 21 17 23
leaf_count=50205 25 39 1799 1002 217 4079 945 28 21 17 23
internal_value=0.000337415 0.00444135 0.467782 0.564755 -0.0194771 -0.421297 0.0142804 -2.52891 -3.95668 -1.00291 -2.73782
internal_weight=58400 58307 2861 2801 55446 4296 51150 93 60 68 40
internal_count=58400 58307 2861 2801 55446 4296 51150 93 60 68 40
is_linear=0
shrinkage=0.0940712


Tree=24
num_leaves=16
num_cat=0
split_feature=1 1 1 1 1 5 52 44 52 7 11 8 42 57 1
split_gain=6.18198e+06 1.08355e+06 523266 189367 135587 117482 133834 103708 102477 93185.9 101124 86666.8 67318.4 46713.3 43803.1
threshold=144.08500000000004 257.83500000000009 81.75500000000001 337.10500000000008 194.00500000000002 97.425000000000026 151.53599107801583 80.500000000000014 137.68077027962983 207.50000000000003 28.500000000000004 72.15000000000002 498.50000000000006 -369.49999999999994 405.89500000000004
decision_type=2 2 2 2 2 2 2 10 2 2 2 2 2 8 2
left_child=2 4 5 13 8 7 -7 -1 -2 11 -11 -4 -6 -3 -5
right_child=1 3 9 14 12 6 -8 -9 -10 10 -12 -13 -14 -15 -16
leaf_value=-0.38501454367082744 0.13327879073276092 -1.2687317159757914 -0.39104608481421377 2.2170266025639358 0.98066949191109376 0.4891144715934081 -3.930846233018336 -1.1669662423168292 0.89131619311050747 0.75299059790399514 -0.44639790613767222 -2.0889278744431055 -3.3115022727451318 1.6162050877738019 2.8795964132701752
leaf_weight=1626 5011 49 9869 2718 6593 678 65 19904 2303 1357 1146 272 31 5422 1356
leaf_count=1626 5011 49 9869 2718 6593 678 65 19904 2303 1357 1146 272 31 5422 1356
internal_value=0.000268975 1.18043 -0.793445 1.95255 0.651494 -1.06782 0.0948403 -1.10795 0.372123 -0.310046 0.203864 -0.436913 0.959788 1.58999 2.43861
internal_weight=58400 23483 34917 9545 13938 22273 743 21530 7314 12644 2503 10141 6624 5471 4074
internal_count=58400 23483 34917 9545 13938 22273 743 21530 7314 12644 2503 10141 6624 5471 4074
is_linear=0
shrinkage=0.0940712


Tree=25
num_leaves=16
num_cat=0
split_feature=1 1 1 1 1 38 1 59 2 58 71 48 25 20 1
split_gain=5.08347e+06 732984 583926 119846 111206 113870 107187 98110 107883 94734.5 92767 68328.7 56667.3 35636.4 20635.9
threshold=158.51000000000002 280.16500000000002 81.75500000000001 209.97500000000002 111.62500000000001 90.463192988718731 371.74500000000006 4.8699999999999948 98.00500000000001 0.99999997539067353 177.50000000000003 57.454329688892678 391.50000000000006 -0.40966402954315195 465.00000000000006
decision_type=2 2 2 2 2 2 2 2 2 2 2 2 8 2 2
left_child=2 3 7 11 5 -4 13 8 -1 -6 -9 -2 -5 -3 -8
right_child=1 6 4 12 9 -7 14 10 -10 -11 -12 -13 -14 -15 -16
leaf_value=-0.97633772793358797 -0.23803226655026199 1.9727056985086584 -1.4836883162437606 1.0893489904969933 -0.91358324926017975 -0.34011535249939229 2.3138291482385802 -0.11164810441299583 0.42290283186371169 0.13189571093858177 -3.7852030156315402 0.59306135958100425 -0.23449415509708699 1.4607619003297083 3.2780749676865248
leaf_weight=21486 1029 1939 888 6326 854 5779 2260 87 498 7407 202 5828 299 3292 226
leaf_count=21486 1029 1939 888 6326 854 5779 2260 87 498 7407 202 5828 299 3292 226
internal_value=0.000235854 1.16284 -0.662293 0.744187 -0.207004 -0.492762 1.89394 -0.967399 -0.944607 0.0236494 -2.6863 0.468299 1.02954 1.65108 2.40354
internal_weight=58400 21199 37201 13482 14928 6667 7717 22273 21984 8261 289 6857 6625 5231 2486
internal_count=58400 21199 37201 13482 14928 6667 7717 22273 21984 8261 289 6857 6625 5231 2486
is_linear=0
shrinkage=0.0940712


Tree=26
num_leaves=16
num_cat=0
split_feature=1 1 1 1 57 31 58 58 26 1 63 1 10 11 1
split_gain=4.18425e+06 654147 471295 134495 162386 116986 101858 87854 81673.8 69897.5 73980 69438.9 49766.8 23674.3 11311.1
threshold=175.09000000000003 109.25500000000001 292.7050000000001 53.705000000000005 -188.49999999999997 210.92857142857147 3.1149099947702972 0.99999997539067353 258.50000000000006 240.66500000000002 281.50000000000006 397.30000000000001 1.5000000000000002 12.500000000000002 465.00000000000006
decision_type=2 2 2 2 8 2 2 2 10 2 2 2 2 2 2
left_child=1 3 9 5 -5 -1 7 -3 -8 10 -2 13 -11 -4 -13
right_child=2 6 11 4 -6 -7 8 -9 -10 12 -12 14 -14 -15 -16
leaf_value=-1.0406102801746842 0.68259556047807579 -0.64810137059589701 1.2468870824500189 0.32839347552356879 -0.69001079045003377 0.26504689806179565 -0.72933518511364015 0.21937113541331671 -4.0700263799777883 -0.59124514144384266 -1.0187668387555966 2.2233596622873693 1.1639728652755881 1.7286745940604384 2.9718184787601953
leaf_weight=14030 7307 1157 1194 1561 12257 634 463 9542 74 147 232 1356 4193 4027 226
leaf_count=14030 7307 1157 1194 1561 12257 634 463 9542 74 147 232 1356 4193 4027 226
internal_value=0.00022146 -0.54588 1.16119 -0.785654 -0.57493 -0.984129 0.0619334 0.125469 -1.20039 0.803433 0.630022 1.78554 1.1043 1.61892 2.33319
internal_weight=58400 39718 18682 28482 13818 14664 11236 10699 537 11879 7539 6803 4340 5221 1582
internal_count=58400 39718 18682 28482 13818 14664 11236 10699 537 11879 7539 6803 4340 5221 1582
is_linear=0
shrinkage=0.0940712


Tree=27
num_leaves=16
num_cat=0
split_feature=1 1 1 38 53 8 1 1 37 47 39 42 59 41 1
split_gain=3.45586e+06 612368 295535 112417 132464 128103 102638 86566.6 84305.9 109492 104684 84156 56999.4 41122.7 25453.9
threshold=142.77500000000003 263.25500000000005 73.395000000000024 102.83999939791705 178.50000000000003 89.050000000000011 337.10500000000008 201.84500000000003 148.62175324675329 349.83333333333343 378.50000000000006 242.50000000000003 2.9849999999999999 82.857489181270282 434.28000000000003
decision_type=2 2 2 2 2 2 2 2 2 2 2 2 2 2 2
left_child=2 7 3 4 -1 -5 13 11 9 -4 -10 -2 -9 -3 -8
right_child=1 6 8 5 -6 -7 14 12 10 -11 -12 -13 -14 -15 -16
leaf_value=-0.39990444253716217 0.64378970094856713 2.9253500111132174 -0.29605350100281552 -0.97181740665219374 -1.5816141684190568 -3.7716768065284554 1.7257680033662881 0.62385105310463684 -1.0482310472234724 -1.1914807617889729 0.28591670943143183 0.044583076378798964 1.3415250071764457 1.1534190906073554 2.3643921937156591
leaf_weight=6732 3645 118 8997 12360 958 145 3396 4943 610 1395 3492 4812 1223 4896 678
leaf_count=6732 3645 118 8997 12360 958 145 3396 4943 610 1395 3492 4812 1223 4896 678
internal_value=0.000205963 0.87546 -0.598066 -0.830675 -0.547426 -1.00476 1.48184 0.49848 -0.273901 -0.416427 0.0871642 0.30293 0.766523 1.19604 1.83294
internal_weight=58400 23711 34689 20195 7690 12505 9088 14623 14494 10392 4102 8457 6166 5014 4074
internal_count=58400 23711 34689 20195 7690 12505 9088 14623 14494 10392 4102 8457 6166 5014 4074
is_linear=0
shrinkage=0.0940712


Tree=28
num_leaves=16
num_cat=0
split_feature=1 1 1 1 64 64 49 44 44 44 25 23 26 8 1
split_gain=2.83672e+06 506792 242572 110870 108004 165198 136284 93311.8 229393 121060 68677.4 89033.4 75955 38293.5 25176.4
threshold=142.77500000000003 247.57000000000002 73.395000000000024 324.31000000000006 0.15678704305202859 0.33368794326241141 245.6428571428572 80.500000000000014 56.500000000000007 181.50000000000003 146.50000000000003 83.500000000000014 228.50000000000003 36.050000000000004 405.89500000000004
decision_type=2 2 2 2 2 2 2 10 8 8 10 10 8 2 2
left_child=2 10 7 13 6 -6 -4 8 -1 -9 12 -12 -2 -3 -5
right_child=1 3 4 14 5 -7 -8 9 -10 -11 11 -13 -14 -15 -16
leaf_value=-2.4168129407246517 0.39936597924184331 1.1086113569473794 4.1375895697588385 1.4797183578444788 -1.155527160045543 -0.17884442988017213 0.35150648356948261 -1.228034474829014 0.53039668283448205 -0.67262529374177171 1.1505246674030449 0.34305035047642601 -0.27064677535337922 0.44136375039288267 1.9637092880099698
leaf_weight=288 6336 4793 99 3400 1753 12124 518 4615 1210 14082 2090 2868 1959 909 1356
leaf_count=288 6336 4793 99 3400 1753 12124 518 4615 1210 14082 2090 2868 1959 909 1356
internal_value=0.000191437 0.793175 -0.541845 1.28273 -0.248158 -0.302348 0.968113 -0.752583 -0.0380653 -0.809815 0.406751 0.683714 0.241095 1.00241 1.61834
internal_weight=58400 23711 34689 10458 14494 13877 617 20195 1498 18697 13253 4958 8295 5702 4756
internal_count=58400 23711 34689 10458 14494 13877 617 20195 1498 18697 13253 4958 8295 5702 4756
is_linear=0
shrinkage=0.0940712


Tree=29
num_leaves=13
num_cat=0
split_feature=33 50 53 32 32 45 22 37 28 45 53 7
split_gain=62621.5 103058 142385 110553 107672 172668 100298 78286.4 83662.2 154192 66529.8 58074.3
threshold=248.50000000000003 160.71003168802358 29.500000000000004 35.379903716484655 94.508880912920958 343.50000000000006 29.500000000000004 80.535714285714292 32.500000000000007 163.50000000000003 20.500000000000004 204.50000000000003
decision_type=2 2 2 2 2 8 2 2 2 10 2 2
left_child=1 4 11 -4 6 -6 -1 -2 9 -9 -10 -3
right_child=7 2 3 -5 5 -7 -8 8 10 -11 -12 -13
leaf_value=-0.48070358045159406 -5.3687007141980798 -0.90083732528916949 5.1816347947001935 1.0667341533116552 2.9612206140388917 -0.77582045085107487 0.1657252608096213 -1.5646027596575698 -1.6620596212043928 1.9135094258751324 -0.063079501802579582 -6.3804572661797643
leaf_weight=2596 23 47 60 988 280 178 11650 149 230 450 41723 26
leaf_count=2596 23 47 60 988 280 178 11650 149 230 450 41723 26
internal_value=0.000189092 0.15996 1.02877 1.3098 0.0936131 1.51086 0.0478801 -0.0591981 -0.0561284 1.04631 -0.0719102 -2.94692
internal_weight=58400 15825 1121 1048 14704 458 14246 42575 42552 599 41953 73
internal_count=58400 15825 1121 1048 14704 458 14246 42575 42552 599 41953 73
is_linear=0
shrinkage=0.0940712


Tree=30
num_leaves=16
num_cat=0
split_feature=27 53 53 38 38 46 8 29 51 55 46 45 8 52 22
split_gain=61630.4 115010 131402 121601 110454 84939 69381.8 152791 121477 90552.3 132574 78865.3 71774.9 55467.8 51449.6
threshold=357.50000000000006 31.500000000000004 40.500000000000007 141.13075806853888 108.12891580732925 263.50000000000006 62.45000000000001 52.041649986654015 335.60714285714295 300.50000000000006 114.50000000000001 335.50000000000006 66.250000000000014 105.6469862944178 91.500000000000014
decision_type=10 2 2 2 2 10 2 2 2 10 8 10 2 2 2
left_child=6 4 13 -4 14 -6 9 8 -8 11 -11 -1 -9 -3 -2
right_child=1 2 3 -5 5 -7 7 12 -10 10 -12 -13 -14 -15 -16
leaf_value=0.11903271811833809 6.2088744795749413 -1.8722409958745452 0.32362833391196311 4.1835260087875268 -4.7221454114568298 -0.51878842420400195 0.43856158329692058 -2.3122570552916497 6.8190018919611513 -2.0451273712172418 -0.24742413438311145 -0.12716974913780182 -0.69915730749302885 4.0097343578998776 -0.39129291572680408
leaf_weight=32290 18 14.999999999999998 2334 73 88 82 642 291 26 421 2583 17892 1496 127 22
leaf_count=32290 18 15 2334 73 88 82 642 291 26 421 2583 17892 1496 127 22
internal_value=0.000155633 0.434009 0.60865 0.443381 -1.67405 -2.71855 -0.0213666 -0.510144 0.702413 0.00120665 -0.500339 0.0312474 -0.963699 3.37391 2.69742
internal_weight=58400 2759 2549 2407 210 170 55641 2455 668 53186 3004 50182 1787 142 40
internal_count=58400 2759 2549 2407 210 170 55641 2455 668 53186 3004 50182 1787 142 40
is_linear=0
shrinkage=0.0940712


Tree=31
num_leaves=16
num_cat=0
split_feature=1 1 1 6 28 61 58 55 26 24 26 1 1 25 1
split_gain=2.35311e+06 380447 263895 131524 259080 161202 82769.6 78787.5 70811.2 66371.6 62134.3 55958.9 28373.3 20377.3 9097.06
threshold=175.09000000000003 109.25500000000001 309.25500000000005 11.500000000000002 23.500000000000004 5.1209508881922678 3.1149099947702972 -349.49999999999994 316.50000000000006 139.50000000000003 460.50000000000006 179.88500000000002 389.91000000000003 391.50000000000006 465.00000000000006
decision_type=2 2 2 2 2 2 2 8 10 8 10 2 2 10 2
left_child=1 3 9 5 -5 -1 7 -3 -8 10 -2 -11 13 -4 -14
right_child=2 6 12 4 -6 -7 8 -9 -10 11 -12 -13 14 -15 -16
leaf_value=-0.33239763686388663 0.82813735143936762 -1.4413354903434721 1.296055333491049 4.9025237177539767 -0.9473599727533657 -1.0211164970316242 -0.78541840235139126 0.15338846840195569 -5.0268800294450591 -0.96266048034788165 -3.5709025698293915 0.44905384048920099 1.631775803004613 -0.075607524696271591 2.287412080291054
leaf_weight=16255 7737 280 3760 66 8471 3690 501 10419 36 260 27 4992 1582 98 226
leaf_count=16255 7737 280 3760 66 8471 3690 501 10419 36 260 27 4992 1582 98 226
internal_value=0.000163436 -0.409366 0.870793 -0.592223 -0.901231 -0.459893 0.0541624 0.111437 -1.08375 0.637374 0.812108 0.378878 1.40666 1.26116 1.7157
internal_weight=58400 39718 18682 28482 8537 19945 11236 10699 537 13016 7764 5252 5666 3858 1808
internal_count=58400 39718 18682 28482 8537 19945 11236 10699 537 13016 7764 5252 5666 3858 1808
is_linear=0
shrinkage=0.0940712


Tree=32
num_leaves=16
num_cat=0
split_feature=1 1 1 38 2 48 47 26 43 39 10 40 1 33 1
split_gain=1.93444e+06 359982 185186 109657 98325.8 96998.2 151470 115927 84579.9 56716.9 54052.1 48279.9 21507.5 18409.4 6802.77
threshold=185.08500000000004 109.25500000000001 312.98500000000007 128.27889744026666 30.345000000000002 61.554853586049326 426.50000000000006 1.5000000000000002 186.50000000000003 332.50000000000006 5.5000000000000009 99.823584803285073 397.30000000000001 184.50000000000003 465.00000000000006
decision_type=2 2 2 2 2 2 2 8 8 2 2 2 2 2 2
left_child=1 5 9 8 -5 7 -7 -1 -3 11 -11 -2 13 -4 -14
right_child=2 3 12 4 -6 6 -8 -9 -10 10 -12 -13 14 -15 -16
leaf_value=4.9190090908435966 0.43130125862993546 0.36505792800679565 0.49978454418073082 -0.80344709036079698 1.4233134535673166 -0.59818226767178451 -3.99863091068389 -0.19423152797403248 -0.18737174684725655 0.044251627249068094 0.63613085006933845 1.4889646532162542 1.4983950566381026 1.2314233983436396 2.073708936457118
leaf_weight=38 582 3537 337 219 863 23533 115 4796 7990 1626 8541 1121 1356 3520 226
leaf_count=38 582 3537 337 219 863 23533 115 4796 7990 1626 8541 1121 1356 3520 226
internal_value=0.000140872 -0.351248 0.834291 0.067213 0.971986 -0.536499 -0.614987 -0.152435 -0.0178241 0.625843 0.541506 1.12831 1.28887 1.16776 1.58263
internal_weight=58400 41091 17309 12609 1082 28482 23648 4834 11527 11870 10167 1703 5439 3857 1582
internal_count=58400 41091 17309 12609 1082 28482 23648 4834 11527 11870 10167 1703 5439 3857 1582
is_linear=0
shrinkage=0.0940712


Tree=33
num_leaves=16
num_cat=0
split_feature=1 1 1 45 6 39 2 28 27 57 29 22 1 57 1
split_gain=1.60126e+06 329173 134013 123908 135203 103213 100150 189149 123503 78161.7 112960 90369.9 57377.7 38698.3 11292.3
threshold=134.87000000000003 247.57000000000002 68.975000000000009 78.500000000000014 13.500000000000002 486.50000000000006 83.145000000000024 174.16666666666671 446.50000000000006 -115.49999999999999 32.807519463277494 270.50000000000006 346.34500000000008 -349.49999999999994 447.3300000000001
decision_type=2 2 2 10 2 2 2 2 10 10 2 2 2 8 2
left_child=2 9 3 4 -1 -5 8 -8 -4 10 -2 -11 13 -3 -14
right_child=1 12 6 5 -6 -7 7 -9 -10 11 -12 -13 14 -15 -16
leaf_value=0.64606663916654972 1.1096612155777341 -1.0430058644205209 -0.30456431319240235 -0.67911256733853165 -1.6271657656016243 2.2861360186303452 0.7694022723718108 -0.99675251529308029 -3.9133472211255174 0.51947690517969614 -0.3653049283631486 -0.18160288396034652 1.2094738908516094 0.83682814299677966 1.7184370502003048
leaf_weight=1241 549 97 11430 17417 283 103 2020 729 83 9342 2776 1969 3168 6741 452
leaf_count=1241 549 97 11430 17417 283 103 2020 729 83 9342 2776 1969 3168 6741 452
internal_value=0.000150843 0.567622 -0.427406 -0.590702 0.222621 -0.661471 -0.209309 0.300695 -0.331119 0.279559 -0.121325 0.397415 0.970653 0.809911 1.27377
internal_weight=58400 25094 33306 19044 1524 17520 14262 2749 11513 14636 3325 11311 10458 6838 3620
internal_count=58400 25094 33306 19044 1524 17520 14262 2749 11513 14636 3325 11311 10458 6838 3620
is_linear=0
shrinkage=0.0940712


Tree=34
num_leaves=16
num_cat=0
split_feature=1 1 1 36 52 5 56 52 24 46 20 29 1 20 23
split_gain=1.324e+06 194966 170098 135153 177822 125483 97009.8 144004 127440 47828.6 89656.4 47739 32845.3 30740.6 11845.4
threshold=167.45500000000001 68.975000000000009 271.42500000000007 461.50000000000006 145.54706387243886 47.675000000000004 157.50000000000003 133.82412190764964 6.5000000000000009 52.500000000000007 0.40966402954315223 63.976558206893422 371.74500000000006 -0.40966402954315195 10.500000000000002
decision_type=2 2 2 2 2 2 10 2 10 8 2 2 2 2 10
left_child=1 6 9 5 -5 -3 7 -1 -8 10 -2 -11 13 -4 -14
right_child=2 3 12 4 -6 -7 8 -9 -10 11 -12 -13 14 -15 -16
leaf_value=-0.19914903575961282 4.8682281235635614 -0.34133982027538851 1.1058052658823441 -0.35205432163792671 -3.0918509623500978 0.15423734483498758 -3.085806689729635 -0.79933676254900188 -0.81493595122155293 0.095702332981940502 -2.2708478983661542 0.50720393146778942 2.0759230419582009 0.66055001869201202 1.1815244992840459
leaf_weight=9373 51 7817 2183 695 299 10720 231 5683 3757 3706 21 7643 141 3735 2345
leaf_count=9373 51 7817 2183 695 299 10720 231 5683 3757 3706 21 7643 141 3735 2345
internal_value=0.000136412 -0.320965 0.624909 -0.112108 -1.17988 -0.0547505 -0.535128 -0.425762 -0.947661 0.388437 2.78028 0.372871 0.946127 0.825063 1.23357
internal_weight=58400 38575 19825 19531 994 18537 19044 15056 3988 11421 72 11349 8404 5918 2486
internal_count=58400 38575 19825 19531 994 18537 19044 15056 3988 11421 72 11349 8404 5918 2486
is_linear=0
shrinkage=0.0940712


Tree=35
num_leaves=16
num_cat=0
split_feature=1 1 8 16 18 37 6 57 1 25 46 2 1 70 31
split_gain=1.09788e+06 224055 121407 117414 199818 170852 99668.9 251599 113584 70484.9 78203.2 68243.6 47445.2 48308.7 19035.6
threshold=134.87000000000003 236.04500000000004 82.550000000000011 1.0000000180025095e-35 -0.24999999999999994 117.36607142857144 11.500000000000002 -47.499999999999993 62.355000000000011 146.50000000000003 52.500000000000007 99.045000000000016 324.31000000000006 8.5000000000000018 92.071428571428584
decision_type=2 2 2 2 2 2 2 10 2 10 8 2 2 2 2
left_child=2 9 6 4 -4 -5 8 -8 -1 10 -2 -11 13 -3 -14
right_child=1 12 3 5 -6 -7 7 -9 -10 11 -12 -13 14 -15 -16
leaf_value=-0.42785035824294143 3.4989434124905876 0.71187191667781491 -3.7043566751268182 2.1447054593286348 1.3547678142462298 -4.7464713665645704 0.040852304463961521 -0.94651403031727366 -0.0095326625635551374 0.52251586637772396 0.019656274873942788 -2.9516938711901179 0.5232921595730492 -0.02540948919359003 1.0760579831690038
leaf_weight=11817 56 5937 110 38 180 172 3616 6196 11177 4990 8400 49 643 906 4113
leaf_count=11817 56 5937 110 38 180 172 3616 6196 11177 4990 8400 49 643 906 4113
internal_value=0.000122606 0.470007 -0.353908 -1.8066 -0.573339 -3.49227 -0.331678 -0.58268 -0.224533 0.209357 0.0433545 0.487803 0.773183 0.614255 1.00155
internal_weight=58400 25094 33306 500 290 210 32806 9812 22994 13495 8456 5039 11599 6843 4756
internal_count=58400 25094 33306 500 290 210 32806 9812 22994 13495 8456 5039 11599 6843 4756
is_linear=0
shrinkage=0.0940712


Tree=36
num_leaves=16
num_cat=0
split_feature=1 1 45 43 55 1 41 48 29 26 6 59 5 51 53
split_gain=912961 175073 109187 224569 88365.7 84041.8 65573.5 81885.3 69807.5 53840.3 69953.2 66310 19811.1 23397.4 21426.6
threshold=185.08500000000004 101.70500000000001 452.50000000000006 112.50000000000001 380.50000000000006 292.7050000000001 194.53676974801598 185.04864225386794 34.004901607465463 272.50000000000006 6.5000000000000009 1.6300000000000001 70.165000000000006 219.80194805194807 51.500000000000007
decision_type=2 2 10 10 10 2 2 2 2 10 2 2 2 2 2
left_child=1 2 4 -4 -1 9 8 -8 -3 11 -11 -2 14 -14 -7
right_child=5 6 3 -5 -6 12 7 -9 -10 10 -12 -13 13 -15 -16
leaf_value=-0.29953535500451978 0.30687148266963021 0.52774194232664073 1.2129568027289324 -1.2765183936559832 -2.0449346390629466 1.3830767509320006 1.5675508699283056 -2.6441606359721148 -0.094093047631349624 0.73422733378850957 -0.65615902936875226 0.8422385268535747 -0.53991874769606651 0.6824605500421097 0.84814211555815355
leaf_weight=23854 6033 1843 369 2390 258 813 403 44 11930 506 866 3101 147 2122 3721
leaf_count=23854 6033 1843 369 2390 258 813 403 44 11930 506 866 3101 147 2122 3721
internal_value=0.000103934 -0.241295 -0.382542 -0.943022 -0.318348 0.573154 0.0256194 1.14493 -0.0108242 0.406228 -0.143034 0.488756 0.83077 0.602895 0.944533
internal_weight=58400 41091 26871 2759 24112 17309 14220 447 13773 10506 1372 9134 6803 2269 4534
internal_count=58400 41091 26871 2759 24112 17309 14220 447 13773 10506 1372 9134 6803 2269 4534
is_linear=0
shrinkage=0.0940712


Tree=37
num_leaves=16
num_cat=0
split_feature=1 1 25 1 47 5 51 36 1 10 44 59 31 7 48
split_gain=749363 146050 98730.9 144029 114126 77092.4 193800 80891.8 71132.2 54753.4 57898 54869.1 15282.4 16588.8 12531.2
threshold=185.08500000000004 92.565000000000012 123.50000000000001 5.3650000000000011 143.50000000000003 19.715000000000003 326.03571428571433 469.50000000000006 324.31000000000006 4.5000000000000009 112.50000000000001 1.339999999999993 92.071428571428584 200.50000000000003 182.36958810566927
decision_type=2 2 10 2 2 2 2 2 2 2 8 2 2 2 2
left_child=1 2 4 -4 -1 6 -3 -7 9 10 -2 -11 14 -14 -10
right_child=8 5 3 -5 -6 7 -8 -9 12 11 -12 -13 13 -15 -16
leaf_value=1.0903915866983953 1.3107592820925058 -0.86225465238367316 0.94981639009554863 -0.6510100239812141 -0.25255711127388986 0.11186664351615772 2.7755722348262299 -1.1812300499819239 0.24759093953503955 0.31815375960043096 -0.31949677343910537 0.75676978141210827 1.7641198796550439 0.85400481779490534 1.5314627315993117
leaf_weight=583 221 1664 521 10376 13322 14046 139 440 568 6914 1439 3979 186 3927 75
leaf_count=583 221 1664 521 10376 13322 14046 139 440 568 6914 1439 3979 186 3927 75
internal_value=9.57441e-05 -0.218607 -0.362327 -0.574336 -0.196126 0.000229699 -0.579572 0.0724581 0.519269 0.40178 -0.101353 0.478469 0.829109 0.895847 0.400886
internal_weight=58400 41091 24802 10897 13905 16289 1803 14486 17309 12553 1660 10893 4756 4113 643
internal_count=58400 41091 24802 10897 13905 16289 1803 14486 17309 12553 1660 10893 4756 4113 643
is_linear=0
shrinkage=0.0940712


Tree=38
num_leaves=16
num_cat=0
split_feature=1 1 8 27 39 28 6 28 24 22 26 41 1 39 58
split_gain=623503 130645 99740.7 136768 205916 124343 81582.3 170483 102043 66645.6 106102 70051.7 29787.3 33519.8 7911.17
threshold=134.87000000000003 231.55500000000004 82.550000000000011 74.500000000000014 370.50000000000006 226.16666666666671 11.500000000000002 23.500000000000004 70.500000000000014 270.50000000000006 322.50000000000006 201.63435291084269 365.31500000000005 348.50000000000006 3.7887515677716439
decision_type=2 2 2 8 2 2 2 2 8 2 10 2 2 2 2
left_child=2 9 6 4 -4 -5 8 -8 -1 11 -11 -2 13 -3 -14
right_child=1 12 3 5 -6 -7 7 -9 -10 10 -12 -13 14 -15 -16
leaf_value=0.11954746117609626 0.21064756933233489 0.84477101283051703 5.2161154457000576 -3.3259395381747963 -1.6462801143345016 2.8303019511647003 3.7577095641697933 -0.50989501547897553 -0.29549501066949885 -0.16595742571958419 -2.7828488930760837 2.7173492078130739 0.82156053343432633 0.40593520218099993 1.7292584826929991
leaf_weight=8082 11139 1948 55 293 121 31 82 9730 14912 1652 148 98 2624 7397 88
leaf_count=8082 11139 1948 55 293 121 31 82 9730 14912 1652 148 98 2624 7397 88
internal_value=0.000108989 0.354215 -0.266688 -1.58335 0.524518 -2.72578 -0.246543 -0.473625 -0.149611 0.147756 -0.38342 0.232895 0.577397 0.497552 0.852038
internal_weight=58400 25094 33306 500 176 324 32806 9812 22994 13037 1800 11237 12057 9345 2712
internal_count=58400 25094 33306 500 176 324 32806 9812 22994 13037 1800 11237 12057 9345 2712
is_linear=0
shrinkage=0.0940712


Tree=39
num_leaves=15
num_cat=0
split_feature=1 1 34 59 61 25 17 25 25 26 26 7 1 33
split_gain=518415 125030 86178.3 164313 168455 92425.7 195533 130248 73244.5 86125.3 84945.1 32616.8 27720.4 24329.9
threshold=121.19000000000001 229.30500000000004 204.67857142857147 -4.5400000000000036 1.2322763410399344 220.50000000000003 -0.22252093395631442 218.50000000000003 125.50000000000001 1.5000000000000002 216.50000000000003 200.50000000000003 389.91000000000003 260.50000000000006
decision_type=2 2 2 2 2 10 2 10 10 10 10 2 2 2
left_child=2 8 5 -4 -5 7 -7 -1 10 -10 -2 13 -13 -3
right_child=1 11 3 4 -6 6 -8 -9 9 -11 -12 12 -14 -15
leaf_value=-0.21457912774316565 0.089557016255092478 0.32849827148661226 9.0246378867406314 -1.6539557115872545 2.076509701959441 -0.012286043279360431 -1.0619843499608974 3.1128601884507838 2.5913721642483063 0.30026001673209801 -0.62997773604387652 0.4245489231336384 0.83263267346774439 1.6216102447251401
leaf_weight=23831 6833 192 20 175 271 2791 3590 103 147 6512 1842 9965 1731 397
leaf_count=23831 6833 192 20 175 271 2791 3590 103 147 6512 1842 9965 1731 397
internal_value=0.000124313 0.296005 -0.265359 1.00208 0.611816 -0.284897 -0.60299 -0.200052 0.116823 0.351452 -0.0632962 0.519605 0.485059 1.20228
internal_weight=58400 27619 30781 466 446 30315 6381 23934 15334 6659 8675 12285 11696 589
internal_count=58400 27619 30781 466 446 30315 6381 23934 15334 6659 8675 12285 11696 589
is_linear=0
shrinkage=0.0940712


Tree=40
num_leaves=16
num_cat=0
split_feature=1 1 52 10 61 52 44 45 50 25 45 25 23 39 45
split_gain=426832 108812 98823.1 87082.6 120734 208055 136533 80272.4 148468 129149 78715.7 77321.1 41246.5 41662.1 31925.4
threshold=116.11500000000002 215.95500000000001 85.401411544719224 30.500000000000004 1.4038935202728309 121.23118410664556 267.50000000000006 106.50000000000001 164.43148812082936 4.5000000000000009 359.50000000000006 125.50000000000001 8.5000000000000018 348.50000000000006 78.500000000000014
decision_type=2 2 2 2 2 2 10 8 2 8 10 8 10 2 8
left_child=3 2 10 7 6 -6 -5 8 -1 -9 -2 -4 14 -14 -3
right_child=1 12 11 4 5 -7 -8 9 -10 -11 -12 -13 13 -15 -16
leaf_value=0.024965606581890721 -1.2531466336216572 4.2692865888239089 -0.084033481097232424 -2.1342178724187018 -5.5941065433440551 -0.89142244322456288 2.9748571089316425 -1.769893365980679 2.3991065284053312 -0.25414276219587839 -6.783069919420285 0.34953079562087996 0.74402931141593354 0.32903672723908356 1.0388762692318463
leaf_weight=3346 170 27 8035 85 118 277 98 506 249 25182 25 6652 2704 10304 622
leaf_count=3346 170 27 8035 85 118 277 98 506 249 25182 25 6652 2704 10304 622
internal_value=0.000155762 0.260293 0.0843042 -0.248461 -1.39043 -2.31309 0.603126 -0.225843 0.190411 -0.284111 -2.011 0.112343 0.452027 0.415391 1.18339
internal_weight=58400 28539 14882 29861 578 395 183 29283 3595 25688 195 14687 13657 13008 649
internal_count=58400 28539 14882 29861 578 395 183 29283 3595 25688 195 14687 13657 13008 649
is_linear=0
shrinkage=0.0940712


Tree=41
num_leaves=16
num_cat=0
split_feature=1 1 64 67 52 45 43 64 25 56 47 1 23 1 28
split_gain=351735 106015 125639 151854 112402 142054 126374 97023.2 38918.2 41820.4 41538.9 54145 37641.4 37085.9 33268.8
threshold=194.00500000000002 46.045000000000009 0.14236081790216543 1.5000000000000002 161.66951765759617 72.500000000000014 460.50000000000006 0.26614436403777758 391.50000000000006 -100.49999999999999 111.50000000000001 209.97500000000002 9.5000000000000018 255.24500000000003 194.50000000000003
decision_type=2 2 2 2 2 8 10 2 8 8 2 2 8 2 2
left_child=1 4 3 -3 6 -6 -1 -4 10 13 11 -2 -12 -10 -11
right_child=8 2 7 -5 5 -7 -8 -9 9 14 12 -13 -14 -15 -16
leaf_value=-0.42246052941507789 -5.982581811623028 2.1513228802846083 -0.66023184640439592 -0.12076149365308111 3.5215986084904425 -2.9071971685139824 0.67024069546660237 -0.031902092112286097 -3.0295070514782036 0.49308206340652283 1.0662462671744566 -0.47520996000960036 0.38697476006732034 -0.33116669345925781 -1.4141989114246083
leaf_weight=11037 15.999999999999998 498 2368 543 33 264 1022 26466 80 413 759 162 14538 102 99
leaf_count=11037 16 498 2368 543 33 264 1022 26466 80 413 759 162 14538 102 99
internal_value=0.000124219 -0.142725 -0.0468595 0.967645 -0.374469 -2.17778 -0.329769 -0.0835412 0.373211 -0.315305 0.404126 -1.01868 0.420792 -1.53362 0.120867
internal_weight=58400 42231 29875 1041 12356 297 12059 28834 16169 694 15475 178 15297 182 512
internal_count=58400 42231 29875 1041 12356 297 12059 28834 16169 694 15475 178 15297 182 512
is_linear=0
shrinkage=0.0940712


Tree=42
num_leaves=16
num_cat=0
split_feature=1 1 64 58 58 11 58 47 47 1 69 57 57 59 18
split_gain=298618 79807.3 76782.2 141821 118861 100840 75238 174047 116523 63745.7 120267 58500.5 21639.2 21201.9 18905.6
threshold=116.11500000000002 268.58500000000004 56.833333333333336 1.131535657295746 0.99999998330411588 45.500000000000007 0.99999997957933406 159.83333333333334 179.16666666666671 117.27500000000002 8.5000000000000018 -115.49999999999999 -369.49999999999994 -3.1199999999999934 -0.6830127018922193
decision_type=2 2 2 2 2 2 2 2 2 2 2 8 8 2 2
left_child=2 9 6 4 -4 -5 7 -1 -8 10 -2 -11 13 -3 -14
right_child=1 12 3 5 -6 -7 8 -9 -10 11 -12 -13 14 -15 -16
leaf_value=-3.1860957487438539 2.5404778582401111 1.5641869747806052 2.816953872278424 4.5384879377634766 -4.7075039698412571 -2.6962736640985803 0.4010080780443756 -0.45688136245332672 -0.23486564018119893 -0.21514186635309959 -3.5593236238364718 0.18041523162791132 0.70851327084811411 -2.2825026903324082 0.38744119077525468
leaf_weight=219 197 15.999999999999998 30 111 44 19 2863 3334 23241 4207 32 15471 2182 46 6388
leaf_count=219 197 16 30 111 44 19 2863 3334 23241 4207 32 15471 2182 46 6388
internal_value=9.36965e-05 0.217681 -0.207857 1.604 -1.6602 3.46069 -0.220408 -0.626466 -0.1651 0.114067 1.66922 0.0958315 0.456555 -1.27378 0.469318
internal_weight=58400 28539 29861 204 74 130 29657 3553 26104 19907 229 19678 8632 62 8570
internal_count=58400 28539 29861 204 74 130 29657 3553 26104 19907 229 19678 8632 62 8570
is_linear=0
shrinkage=0.0940712


Tree=43
num_leaves=16
num_cat=0
split_feature=1 45 43 27 22 2 26 64 1 39 53 36 52 24 24
split_gain=248546 76633.7 203881 217416 110069 80364.1 152976 117020 60237 55979.4 93352.8 57546.1 17527.5 36393.4 18368.2
threshold=124.88500000000001 452.50000000000006 112.50000000000001 2.5000000000000004 376.50000000000006 65.115000000000023 13.500000000000002 0.084270135994273951 289.34500000000008 294.50000000000006 28.500000000000004 373.50000000000006 156.40811119923322 162.50000000000003 318.50000000000006
decision_type=2 10 10 10 2 2 10 2 2 2 2 2 2 8 10
left_child=1 5 3 -3 -4 7 -7 -1 9 10 -2 -11 14 -14 -10
right_child=8 2 4 -5 -6 6 -8 -9 12 11 -12 -13 13 -15 -16
leaf_value=2.3208063816675439 -2.9242642100399538 11.238459007898093 -0.78524665876976807 0.8284481790636179 -3.7525483632389203 -0.98817760167978685 0.1864070456237398 -0.27932256379808729 0.4361506553764658 -0.055376023675948453 1.0488982543570182 0.27489399863474628 0.44469293774251833 -1.5967576743860106 1.0289693501511576
leaf_weight=153 54 17 2686 421 114 1088 9866 17124 6176 10572 915 8358 245 111 500
leaf_count=153 54 17 2686 421 114 1088 9866 17124 6176 10572 915 8358 245 111 500
internal_value=7.41138e-05 -0.17945 -0.612815 1.27126 -0.908127 -0.129709 0.0696063 -0.256082 0.209852 0.12619 0.823005 0.0904492 0.446499 -0.195667 0.480799
internal_weight=58400 31469 3238 438 2800 28231 10954 17277 26931 19899 969 18930 7032 356 6676
internal_count=58400 31469 3238 438 2800 28231 10954 17277 26931 19899 969 18930 7032 356 6676
is_linear=0
shrinkage=0.0940712


Tree=44
num_leaves=14
num_cat=0
split_feature=1 1 45 26 64 45 27 7 45 20 38 38 47
split_gain=207863 76721.4 108424 104979 103862 137077 100072 33901.5 28721.6 27987.7 39172.8 33350.8 26746.5
threshold=201.84500000000003 46.045000000000009 499.50000000000006 12.500000000000002 0.14236081790216543 60.500000000000007 424.50000000000006 200.50000000000003 52.500000000000007 0.70581670320594825 127.22635069592333 120.11062746350954 173.83333333333334
decision_type=2 2 10 10 2 8 10 2 10 2 2 2 2
left_child=1 2 3 -1 5 -3 -6 8 -2 11 -11 -9 -10
right_child=7 4 -4 -5 6 -7 -8 9 12 10 -12 -13 -14
leaf_value=-1.1963249440948822 -2.9555741147168177 7.0960205126196865 5.4861057980761574 -0.2311063665254203 -0.038845554201843178 0.70036871748471408 -1.55465737019272 0.25494139457135095 -0.74290911533433535 0.14088504825433873 -0.90878845736035085 0.65231120946774812 1.2048232129900125
leaf_weight=1093 14.999999999999998 29 27 11236 29331 1041 389 8564 68 3229 347 2392 639
leaf_count=1093 15 29 27 11236 29331 1041 389 8564 68 3229 347 2392 639
internal_value=8.60213e-05 -0.105439 -0.303444 -0.316827 -0.0259636 0.883914 -0.0587706 0.298551 0.927198 0.267213 0.0386417 0.34179 1.01609
internal_weight=58400 43146 12356 12329 30790 1070 29720 15254 722 14532 3576 10956 707
internal_count=58400 43146 12356 12329 30790 1070 29720 15254 722 14532 3576 10956 707
is_linear=0
shrinkage=0.0940712


Tree=45
num_leaves=16
num_cat=0
split_feature=27 51 44 5 27 29 23 8 64 64 20 51 45 44 49
split_gain=58627 106999 98107.2 119696 90357.7 131258 129251 75920.6 62144.9 122792 119540 114800 103742 146832 89883
threshold=357.50000000000006 311.75000000000006 383.50000000000006 50.855000000000011 428.50000000000006 34.597687784013338 202.50000000000003 18.450000000000003 0.41740100931677021 0.42875939849624062 -0.51639395938746191 357.46428571428578 66.500000000000014 367.50000000000006 215.92857142857147
decision_type=10 2 10 2 10 2 10 2 2 2 2 2 10 8 2
left_child=8 4 7 -4 5 -2 -6 -3 12 10 -10 -11 13 -1 -14
right_child=1 2 3 -5 6 -7 -8 -9 9 11 -12 -13 14 -15 -16
leaf_value=2.0385125720035586 -0.99833393508019286 -0.72669756056909007 3.3338319848777807 -1.9324828639910949 -1.1633875357472421 1.3025745248366947 2.1714855175052032 -4.1958273985323782 3.6236012088593359 0.0020448030498246327 0.43879999696278144 1.7361086780817567 0.67243992616074066 -0.79350720470584801 -0.34466529874041674
leaf_weight=410 254 126 78 72 435 1561 133 100 160 42493 296 339 826 266 10851
leaf_count=410 254 126 78 72 435 1561 133 100 160 42493 296 339 826 266 10851
internal_value=9.76129e-05 0.423248 -1.04849 0.811301 0.656053 0.979923 -0.378477 -2.28052 -0.0208936 0.0322139 1.5651 0.015835 -0.206987 0.924691 -0.272627
internal_weight=58400 2759 376 150 2383 1815 568 226 55641 43288 456 42832 12353 676 11677
internal_count=58400 2759 376 150 2383 1815 568 226 55641 43288 456 42832 12353 676 11677
is_linear=0
shrinkage=0.0940712


Tree=46
num_leaves=16
num_cat=0
split_feature=1 8 34 22 24 51 18 58 39 9 1 53 25 64 16
split_gain=174702 98932.4 126332 117604 96958.1 129474 88962.7 88570.8 48592.5 48345.5 54543.6 48129.6 42743.1 65791.5 39073.5
threshold=151.15500000000003 82.550000000000011 114.25000000000001 15.500000000000002 3.5000000000000004 324.39610389610397 -0.24999999999999994 0.99999998953153646 324.50000000000006 5.5000000000000009 328.55500000000006 44.500000000000007 194.50000000000003 0.28875122392106656 0.6078576107927941
decision_type=2 2 2 2 8 2 2 2 2 2 2 2 10 2 2
left_child=1 4 3 -3 5 -1 -4 -6 12 10 -10 -11 14 -14 -2
right_child=8 2 6 -5 7 -7 -8 -9 9 11 -12 -13 13 -15 -16
leaf_value=-1.4616203786138366 0.13996393538571969 -5.725162984282127 -3.9742705109268868 2.1349956265663947 -0.36527484056205017 4.3624415177291436 -1.1162136976196042 -0.0053031287830217835 0.010826319204424098 -0.40717160500675836 0.43312197960372867 0.67687585586595578 -2.0798028108837614 1.7189856667196015 1.016190029956658
leaf_weight=695 1493 18 155 121 7795 34 256 26986 13484 425 3385 2420 43 446 644
leaf_count=695 1493 18 155 121 7795 34 256 26986 13484 425 3385 2420 43 446 644
internal_value=0.000101624 -0.127959 -1.3782 1.06394 -0.108531 -1.18107 -2.20534 -0.0859952 0.20681 0.156137 0.0956056 0.514757 0.586855 1.37913 0.404629
internal_weight=58400 36060 550 139 35510 729 411 34781 22340 19714 16869 2845 2626 489 2137
internal_count=58400 36060 550 139 35510 729 411 34781 22340 19714 16869 2845 2626 489 2137
is_linear=0
shrinkage=0.0940712


Tree=47
num_leaves=12
num_cat=0
split_feature=30 28 29 8 24 28 31 33 54 46 59
split_gain=56381 51498.7 73597.6 112089 75038.8 54035.5 96047.2 54403.7 46580.5 43878.5 34797.6
threshold=483.50000000000006 303.16666666666669 82.58530942809 15.050000000000002 31.500000000000004 283.16666666666669 160.07142857142858 479.50000000000006 114.50000000000001 167.50000000000003 2.2799999999999963
decision_type=2 2 2 2 8 2 2 2 2 10 2
left_child=1 5 4 -4 -3 7 -7 -1 -2 -10 -11
right_child=8 2 3 -5 -6 6 -8 -9 9 10 -12
leaf_value=-0.0012325355281749637 -5.6427457075883387 3.7449843827381417 3.3247039945684973 -0.11080850912245285 -1.3320113050456057 3.6146703483467149 -1.2524988015557905 1.5100883943479106 2.6037859580064264 -4.2145007905043279 1.0266703579671681
leaf_weight=57007 25 29 183 154 163 37 524 210 20 32 15.999999999999998
leaf_count=57007 25 29 183 154 163 37 524 210 20 32 16
internal_value=8.01841e-05 0.00380451 0.926382 1.76112 -0.540497 -0.00466498 -0.922125 0.00435322 -2.29509 -0.963479 -2.48759
internal_weight=58400 58307 529 337 192 57778 561 57217 93 68 48
internal_count=58400 58307 529 337 192 57778 561 57217 93 68 48
is_linear=0
shrinkage=0.0940712


Tree=48
num_leaves=16
num_cat=0
split_feature=1 55 64 51 27 49 49 49 38 1 43 1 70 49 40
split_gain=149174 82777.9 121573 148097 107996 138372 104952 101981 47007.4 79786.9 96127.8 56026.6 115385 51077.6 35439.1
threshold=121.19000000000001 99.500000000000014 33.225000000000009 251.67142857142861 11.500000000000002 249.92857142857147 376.64285714285717 357.78571428571433 119.52537863383544 185.08500000000004 188.50000000000003 131.04500000000004 2.5000000000000004 217.78571428571431 98.326130849687601
decision_type=2 8 2 2 10 2 2 2 2 2 8 2 2 2 2
left_child=1 4 7 -4 5 -1 -6 -3 9 10 -2 12 -10 -13 -11
right_child=8 2 3 -5 6 -7 -8 -9 11 14 -12 13 -14 -15 -16
leaf_value=-1.8250100542406857 0.33690743596120776 -0.34605150709570898 10.148516880807019 0.88681571560349337 -0.0036904497140026046 -0.15259180773963629 1.584281238546847 -1.9866171951768643 -1.3252199851486799 -0.064945116145623413 -0.36357963632449769 1.2264372435159652 2.419383211153836 0.22859368243802677 0.31160352838944855
leaf_weight=650 2534 8911 19 61 19083 1336 374 347 96 2793 5480 495 289 5322 10610
leaf_count=650 2534 8911 19 61 19083 1336 374 347 96 2793 5480 495 289 5322 10610
internal_value=8.0665e-05 -0.14233 -0.376076 3.24019 -0.0405123 -0.701027 0.0269515 -0.40788 0.158799 0.0927348 -0.14205 0.386834 1.48376 0.313834 0.233128
internal_weight=58400 30781 9338 80 21443 1986 19457 9258 27619 21417 8014 6202 385 5817 13403
internal_count=58400 30781 9338 80 21443 1986 19457 9258 27619 21417 8014 6202 385 5817 13403
is_linear=0
shrinkage=0.0940712


Tree=49
num_leaves=14
num_cat=0
split_feature=56 26 29 21 25 47 25 10 26 27 35 47 8
split_gain=50448.2 89225.5 81521.2 77342.8 94885 48664.2 104795 114866 103746 46385.5 98137 96033.4 32927.8
threshold=409.50000000000006 166.50000000000003 74.645830426086789 0.8542199457734333 26.500000000000004 92.166666666666671 112.50000000000001 23.500000000000004 133.50000000000003 62.500000000000007 80.566554968682837 177.50000000000003 19.050000000000004
decision_type=10 8 2 2 10 2 10 2 10 8 2 2 2
left_child=5 3 -3 4 -2 6 8 -8 -1 10 -7 -11 -4
right_child=1 2 12 -5 -6 9 7 -9 -10 11 -12 -13 -14
leaf_value=-5.445050151119168 -4.4519733759275564 1.6015747964459297 -3.6998644345718192 -4.4450648865963771 1.8605281202774904 0.72321352619999524 -1.2791991718952505 5.1539334470549534 0.18960992123214421 0.38935860301634406 0.054335497148877698 -0.093556300096126685 -8.5975383208444853
leaf_weight=73 24 17 37 29 119 2216 78 34 47 4052 15579 36074 21
leaf_count=73 24 17 37 29 119 2216 78 34 47 4052 15579 36074 21
internal_value=0.00010073 -1.33722 -4.00877 -0.14599 0.763571 0.00581881 -1.34933 0.716616 -3.26301 0.0112852 0.137694 -0.0447742 -5.65418
internal_weight=58400 247 75 172 143 58153 232 112 120 57921 17795 40126 58
internal_count=58400 247 75 172 143 58153 232 112 120 57921 17795 40126 58
is_linear=0
shrinkage=0.0940712


Tree=50
num_leaves=16
num_cat=0
split_feature=1 6 28 28 1 61 33 49 6 24 58 24 39 45 1
split_gain=123873 79318.2 188718 165845 136529 127183 220777 146506 38528.6 82154.5 76592 69701 100168 94706.4 67963.2
threshold=111.62500000000001 11.500000000000002 184.50000000000003 23.500000000000004 6.785000000000001 5.1209508881922678 478.50000000000006 199.92857142857147 9.5000000000000018 133.50000000000003 3.1149099947702972 42.500000000000007 294.50000000000006 100.50000000000001 271.42500000000007
decision_type=2 2 2 2 2 2 2 2 2 10 2 10 2 8 2
left_child=1 5 3 -3 -4 7 -7 -1 9 10 -2 13 -13 -10 -11
right_child=8 2 4 -5 -6 6 -8 -9 11 14 -12 12 -14 -15 -16
leaf_value=-1.0083895087915444 0.27514748093802993 4.4565276111616008 2.371808063725211 -0.19357697383690026 -1.3957906088262466 -0.6013000568847543 6.8468233589818723 0.14837163672673645 -1.8156056486003351 -0.36699114380027092 -0.94670295199699972 1.9246022804053147 0.32993881010344056 0.03599288862269736 0.25979531394363914
leaf_weight=1032 10021 67 88 6748 1772 3714 34 15485 272 5355 474 362 8538 2296 2142
leaf_count=1032 10021 67 88 6748 1772 3714 34 15485 272 5355 474 362 8538 2296 2142
internal_value=4.56778e-05 -0.13818 -0.376184 -0.146832 -1.21563 -0.0362678 -0.530878 0.0759998 0.135836 0.0499299 0.219819 0.270576 0.395141 -0.161062 -0.187876
internal_weight=58400 28940 8675 6815 1860 20265 3748 16517 29460 17992 10495 11468 8900 2568 7497
internal_count=58400 28940 8675 6815 1860 20265 3748 16517 29460 17992 10495 11468 8900 2568 7497
is_linear=0
shrinkage=0.0940712


Tree=51
num_leaves=15
num_cat=0
split_feature=27 38 39 51 24 0 32 49 21 57 22 55 20 43
split_gain=48689 99402.2 134139 96711.8 127329 97533.2 96274.5 53517.7 95271.3 87123.9 71222.1 55958.1 93977.6 72626.3
threshold=357.50000000000006 141.13075806853888 473.50000000000006 311.75000000000006 349.50000000000006 160.50000000000003 130.33455119329656 157.6428571428572 -0.95297903005573326 32.500000000000007 34.500000000000007 300.50000000000006 0.8542199457734333 74.500000000000014
decision_type=10 2 2 2 10 2 2 2 2 8 2 8 2 8
left_child=7 3 6 5 -5 -2 -3 8 10 -10 -1 13 -13 -9
right_child=1 2 -4 4 -6 -7 -8 11 9 -11 -12 12 -14 -15
leaf_value=-1.5031448151917379 0.18002634201808951 0.18932363376730318 -1.6128861535962578 -1.6613909341867215 4.8881453057265363 1.6477656337237667 8.6479976399620462 0.56036339067500607 -2.5272944127374215 0.36173214691196548 6.6529804224113187 -0.17305717124682332 -1.5702131566623856 -0.0096723204858239556
leaf_weight=14.999999999999998 1801 17 29 332 27 514 39 2058 254 144 22 2773 502 49873
leaf_count=15 1801 17 29 332 27 514 39 2058 254 144 22 2773 502 49873
internal_value=6.75413e-05 0.385689 3.52348 0.283901 -1.14942 0.506854 6.15717 -0.0190618 -1.05653 -1.48437 3.41619 -0.0108551 -0.387901 0.0129317
internal_weight=58400 2759 85 2674 359 2315 56 55641 435 398 37 55206 3275 51931
internal_count=58400 2759 85 2674 359 2315 56 55641 435 398 37 55206 3275 51931
is_linear=0
shrinkage=0.0940712


Tree=52
num_leaves=15
num_cat=0
split_feature=1 44 17 2 2 57 31 5 36 1 42 52 29 50
split_gain=105753 82500.3 200411 160016 126401 163383 106714 98535.2 60057.2 98867.1 68663.2 61747 71847.3 68642
threshold=73.395000000000024 80.500000000000014 0.81174490092936691 98.00500000000001 98.00500000000001 148.50000000000003 220.50000000000003 38.065000000000005 477.50000000000006 78.825000000000003 80.500000000000014 98.799399939275688 55.425625842203864 94.673876318353521
decision_type=2 10 2 2 2 10 2 2 2 2 2 2 2 2
left_child=1 2 3 -1 6 -6 -3 -4 11 -10 -11 12 -2 -13
right_child=8 4 7 -5 5 -7 -8 -9 9 10 -12 13 -14 -15
leaf_value=1.1033104296889154 -1.2302415351701832 -0.30302282963568067 1.3198730430039556 -5.7886145958613602 2.1082322691628028 -3.2876167431710792 1.0938180061542546 -3.3216312078595038 -6.3338094426855802 -3.9205621567812901 -0.26270739375400426 0.5283789085100592 -0.014677655567607037 0.092269316310971169
leaf_weight=1256 632 17780 53 29 365 56 496 160 26 48 548 3546 1342 32063
leaf_count=1256 632 17780 53 29 365 56 496 160 26 48 548 3546 1342 32063
internal_value=9.65764e-05 -0.174008 0.497354 0.940838 -0.227841 1.3807 -0.265016 -2.16491 0.092134 -0.823501 -0.566986 0.107325 -0.404584 0.135723
internal_weight=58400 20195 1498 1285 18697 421 18276 213 38205 622 596 37583 1974 35609
internal_count=58400 20195 1498 1285 18697 421 18276 213 38205 622 596 37583 1974 35609
is_linear=0
shrinkage=0.0940712


Tree=53
num_leaves=16
num_cat=0
split_feature=1 8 18 47 54 1 31 1 7 39 1 27 48 57 18
split_gain=93370.2 57009.5 86623.3 102676 93223.8 66534.2 133847 75654 34481.7 30111.2 52138.9 28734.8 25916.7 30423.4 22546.6
threshold=209.97500000000002 82.550000000000011 -0.24999999999999994 366.83333333333343 357.50000000000006 1.9850000000000001 79.357142857142875 46.045000000000009 200.50000000000003 349.50000000000006 231.55500000000004 360.50000000000006 8.5828409247831203 64.500000000000014 0.93301270189221952
decision_type=2 2 2 2 2 2 2 2 2 2 2 10 2 8 2
left_child=1 5 4 -4 -3 6 -1 -7 9 10 -2 -11 13 -10 -14
right_child=8 2 3 -5 -6 7 -8 -9 12 11 -12 -13 14 -15 -16
leaf_value=-3.4277803069943644 5.7227786448772315 -1.5288253141355441 0.43094487401677922 -4.5033605155361993 -6.6218171988086247 -0.2776382151632425 1.1834938664132406 0.0055217121601367257 0.052813112451623935 0.34940501596163881 1.1967002410837118 3.419284595303123 0.20317928121161441 4.1444711734092943 -0.2352113307375302
leaf_weight=59 26 221 364 40 36 11393 699 31246 33 506 132 27 12457 30 1131
leaf_count=59 26 221 364 40 36 11393 699 31246 33 506 132 27 12457 30 1131
internal_value=4.08624e-05 -0.0678228 -0.933857 -0.0727458 -2.27841 -0.0545958 0.818094 -0.0701421 0.208509 0.85616 1.991 0.514684 0.175622 2.05629 0.166658
internal_weight=58400 44058 661 404 257 43397 758 42639 14342 691 158 533 13651 63 13588
internal_count=58400 44058 661 404 257 43397 758 42639 14342 691 158 533 13651 63 13588
is_linear=0
shrinkage=0.0940712


Tree=54
num_leaves=16
num_cat=0
split_feature=1 33 42 48 43 53 26 71 25 43 2 23 1 43 61
split_gain=76967.1 53548.7 123027 214902 125418 72583.5 90016.3 74476.8 32926.7 44409.9 37429.6 28427.8 37581.4 30752.2 21571.3
threshold=215.95500000000001 229.50000000000003 497.50000000000006 172.25852663946714 494.50000000000006 20.500000000000004 348.50000000000006 307.50000000000006 391.50000000000006 374.50000000000006 85.485000000000014 8.5000000000000018 245.28500000000003 56.500000000000007 28.029411764705888
decision_type=2 2 2 2 10 2 8 2 10 10 2 10 2 10 2
left_child=1 2 4 -4 -1 6 -3 -7 11 14 -11 12 -2 -13 -10
right_child=8 5 3 -5 -6 7 -8 -9 9 10 -12 13 -14 -15 -16
leaf_value=0.083845690907043663 2.2648393197495498 -2.5632824527091143 -2.539955408893444 10.287814665060417 3.7023958270639885 -0.019380703364454247 4.3443439410856266 -0.32770108509002416 -0.28857856581030378 -3.3853024122809576 1.2919103022226377 -1.1054022536526671 0.46411646083506614 0.20482014427349435 3.2237022330507217
leaf_weight=9122 128 176 19 26 84 25822 17 9477 234 74 18 159 500 12529 14.999999999999998
leaf_count=9122 128 176 19 26 84 25822 17 9477 234 74 18 159 500 12529 15
internal_value=3.79153e-05 -0.0596255 0.141928 4.96538 0.117499 -0.112168 -1.92421 -0.102172 0.195501 -0.715169 -2.46256 0.218912 0.83605 0.188257 -0.0577211
internal_weight=58400 44743 9251 45 9206 35492 193 35299 13657 341 92 13316 628 12688 249
internal_count=58400 44743 9251 45 9206 35492 193 35299 13657 341 92 13316 628 12688 249
is_linear=0
shrinkage=0.0940712


Tree=55
num_leaves=12
num_cat=0
split_feature=30 27 10 38 43 30 6 59 46 32 10
split_gain=45104.7 58122.2 45452.6 130502 146066 129375 49968.6 134579 63178.9 36486.8 20584.3
threshold=483.50000000000006 64.500000000000014 1.5000000000000002 100.73189834356391 462.50000000000006 387.50000000000006 15.500000000000002 0.20000000000000021 498.50000000000006 173.47313479460936 17.500000000000004
decision_type=2 10 2 2 10 2 2 2 10 2 2
left_child=2 -2 3 4 -1 -5 8 -8 -4 10 -3
right_child=1 9 6 5 -6 -7 7 -9 -10 -11 -12
leaf_value=0.1968527151366794 1.4703803194805682 -6.9392305586003458 -0.018179384697869377 -1.3205856775358937 5.0262218486602688 1.6047418703428542 0.71316077792726995 -0.19474700461757891 1.577425391854606 -0.49824764708233993 -2.4456359838395603
leaf_weight=558 28 24 50381 1150 60 150 3030 2759 219 23 18
leaf_count=558 28 24 50381 1150 60 150 3030 2759 219 23 18
internal_value=7.38804e-05 -2.05278 0.00340525 -0.446752 0.677413 -0.981431 0.0187309 0.2805 -0.0112225 -3.57124 -5.17299
internal_weight=58400 93 58307 1918 618 1300 56389 5789 50600 65 42
internal_count=58400 93 58307 1918 618 1300 56389 5789 50600 65 42
is_linear=0
shrinkage=0.0940712


Tree=56
num_leaves=16
num_cat=0
split_feature=1 49 45 1 43 27 61 1 64 22 70 45 2 42 43
split_gain=68348.7 125085 170389 129638 106770 185575 78784.9 74343.5 70953.2 102898 132245 119209 65424 71627.9 57811.8
threshold=53.705000000000005 376.64285714285717 128.50000000000003 17.855000000000004 495.50000000000006 58.500000000000007 1.1678968297200132 29.405000000000005 0.071550463188688448 403.50000000000006 4.5000000000000009 293.50000000000006 10.725000000000003 102.50000000000001 483.50000000000006
decision_type=2 2 8 2 10 8 2 2 2 2 2 10 2 2 10
left_child=1 4 7 -4 6 -6 -1 -3 9 11 -11 -2 13 -10 -14
right_child=8 2 3 -5 5 -7 -8 -9 12 10 -12 -13 14 -15 -16
leaf_value=0.28188756425627387 2.7720157048572749 -6.9716138114835067 6.4311802946160705 1.4368340518562264 7.0587195819499762 0.064893761945439582 -0.33420201458882753 0.60514773345424289 2.4704671309088062 9.2911542334267985 0.73160602398270858 -3.6372775270915887 0.0830760470583667 -1.7488350805373258 -0.49339446324317804
leaf_weight=2165 61 23 63 165 47 109 12071 21 39 30 33 42 41636 298 1597
leaf_count=2165 61 23 63 165 47 109 12071 21 39 30 33 42 41636 298 1597
internal_value=6.4648e-05 -0.175678 1.81705 2.85176 -0.213541 2.22188 -0.240478 -3.45585 0.0589954 1.99109 4.93567 0.142022 0.0515602 -1.25103 0.0617616
internal_weight=58400 14664 272 228 14392 156 14236 44 43736 166 63 103 43570 337 43233
internal_count=58400 14664 272 228 14392 156 14236 44 43736 166 63 103 43570 337 43233
is_linear=0
shrinkage=0.0940712


Tree=57
num_leaves=13
num_cat=0
split_feature=56 36 53 38 39 50 43 50 47 55 45 2
split_gain=42963.3 82996.2 71438 70209.1 40102.3 171863 150246 79917.5 49190.8 102837 52213 28491.3
threshold=409.50000000000006 287.50000000000006 191.50000000000003 105.0551977613439 305.50000000000006 142.93638278552314 172.50000000000003 161.20040763191631 103.16666666666667 -80.499999999999986 94.500000000000014 50.195000000000007
decision_type=10 2 2 2 2 2 8 2 2 10 10 2
left_child=4 11 3 -3 5 6 -1 -7 9 -6 -10 -2
right_child=1 2 -4 -5 8 7 -8 -9 10 -11 -12 -13
leaf_value=1.7485185204588627 -7.9058498076581278 2.6513357901565966 -6.2136097320625305 -1.1719996451898187 5.027319535539613 -1.3464100545512783 0.24562078442140725 0.46012120139650331 0.26097226954391728 -1.3707449124994702 -0.039845825830244486 -2.5942929237432173
leaf_weight=803 17 61 15.999999999999998 131 22 683 2197 316 5712 403 48017 22
leaf_count=803 17 61 16 131 22 683 2197 316 5712 403 48017 22
internal_value=0.000104956 -1.23403 -0.470556 0.0536424 0.005382 0.292795 0.648639 -0.775022 -0.0158475 -1.02207 -0.00785646 -5.12791
internal_weight=58400 247 208 192 58153 3999 3000 999 54154 425 53729 39
internal_count=58400 247 208 192 58153 3999 3000 999 54154 425 53729 39
is_linear=0
shrinkage=0.0940712


Tree=58
num_leaves=15
num_cat=0
split_feature=34 6 52 57 46 34 45 28 63 57 23 29 52 23
split_gain=44285.7 117079 83854 146497 115479 65110 97388.6 110649 90400.2 58039.3 108541 76340.3 29157 11364.2
threshold=186.39285714285717 1.5000000000000002 133.30663652103229 -236.49999999999997 146.50000000000003 170.74603174603178 72.500000000000014 98.166666666666671 -108.49999999999999 262.50000000000006 388.50000000000006 238.62907020697114 124.48028221102435 290.50000000000006
decision_type=2 2 2 10 8 2 10 2 2 10 10 2 2 10
left_child=5 12 3 -3 -4 9 7 -7 -8 11 -11 -1 -2 -14
right_child=1 2 4 -5 -6 6 8 -9 -10 10 -12 -13 13 -15
leaf_value=-0.0050721610036019152 -0.83595795646994686 -1.4016216813555864 -2.2671257774418536 1.1391423179195013 0.26231190052819747 7.6585495375873354 1.0924446696676766 0.82194434985470677 -0.59743412872476265 0.36368279595642172 4.4654281764097581 -2.3004371379377369 -6.4488052743536022 -2.6906492028922555
leaf_weight=48707 22 228 199 1611 783 22 301 195 3793 2316 57 127 24 14.999999999999998
leaf_count=48707 22 228 199 1611 783 22 301 195 3793 2316 57 127 24 15
internal_value=6.89006e-05 0.359513 0.448583 0.823147 -0.25293 -0.0185975 -0.369637 1.5654 -0.472791 0.0109635 0.465132 -0.0111175 -3.666 -5.16569
internal_weight=58400 2882 2821 1839 982 55518 4311 217 4094 51207 2373 48834 61 39
internal_count=58400 2882 2821 1839 982 55518 4311 217 4094 51207 2373 48834 61 39
is_linear=0
shrinkage=0.0940712


Tree=59
num_leaves=16
num_cat=0
split_feature=1 24 51 8 23 33 44 30 41 63 38 30 34 20 59
split_gain=60449.3 51793.8 174347 239089 101160 60960.3 119123 84901 20067.7 43597.1 40947.4 28465.4 30389.4 29056.8 16398.6
threshold=240.66500000000002 3.5000000000000004 302.89010989010995 24.150000000000002 43.500000000000007 229.50000000000003 80.500000000000014 54.500000000000007 82.857489181270282 -66.499999999999986 84.237162053873845 170.50000000000003 129.17857142857147 -0.66312265824079508 2.4899999999999971
decision_type=2 8 2 2 10 2 8 2 2 2 2 2 2 2 2
left_child=1 2 4 -4 -1 6 -3 -7 9 14 -11 12 -10 -13 -2
right_child=8 5 3 -5 -6 7 -8 -9 11 10 -12 13 -14 -15 -16
leaf_value=-3.1814739533274863 -1.4407915758600089 1.2913979296916918 4.3506326977817995 -3.565605637797709 -0.70412197874394133 1.0619347357812778 0.080499209428807575 -0.10470114814560336 -0.29818476218189049 -0.092439831786396712 2.8561394841907917 0.58089207265693688 0.28044187385416702 0.1657410261825257 1.6595327222168048
leaf_weight=188 66 782 116 46 640 559 8726 36200 1900 64 117 2041 1389 5548 18
leaf_count=188 66 782 116 46 640 559 8726 36200 1900 64 117 2041 1389 5548 18
internal_value=6.01421e-05 -0.0464134 -0.719136 2.08946 -1.27169 -0.0319922 0.1803 -0.0869121 0.197143 1.00375 1.82098 0.17734 -0.0537655 0.277506 -0.7568
internal_weight=58400 47257 990 162 828 46267 9508 36759 11143 265 181 10878 3289 7589 84
internal_count=58400 47257 990 162 828 46267 9508 36759 11143 265 181 10878 3289 7589 84
is_linear=0
shrinkage=0.0940712


Tree=60
num_leaves=16
num_cat=0
split_feature=37 11 42 49 47 37 47 29 56 8 25 39 50 39 66
split_gain=45287.1 153061 105338 101720 150385 92555.3 103774 112250 94665 86572 75435.6 49973.1 163472 53599 30025.7
threshold=95.625000000000014 42.500000000000007 102.50000000000001 324.07142857142861 345.83333333333343 99.303571428571445 192.16666666666671 77.547834580923691 7.5000000000000009 24.350000000000005 164.50000000000003 305.50000000000006 142.65325927200021 388.50000000000006 1.0000000180025095e-35
decision_type=2 2 2 2 2 2 2 2 10 2 10 2 2 2 2
left_child=1 3 14 10 -5 6 7 -2 -8 -4 -1 12 -7 -13 -3
right_child=5 2 9 4 -6 11 8 -9 -10 -11 -12 13 -14 -15 -16
leaf_value=-0.82909595782957357 1.7705281803710848 2.4640694030922732 2.0676847881834557 9.6285489033009934 -1.2233404596077035 0.78472462651111186 -0.94365468524597751 7.5985509597609306 1.5624165152605245 -2.2517620902875128 -3.0420650531389404 -0.13698026969422386 -0.86315856719923989 0.05554266392993501 8.0160696825053446
leaf_weight=957 128 15.999999999999998 131 18 26 2174 239 37 298 58 158 21236 704 32196 24
leaf_count=957 128 16 131 18 26 2174 239 37 298 58 158 21236 704 32196 24
internal_value=6.20804e-05 -0.530546 1.68405 -0.969902 3.39113 0.0129965 1.08528 3.13716 0.447315 0.733888 -1.14661 -0.0003988 0.381335 -0.020973 5.97431
internal_weight=58400 1388 229 1159 44 57012 702 165 537 189 1115 56310 2878 53432 40
internal_count=58400 1388 229 1159 44 57012 702 165 537 189 1115 56310 2878 53432 40
is_linear=0
shrinkage=0.0940712


Tree=61
num_leaves=16
num_cat=0
split_feature=64 64 2 2 8 64 6 48 8 5 5 20 59 8 10
split_gain=41450.1 99419.3 84626 126372 103231 83229.1 111810 110588 146583 115174 88975.6 81927.7 99333.8 69836.5 53319.3
threshold=0.41740100931677021 0.42875939849624062 64.405000000000015 57.285000000000004 0.65000000000000002 0.16351456079167787 17.500000000000004 23.643180835072176 26.450000000000003 14.515000000000002 13.775 -0.40966402954315195 -1.7950000000000015 45.45000000000001 11.500000000000002
decision_type=2 2 2 2 2 2 2 2 2 2 2 2 2 2 2
left_child=5 11 3 -3 -4 7 10 8 -1 -9 -7 12 -2 -13 -8
right_child=1 2 4 -5 -6 6 14 9 -10 -11 -12 13 -14 -15 -16
leaf_value=6.6750306547537823 6.0261070173355877 0.0022424007077164951 1.4533989389340489 -0.59947073550390351 0.14703557804954293 1.058863516569778 -0.23345145015136393 -2.3232391392500484 -2.8306344507181409 0.36285191545932083 -0.30083841369894038 -0.082316059010732051 1.3825361524265156 4.4660137609402142 -4.8405094690656556
leaf_weight=49 60 23656 551 3551 17195 444 33 148 19 2545 9653 271 125 32 68
leaf_count=49 60 23656 551 3551 17195 444 33 148 19 2545 9653 271 125 32 68
internal_value=0.000118462 0.0424442 0.0279197 -0.0763172 0.187729 -0.148275 -0.272324 0.309759 4.0133 0.213924 -0.240881 1.37578 2.92707 0.418054 -3.36293
internal_weight=58400 45441 44953 27207 17746 12959 10198 2761 68 2693 10097 488 185 303 101
internal_count=58400 45441 44953 27207 17746 12959 10198 2761 68 2693 10097 488 185 303 101
is_linear=0
shrinkage=0.0940712


Tree=62
num_leaves=16
num_cat=0
split_feature=1 46 42 49 46 38 10 28 22 52 38 7 43 1 11
split_gain=54356.1 117870 204578 132314 109543 98247.6 77948.9 72636.8 46759.3 66045.3 46999.9 59532.4 53005.9 45689.2 45492.9
threshold=85.595000000000013 485.50000000000006 74.500000000000014 211.6428571428572 469.50000000000006 80.820163328406565 30.500000000000004 87.500000000000014 1.0000000180025095e-35 129.18456215373121 119.52537863383544 204.50000000000003 58.500000000000007 224.46000000000001 18.500000000000004
decision_type=2 10 2 2 10 2 2 2 2 2 2 2 10 2 2
left_child=1 4 7 -4 6 -6 -1 -3 9 13 11 -10 -12 -2 -11
right_child=8 2 3 -5 5 -7 -8 -9 10 14 12 -13 -14 -15 -16
leaf_value=-0.084519181592381545 -4.6837980395824355 3.5952806234505599 4.7683013523631619 0.29993915812279637 5.9721761480230704 -1.3549556103283225 -1.3870390217310566 12.699418419184745 -0.11681238919504908 3.0511183668314779 -1.2749353645649073 0.16189739840089629 0.32153414493417287 -0.090588630372890291 -1.2267120858275982
leaf_weight=21213 60 18 63 644 14.999999999999998 813 413 14.999999999999998 13539 33 187 13586 7714 28 59
leaf_count=21213 60 18 63 644 15 813 413 15 13539 33 187 13586 7714 28 59
internal_value=0.000133586 -0.111674 1.05521 0.707918 -0.150206 -1.21107 -0.109498 8.12395 0.0737984 -1.43194 0.0816035 0.0227806 0.283489 -3.25079 0.331689
internal_weight=58400 23194 740 707 22454 828 21626 33 35206 180 35026 27125 7901 88 92
internal_count=58400 23194 740 707 22454 828 21626 33 35206 180 35026 27125 7901 88 92
is_linear=0
shrinkage=0.0940712


Tree=63
num_leaves=16
num_cat=0
split_feature=1 52 51 45 24 26 1 24 41 1 49 39 64 1 64
split_gain=47071.9 92941.4 116409 151608 90607.3 190231 92945.3 89985 57125 83722.4 134495 75188.1 56031.2 110085 49215.5
threshold=46.045000000000009 161.66951765759617 258.10714285714295 66.500000000000014 391.50000000000006 148.50000000000003 30.285000000000004 26.500000000000004 82.857489181270282 89.590000000000018 174.35714285714286 432.50000000000006 0.14976909489454981 49.915000000000006 0.41740100931677021
decision_type=2 2 2 10 10 8 2 10 2 2 2 2 2 2 2
left_child=1 4 7 -4 6 -6 -1 -3 9 10 -2 -11 13 -10 -14
right_child=8 2 3 -5 5 -7 -8 -9 12 11 -12 -13 14 -15 -16
leaf_value=0.040078829243400185 -2.2016735478252931 -4.0047096901176422 4.7199055623698793 -3.8246189055689768 3.2797594503647094 -1.3611360179879088 -0.506597500068795 2.7399444116647245 4.91720343430294 -0.067170195382492054 3.1474953585039405 2.9287017814375385 -0.19786333695668756 0.41930223453054377 0.055754324828906653
leaf_weight=7332 50 22 19 189 194 129 4404 67 48 725 220 81 8406 1730 34784
leaf_count=7332 50 22 19 189 194 129 4404 67 48 725 220 81 8406 1730 34784
internal_value=0.000172751 -0.162847 -1.80249 -3.01416 -0.122226 1.42825 -0.165094 1.03103 0.0439263 0.720804 2.14948 0.238828 0.0277026 0.545009 0.00638484
internal_weight=58400 12356 297 208 12059 323 11736 89 46044 1076 270 806 44968 1778 43190
internal_count=58400 12356 297 208 12059 323 11736 89 46044 1076 270 806 44968 1778 43190
is_linear=0
shrinkage=0.0940712


Tree=64
num_leaves=15
num_cat=0
split_feature=1 52 47 39 56 38 50 38 1 26 57 26 39 26
split_gain=44065.1 61949.1 155159 140509 115093 72967.7 175415 154197 41172.3 153038 105928 36163.3 75825 55163.8
threshold=127.29500000000002 160.67181244630669 330.83333333333343 474.50000000000006 187.50000000000003 136.34524483785802 101.04866805817231 129.79405237373575 128.53500000000003 20.500000000000004 94.500000000000014 244.50000000000003 339.50000000000006 236.50000000000003
decision_type=2 2 2 2 10 2 2 2 2 8 8 10 2 10
left_child=1 5 3 -3 -4 7 -7 -1 9 -2 -11 13 -13 -10
right_child=8 2 4 -5 -6 6 -8 -9 11 10 -12 12 -14 -15
leaf_value=-0.030657951290884576 -5.2579126399486258 0.25491767291998424 -4.8783045679140038 -4.8075165077330491 -0.56495599076962633 3.959326910963834 0.21550463167774833 -1.0839593863230512 0.10999095811058103 0.90281663685761171 5.7253493963959672 0.91948222066615026 -0.30108635877907081 1.3014187069053158
leaf_weight=28937 26 629 124 51 98 131 675 1283 21390 150 54 506 3998 348
leaf_count=28937 26 629 124 51 98 131 675 1283 21390 150 54 506 3998 348
internal_value=0.000182068 -0.0742197 -0.842056 -0.134723 -2.99202 -0.0518515 0.830627 -0.0754341 0.0899222 1.33885 2.21378 0.0788921 -0.163663 0.129162
internal_weight=58400 31928 902 680 222 31026 806 30220 26472 230 204 26242 4504 21738
internal_count=58400 31928 902 680 222 31026 806 30220 26472 230 204 26242 4504 21738
is_linear=0
shrinkage=0.0940712


Tree=65
num_leaves=16
num_cat=0
split_feature=1 37 42 58 24 37 69 35 42 8 42 66 57 22 18
split_gain=39980.6 46906.4 105836 209755 104302 89622 117968 61884.1 23068.3 30408.8 26411.3 23871.8 23443.6 22927.9 13753.5
threshold=240.66500000000002 95.625000000000014 104.50000000000001 1.140213099967476 105.50000000000001 99.303571428571445 6.5000000000000009 70.914454685006206 494.50000000000006 7.5500000000000007 493.50000000000006 2.5000000000000004 211.50000000000003 469.50000000000006 -0.5
decision_type=2 2 2 2 10 2 2 2 2 2 2 2 10 2 2
left_child=1 2 3 -1 -4 6 -3 -7 10 14 13 -11 -12 -2 -10
right_child=8 5 4 -5 -6 7 -8 -9 9 11 12 -13 -14 -15 -16
leaf_value=-2.5722445327453336 0.15898745904708886 0.14907645855866297 -1.6932676794891885 3.4837152743570172 0.52520426964657019 0.44970873070674594 3.0095363414881153 -0.062091942186507959 1.5766189445565373 1.5453575765513328 -4.4789270586399823 5.3421266346563243 0.36910091157538311 -3.2427801912830949 -1.617796570227251
leaf_weight=79 10957 361 665 135 260 2195 196 43366 17 69 19 18 14.999999999999998 15.999999999999998 32
leaf_count=79 10957 361 665 135 260 2195 196 43366 17 69 19 18 15 16 32
internal_value=0.00015605 -0.0376385 -0.633592 1.24508 -1.06973 -0.0228963 1.16145 -0.0374175 0.160435 1.37129 0.145271 2.41266 -2.41424 0.153555 -0.492569
internal_weight=58400 47257 1139 214 925 46118 557 45561 11143 136 11007 87 34 10973 49
internal_count=58400 47257 1139 214 925 46118 557 45561 11143 136 11007 87 34 10973 49
is_linear=0
shrinkage=0.0940712


Tree=66
num_leaves=14
num_cat=0
split_feature=27 24 54 29 28 44 1 27 53 2 2 32 64
split_gain=39479.4 111194 107263 85272.9 110258 78366.9 51963.5 124578 195145 150672 55832.8 122239 56130.9
threshold=345.50000000000006 415.50000000000006 228.50000000000003 34.597687784013338 98.166666666666671 134.50000000000003 48.335000000000008 139.50000000000003 22.500000000000004 64.00500000000001 10.725000000000003 149.46579477336499 0.084270135994273951
decision_type=10 10 2 2 2 10 2 8 2 2 2 2 2
left_child=6 3 -3 5 -5 -2 7 9 -9 -1 11 -8 -12
right_child=1 2 -4 4 -6 -7 10 8 -10 -11 12 -13 -14
leaf_value=-0.29513882768581068 1.6723092579783159 8.2013301121304956 -0.60960123774587494 1.4901689131655811 0.10714157804817237 -1.581743670838329 -1.728734436603752 4.3410564171049701 -0.64408038400668643 0.55791047753242284 1.255436297929766 4.5127585867321196 0.030288205719709239
leaf_weight=4582 79 29 20 669 2134 352 308 69 4635 3051 332 29 42111
leaf_count=4582 79 29 20 669 2134 352 308 69 4635 3051 332 29 42111
internal_value=0.000149379 0.316987 4.69477 0.248385 0.437924 -0.981118 -0.018729 -0.188807 -0.569514 0.0458629 0.0303208 -1.17292 0.0399204
internal_weight=58400 3283 49 3234 2803 431 55117 12337 4704 7633 42780 337 42443
internal_count=58400 3283 49 3234 2803 431 55117 12337 4704 7633 42780 337 42443
is_linear=0
shrinkage=0.0940712


Tree=67
num_leaves=14
num_cat=0
split_feature=1 31 41 1 27 46 1 35 64 31 27 5 27
split_gain=40691.5 111406 112664 106802 87254.4 49406.9 45999.1 95094.9 211155 115960 57348.5 65721.2 54922.9
threshold=1.9850000000000001 79.357142857142875 94.326559603893102 -3.3849999999999993 198.50000000000003 179.50000000000003 46.045000000000009 89.618667104904731 0.12801384083044984 210.92857142857147 434.50000000000006 96.535000000000011 351.50000000000006
decision_type=2 2 2 2 10 10 2 2 2 2 10 2 10
left_child=1 4 -3 -4 5 -1 7 8 -2 -9 12 -12 -8
right_child=6 2 3 -5 -6 -7 10 9 -10 -11 11 -13 -14
leaf_value=-8.7858664582968906 8.0827463721316946 7.408546361652359 -0.806191388026544 1.6430958514140976 2.3819914820745072 -2.2823585339115335 0.021727299315615511 -0.40923548375884766 0.21912457758976642 1.0804591824269594 -1.2545950532474757 4.7923332901488633 0.53131683446777689
leaf_weight=19 29 22 241 449 17 24 43649 8348 2719 488 426 14.999999999999998 1954
leaf_count=19 29 22 241 449 17 24 43649 8348 2719 488 426 15 1954
internal_value=0.000179471 0.677926 1.00807 0.787549 -3.16395 -5.366 -0.00891573 -0.176465 0.306699 -0.326771 0.033239 -1.03245 0.0435824
internal_weight=58400 772 712 690 60 43 57628 11584 2748 8836 46044 441 45603
internal_count=58400 772 712 690 60 43 57628 11584 2748 8836 46044 441 45603
is_linear=0
shrinkage=0.0940712


Tree=68
num_leaves=14
num_cat=0
split_feature=6 22 47 43 57 64 47 34 56 43 24 31 3
split_gain=38824.3 125297 127775 111427 107702 84952.9 66314.3 51779.1 92367.5 102369 78620.1 75167.4 54101.7
threshold=2.5000000000000004 66.500000000000014 330.83333333333343 466.50000000000006 -158.49999999999997 0.64142420218117435 274.16666666666669 186.39285714285717 196.50000000000003 474.50000000000006 242.50000000000003 264.64285714285717 17.500000000000004
decision_type=2 2 2 8 10 2 2 2 8 10 10 2 2
left_child=1 5 3 -3 -4 -1 -7 11 10 -10 -9 12 -2
right_child=7 2 4 -5 -6 6 -8 8 9 -11 -12 -13 -14
leaf_value=-6.0193312612148109 -0.083671163881225905 1.0328596280011564 -4.7174219310587873 5.3686104708028015 -0.075699794901536763 0.18944297406983054 -1.4489469644074859 1.117812654423588 -0.39700722348448103 -5.4563893606118219 -0.0074485709436034452 -4.9498039981789512 0.15405317337590235
leaf_weight=23 42041 1452 47 53 498 594 344 1279 436 37 962 26 10608
leaf_count=23 42041 1452 47 53 498 594 344 1279 436 37 962 26 10608
internal_value=0.000194947 0.329079 0.744417 1.19104 -0.488559 -0.556555 -0.412691 -0.01769 0.382886 -0.809689 0.635044 -0.0383422 -0.0357677
internal_weight=58400 3011 2050 1505 545 961 938 55389 2714 473 2241 52675 52649
internal_count=58400 3011 2050 1505 545 961 938 55389 2714 473 2241 52675 52649
is_linear=0
shrinkage=0.0940712


Tree=69
num_leaves=12
num_cat=0
split_feature=30 27 29 8 56 47 22 24 0 32 5
split_gain=38553.3 46342 39559.8 111733 120770 87409.9 79193 109616 89679.5 29376.1 17818.2
threshold=483.50000000000006 64.500000000000014 65.046137471797635 58.250000000000007 -378.49999999999994 136.41666666666671 170.50000000000003 26.500000000000004 51.500000000000007 173.47313479460936 45.215000000000011
decision_type=2 10 2 2 10 2 2 8 2 2 2
left_child=2 -2 6 5 -5 -4 8 -8 -1 10 -3
right_child=1 9 3 4 -6 -7 7 -9 -10 -11 -12
leaf_value=-0.4948194848600776 1.2502075390221687 -7.1097480615273954 1.8034772384813702 4.521904666704776 -0.72889608813817142 0.08405300444462302 0.92513376494546018 -0.85168940930956094 0.065892866889055712 -0.49181897532604069 -2.8790960484359269
leaf_weight=3064 28 15.999999999999998 262 38 1961 36181 357 2152 14292 23 26
leaf_count=3064 28 16 262 38 1961 36181 357 2152 14292 23 26
internal_value=0.000137126 -1.89779 0.00321723 0.05892 -0.625566 0.0964947 -0.104567 -0.598401 -0.0331227 -3.25326 -4.69074
internal_weight=58400 93 58307 38442 1999 36443 19865 2509 17356 65 42
internal_count=58400 93 58307 38442 1999 36443 19865 2509 17356 65 42
is_linear=0
shrinkage=0.0940712


Tree=70
num_leaves=12
num_cat=0
split_feature=37 43 30 53 37 48 11 53 6 67 31
split_gain=37551.6 99443.3 81328.5 86645.6 50111.8 94949 110094 93914.5 47809.4 122685 55379.8
threshold=188.87500000000003 487.50000000000006 110.50000000000001 24.500000000000004 167.76785714285717 219.3870240145454 42.500000000000007 152.50000000000003 2.5000000000000004 1.5000000000000002 148.50000000000003
decision_type=2 10 2 2 2 2 2 2 2 2 2
left_child=4 2 -2 -4 8 6 -6 -7 9 -1 -10
right_child=1 -3 3 -5 5 7 -8 -9 10 -11 -12
leaf_value=0.99498431245494345 5.8245780159943212 -6.174242175223732 5.6303483597469777 -0.91689063027223849 0.56368937343716941 7.0117127938863923 -0.72050453732431796 -0.93512274318346755 0.033520746733549933 -0.25120849986344773 -0.17346369085022259
leaf_weight=1379 15.999999999999998 27 17 501 2747 35 751 20 34342 1415 17150
leaf_count=1379 16 27 17 501 2747 35 751 20 34342 1415 17150
internal_value=0.000114202 -0.764748 -0.473795 -0.685502 0.00755549 0.349742 0.287746 4.17368 -0.0148476 0.364026 -0.0354185
internal_weight=58400 561 534 518 57839 3553 3498 55 54286 2794 51492
internal_count=58400 561 534 518 57839 3553 3498 55 54286 2794 51492
is_linear=0
shrinkage=0.0940712


Tree=71
num_leaves=16
num_cat=0
split_feature=24 41 8 71 1 21 33 1 6 1 31 25 35 33 35
split_gain=38677.3 92617.7 101457 105461 88205.3 76507.2 172577 81677.9 40722.1 131595 133959 109828 55983.4 100262 94589.1
threshold=3.5000000000000004 123.08492088461233 23.550000000000004 124.50000000000001 84.52500000000002 0.95297903005573359 216.50000000000003 161.56000000000003 15.500000000000002 5.3650000000000011 105.35714285714288 238.50000000000003 118.90333362424261 387.50000000000006 109.01422681627483
decision_type=8 2 2 2 2 2 2 2 2 2 2 8 2 2 2
left_child=1 5 3 -3 -4 7 -7 -1 12 10 -10 -11 14 -14 -2
right_child=8 2 4 -5 -6 6 -8 -9 9 11 -12 -13 13 -15 -16
leaf_value=-2.6191710769614356 -0.037487418783157804 -2.3987963194547328 -4.0024807044123918 1.6671799482015071 0.03266956868773313 8.8028384262164483 -1.9882380924537917 -0.18670792381648169 -1.2080318035157369 0.38837541721867064 5.5224706597153732 -0.63538464441434916 -0.38463119719819761 0.10000319080317323 0.31874926042352425
leaf_weight=333 27354 65 75 374 128 19 35 193 38 4597 79 1160 8393 6867 8690
leaf_count=333 27354 65 75 374 128 19 35 193 38 4597 79 1160 8393 6867 8690
internal_value=0.000130638 -0.523195 0.255037 1.0585 -1.4767 -1.38321 1.94703 -1.73008 0.0113313 0.245919 3.34831 0.181956 -0.0155318 -0.16655 0.0484058
internal_weight=58400 1222 642 439 203 580 54 526 57178 5874 117 5757 51304 15260 36044
internal_count=58400 1222 642 439 203 580 54 526 57178 5874 117 5757 51304 15260 36044
is_linear=0
shrinkage=0.0940712


Tree=72
num_leaves=15
num_cat=0
split_feature=10 47 39 41 24 56 0 45 52 45 10 1 46 52
split_gain=37466.5 122939 157288 157740 95685.4 91379.8 74464.6 50911.3 109645 83166.2 107309 74948.8 61871 54126.6
threshold=1.5000000000000002 383.50000000000006 432.50000000000006 183.43267458098038 278.50000000000006 184.50000000000003 110.50000000000001 52.500000000000007 142.07170067148195 58.500000000000007 24.500000000000004 44.405000000000008 68.500000000000014 155.84704744164898
decision_type=2 2 2 2 10 10 2 8 2 8 2 2 10 2
left_child=1 2 5 -4 6 -1 -3 8 12 10 -9 -10 -2 -11
right_child=7 4 3 -5 -6 -7 -8 9 11 13 -12 -13 -14 -15
leaf_value=-0.44174843641392569 2.830268937513662 5.2666287533138405 -2.6370865694146559 3.5872375694316223 -4.3699035780609892 1.6925045474335336 0.76603426849627998 0.42061371811118869 -2.5963538371765025 0.029611278108632087 3.1785340468736205 2.3827581155154607 -3.0708803945337109 -0.38328813344387125
leaf_weight=1102 15.999999999999998 65 424 38 15.999999999999998 210 65 591 36 52443 157 92 178 2967
leaf_count=1102 16 65 424 38 16 210 65 591 36 52443 157 92 178 2967
internal_value=0.000126216 -0.408366 -0.624945 -2.1145 2.20112 -0.0984359 3.05309 0.0140258 -1.16259 0.0208067 1.00507 0.966995 -2.56483 0.00748959
internal_weight=58400 1920 1774 462 146 1312 130 56480 322 56158 748 128 194 55410
internal_count=58400 1920 1774 462 146 1312 130 56480 322 56158 748 128 194 55410
is_linear=0
shrinkage=0.0940712


Tree=73
num_leaves=16
num_cat=0
split_feature=56 52 46 5 38 34 64 17 22 45 5 44 22 11 64
split_gain=37785.2 96330.2 85019.9 113723 102107 72095.9 82591.1 75145.2 64500.7 92935.4 85556.3 69899.1 64470.7 98304 52497.8
threshold=284.50000000000006 110.84044566635343 279.50000000000006 98.225000000000009 74.940783464934654 161.67142857142861 0.42301882407622593 -0.56174490092936669 394.50000000000006 461.50000000000006 26.665000000000003 243.50000000000003 391.50000000000006 13.500000000000002 0.41740100931677021
decision_type=10 2 10 2 2 2 2 2 2 10 2 10 2 2 2
left_child=8 5 4 -4 -3 7 -7 -2 12 10 -10 -11 14 -14 -1
right_child=1 2 3 -5 -6 6 -8 -9 9 11 -12 -13 13 -15 -16
leaf_value=-0.18064574283972976 0.28895673046629661 -4.9075790910133152 -0.76910436761180112 4.4642123181275686 0.32549700391196174 5.9433037987464337 -2.9574288051326261 -4.8305049164891907 -0.81547366888997874 3.0286002927879667 1.4226454629467817 -3.4850092250419009 3.6723337459136696 -4.3116736756463698 0.055643536388134122
leaf_weight=10315 34 32 1731 36 1959 15.999999999999998 18 96 185 17 802 70 15.999999999999998 63 43010
leaf_count=10315 34 32 1731 36 1959 16 18 96 185 17 802 70 16 63 43010
internal_value=0.000131489 -0.281819 -0.183867 -0.658565 0.237546 -2.50268 1.30465 -3.50307 0.0204396 0.7417 1.00239 -2.17985 0.0059108 -2.65326 0.00993025
internal_weight=58400 3922 3758 1767 1991 164 34 130 54478 1074 987 87 53404 79 53325
internal_count=58400 3922 3758 1767 1991 164 34 130 54478 1074 987 87 53404 79 53325
is_linear=0
shrinkage=0.0940712


Tree=74
num_leaves=15
num_cat=0
split_feature=56 26 61 1 45 29 56 56 63 61 34 1 51 58
split_gain=33708.6 69032.3 68517 89099.2 70715.1 66921.3 37268 144688 101839 93584.8 88056.3 87886 79907.4 26837.4
threshold=409.50000000000006 166.50000000000003 3.6823913365969445 141.62500000000003 255.50000000000003 74.645830426086789 -15.499999999999998 42.500000000000007 228.50000000000003 1.0071346160371919 114.25000000000001 176.62500000000003 336.96428571428578 1.2378215304023785
decision_type=10 10 2 2 10 2 10 8 2 2 2 2 2 2
left_child=6 2 4 -4 -2 -3 8 9 12 -8 -9 -10 -1 -7
right_child=1 5 3 -5 -6 13 7 10 11 -11 -12 -13 -14 -15
leaf_value=-0.081656393612143927 -0.99025743016600021 1.5352807829576978 -6.4759425599979066 1.4996302166748534 3.4115115968975815 -6.3726532905740925 -2.2723675035059965 0.29394292020370683 -2.5386578495792564 0.48600969717021919 -0.13774522466187125 0.24328463095426989 0.82642804598210384 -1.6112846176774984
leaf_weight=26173 68 17 27 21 59 39 109 5446 270 7121 17990 159 885 15.999999999999998
leaf_count=26173 68 17 27 21 59 39 109 5446 270 7121 17990 159 885 16
internal_value=0.00011123 -1.09305 -0.0752131 -3.04677 1.07027 -3.51112 0.00478572 0.0760834 -0.0747531 0.443925 -0.0374123 -1.51015 -0.0519046 -5.07248
internal_weight=58400 247 175 48 127 72 58153 30666 27487 7230 23436 429 27058 55
internal_count=58400 247 175 48 127 72 58153 30666 27487 7230 23436 429 27058 55
is_linear=0
shrinkage=0.0940712


Tree=75
num_leaves=16
num_cat=0
split_feature=25 52 28 28 44 31 31 59 52 38 45 26 38 49 59
split_gain=34792.7 116386 101748 136724 110573 87614.1 124748 89172.3 41090.1 130203 101764 97518 88317.2 116459 88359.1
threshold=12.500000000000002 120.80287730170068 111.16666666666667 157.83333333333334 494.50000000000006 86.309523809523824 125.78571428571429 1.2650000000000008 124.67291271153739 132.77001528849976 209.50000000000003 357.50000000000006 102.98882021752951 181.21428571428575 4.5800000000000001
decision_type=8 2 2 2 10 2 2 2 2 2 8 10 2 2 2
left_child=1 5 4 -4 -3 7 -7 -1 9 11 -11 -2 13 -10 -14
right_child=8 2 3 -5 -6 6 -8 -9 12 10 -12 -13 14 -15 -16
leaf_value=-3.7900726419641741 -0.16560063400321134 -0.017861333280517873 -1.9963147988786301 -0.29387803784032696 6.6382830403557982 2.2134205379346321 -0.0037797804343276641 1.2001090022791241 -1.3808513485133804 -0.97218261664985439 1.8512892203603932 0.80602750682478963 -0.060364032752254639 0.36227130226697207 0.91367191215847166
leaf_weight=75 20139 1046 750 941 21 371 565 53 349 144 508 956 21159 10467 856
leaf_count=75 20139 1046 750 941 21 371 565 53 349 144 508 956 21159 10467 856
internal_value=6.97152e-05 -0.274252 -0.596624 -1.05017 0.122531 0.5609 0.877134 -1.73329 0.0192896 -0.0809943 1.22667 -0.121505 0.0857214 0.305823 -0.0224232
internal_weight=58400 3822 2758 1691 1067 1064 936 128 54578 21747 652 21095 32831 10816 22015
internal_count=58400 3822 2758 1691 1067 1064 936 128 54578 21747 652 21095 32831 10816 22015
is_linear=0
shrinkage=0.0940712


Tree=76
num_leaves=14
num_cat=0
split_feature=35 55 64 43 5 65 39 23 53 38 39 26 8
split_gain=34080.7 100326 116372 81042 106937 96852.1 47461.6 196446 138477 106465 56427.7 79831.6 52736.9
threshold=55.788946791323454 -289.49999999999994 1.7799082568807341 98.500000000000014 76.315000000000012 3.5000000000000004 321.50000000000006 71.500000000000014 75.500000000000014 94.618836424559262 337.50000000000006 97.500000000000014 89.050000000000011
decision_type=2 8 2 8 2 2 2 8 2 2 2 10 2
left_child=1 2 -1 4 -3 -5 7 8 -2 -9 11 -8 -12
right_child=6 3 -4 5 -6 -7 10 9 -10 -11 12 -13 -14
leaf_value=8.8723747625625471 -0.18158186335998933 -5.1628196414208638 -1.8568518557143923 -1.0805222495797322 2.320140590071623 1.7180545992015248 0.051756869917887326 0.060255607744727775 1.3799168309081444 -1.2637947345036897 0.016054041628824959 -0.858083614885918 -0.9049871734767142
leaf_weight=19 714 71 14.999999999999998 506 21 138 1756 2960 1692 655 47640 1658 555
leaf_count=19 714 71 15 506 21 138 1756 2960 1692 655 47640 1658 555
internal_value=7.58865e-05 -0.620988 4.26165 -0.85526 -3.44319 -0.477927 0.00839277 0.258296 0.91666 -0.180056 -0.0207669 -0.390258 0.005416
internal_weight=58400 770 34 736 92 644 57630 6021 2406 3615 51609 3414 48195
internal_count=58400 770 34 736 92 644 57630 6021 2406 3615 51609 3414 48195
is_linear=0
shrinkage=0.0940712


Tree=77
num_leaves=16
num_cat=0
split_feature=37 11 49 47 47 27 27 27 37 47 44 44 49 27 27
split_gain=34462.2 128844 83046.1 121423 82052.9 98860.7 75401.9 71616.2 57692.1 87565.5 129152 107174 41838.3 104473 41099.5
threshold=95.625000000000014 42.500000000000007 324.07142857142861 337.83333333333343 236.16666666666671 29.500000000000004 158.50000000000003 196.50000000000003 99.303571428571445 219.16666666666671 405.50000000000006 273.50000000000006 157.6428571428572 339.50000000000006 62.500000000000007
decision_type=2 2 2 2 2 10 10 8 2 2 10 8 2 8 8
left_child=1 2 6 -4 5 -3 -1 -6 9 10 -2 -11 13 -10 -14
right_child=8 4 3 -5 7 -7 -8 -9 12 11 -12 -13 14 -15 -16
leaf_value=-0.73913391642463577 1.3581104061827571 -0.34532716962870275 9.5026693992220697 -0.56208244256857498 -0.95123281577938634 5.7896199636245029 -3.1244600611673725 4.9710942535127112 -1.558494464695013 1.3048036494417392 7.3493845805600166 -1.6306368466643459 0.12933056482264479 3.3974854733576318 -0.045928050836095309
leaf_weight=983 218 36 14.999999999999998 29 110 63 132 20 328 259 36 189 17016 41 38925
leaf_count=983 218 36 15 29 110 63 132 20 328 259 36 189 17016 41 38925
internal_value=7.63648e-05 -0.462793 -0.865923 3.07438 1.569 3.58675 -1.02561 0.00711924 0.0113598 0.857939 2.24748 0.0647715 0.000780046 -0.995494 0.00738156
internal_weight=58400 1388 1159 44 229 99 1115 130 57012 702 254 448 56310 369 55941
internal_count=58400 1388 1159 44 229 99 1115 130 57012 702 254 448 56310 369 55941
is_linear=0
shrinkage=0.0940712


Tree=78
num_leaves=15
num_cat=0
split_feature=29 47 20 1 8 56 70 5 1 8 71 11 1 37
split_gain=33306.1 96484.7 123433 105790 98019.8 87352.2 74822.1 117212 120208 107888 100450 94283.5 87241 63592.9
threshold=65.046137471797635 132.83333333333334 -0.95297903005573326 91.545000000000016 62.45000000000001 -77.499999999999986 4.5000000000000009 59.455000000000005 51.455000000000005 47.650000000000013 104.50000000000001 32.500000000000007 21.025000000000002 114.29670329670331
decision_type=2 2 2 2 2 10 2 2 2 2 2 2 2 2
left_child=6 2 -2 -4 5 -3 7 8 -1 12 -9 -11 -8 -6
right_child=1 4 3 -5 13 -7 9 10 -10 11 -12 -13 -14 -15
leaf_value=-1.4292115960341403 -5.1133546297090149 -0.14077622840635096 5.760810974348618 1.1390336164133625 1.0071999411314732 0.17082534723617623 0.89230929048723329 -1.3958032679716941 -0.34449707502234445 1.6871352635667867 0.21570892856040022 -0.1864126400654649 -0.11302532287403876 -0.87979334262815378
leaf_weight=1199 18 11674 66 128 176 25024 833 375 3670 637 3759 378 9014 1449
leaf_count=1199 18 11674 66 128 176 25024 833 375 3670 637 3759 378 9014 1449
internal_value=0.000131465 0.0511401 2.04512 2.74548 0.0400234 0.0716966 -0.0988072 -0.29932 -0.612008 0.0673958 0.0690244 0.990061 -0.0278389 -0.674569
internal_weight=58400 38535 212 194 38323 36698 19865 9003 4869 10862 4134 1015 9847 1625
internal_count=58400 38535 212 194 38323 36698 19865 9003 4869 10862 4134 1015 9847 1625
is_linear=0
shrinkage=0.0940712


Tree=79
num_leaves=16
num_cat=0
split_feature=1 27 49 11 38 49 36 64 42 22 21 54 39 26 1
split_gain=31539 36031.4 106910 106563 88240.6 50436.6 110605 50642.6 8894.6 9079.25 17346.2 11385.7 7826.96 9434.46 4371.09
threshold=355.01500000000004 339.50000000000006 170.07142857142858 34.500000000000007 141.13075806853888 174.35714285714286 463.50000000000006 0.41740100931677021 70.500000000000014 55.500000000000007 -0.70581670320594803 531.50000000000011 414.50000000000006 262.50000000000006 377.64500000000004
decision_type=2 10 2 2 2 2 2 2 2 2 2 2 2 8 2
left_child=1 5 3 -3 -4 6 -1 -7 12 10 -10 -11 13 -2 -14
right_child=8 2 4 -5 -6 7 -8 -9 9 11 -12 -13 14 -15 -16
leaf_value=-0.8439276462660702 0.91466449396248894 0.785893856469145 0.12735557137002604 8.8194218544275724 3.073674794691029 -0.1967171569592043 5.1976355491084387 0.028087721409703875 0.80778997693280075 0.32671316322326927 -0.2770397751845079 2.5534410645965506 3.1679718025253321 -1.5471388774147581 1.1887771620827643
leaf_weight=1011 82 35 3210 24 91 11442 26 39395 167 2262 575 19 17 14.999999999999998 29
leaf_count=1011 82 35 3210 24 91 11442 26 39395 167 2262 575 19 17 15 29
internal_value=0.000121885 -0.0164304 0.282031 4.19899 0.210031 -0.0357728 -0.684743 -0.0225116 0.288799 0.254118 -0.0315266 0.34705 1.01041 0.514213 2.00286
internal_weight=58400 55234 3360 59 3301 51874 1037 50837 3166 3023 742 2281 143 97 46
internal_count=58400 55234 3360 59 3301 51874 1037 50837 3166 3023 742 2281 143 97 46
is_linear=0
shrinkage=0.0940712


Tree=80
num_leaves=16
num_cat=0
split_feature=24 51 43 59 0 59 10 20 35 40 54 10 39 47 39
split_gain=31891.4 108870 100559 124698 75686.2 80664.2 42699.1 36232.8 91019.6 120259 103446 52675.4 93188.5 43420.6 16155.8
threshold=3.5000000000000004 302.89010989010995 452.50000000000006 2.3600000000000008 29.500000000000004 -4.6599999999999966 10.500000000000002 -0.99635443704902682 99.215632628130365 99.33176764301821 499.50000000000006 1.5000000000000002 432.50000000000006 263.16666666666669 413.50000000000006
decision_type=8 2 10 2 2 2 2 2 2 2 2 2 2 2 2
left_child=1 4 3 -3 6 -6 -1 8 9 -2 -10 12 -9 -13 -4
right_child=7 2 14 -5 5 -7 -8 11 10 -11 -12 13 -14 -15 -16
leaf_value=5.9425709865103737 -0.44824511191417987 0.88387821631646868 -0.45332056104127738 6.6289683474937888 3.3441153223389448 -1.225286115756447 0.45258056497869265 -0.092881898550093975 0.12349284881932561 2.7982552650437951 -5.2359358016801609 0.10986389492689302 -1.6524237822041381 -0.059280459290276165 -4.4991178855019207
leaf_weight=19 159 121 14.999999999999998 45 34 934 33 1264 631 273 32 24233 462 30124 21
leaf_count=19 159 121 15 45 34 934 33 1264 631 273 32 24233 462 30124 21
internal_value=0.000172523 -0.475032 1.51229 2.48929 -0.870433 -1.05953 2.57565 0.0103434 0.545877 1.60576 -0.146687 -0.000125306 -0.511515 0.0161248 -2.90565
internal_weight=58400 1222 202 166 1020 968 52 57178 1095 432 663 56083 1726 54357 36
internal_count=58400 1222 202 166 1020 968 52 57178 1095 432 663 56083 1726 54357 36
is_linear=0
shrinkage=0.0940712


Tree=81
num_leaves=12
num_cat=0
split_feature=30 43 28 50 50 32 28 56 56 32 61
split_gain=32373.5 41708.4 39083.3 80313.2 88560.3 84814.8 44175.1 95711.7 44660.4 35861.9 35412.8
threshold=483.50000000000006 494.50000000000006 303.16666666666669 119.05990888234496 97.453529818276081 127.86022874362145 283.16666666666669 -114.49999999999999 284.50000000000006 173.47313479460936 1.4457654665583155
decision_type=2 10 2 2 2 2 2 8 10 2 2
left_child=2 9 6 4 -4 -5 8 -8 -1 10 -2
right_child=1 -3 3 5 -6 -7 7 -9 -10 -11 -12
leaf_value=0.025620426486395353 -5.5767576342826333 2.6073285514105522 1.1690590124001654 6.2876686405028348 -3.0101842239120029 1.1634314951820277 -4.7826027889880018 -0.45081734168448478 -0.31237511197575146 0.31570789354963036 -0.35902917809106638
leaf_weight=53520 36 14.999999999999998 93 30 84 322 48 513 3697 25 17
leaf_count=53520 36 15 93 30 84 322 48 513 3697 25 17
internal_value=0.000172733 -1.739 0.00299538 0.806707 -0.822582 1.62635 -0.00438261 -0.833921 0.00377116 -2.61118 -3.96363
internal_weight=58400 93 58307 529 177 352 57778 561 57217 78 53
internal_count=58400 93 58307 529 177 352 57778 561 57217 78 53
is_linear=0
shrinkage=0.0940712


Tree=82
num_leaves=14
num_cat=0
split_feature=63 65 20 11 71 48 63 2 58 20 47 10 37
split_gain=32955.9 122587 86543.4 66337.4 65779.3 65315.5 35652.7 114356 116974 91621.2 58367.7 68049.1 48465
threshold=-152.49999999999997 1.5000000000000002 0.95297903005573359 45.500000000000007 66.500000000000014 222.00412895078287 -126.49999999999999 92.375000000000014 0.99999997159897624 0.51639395938746258 92.166666666666671 23.500000000000004 97.017857142857153
decision_type=2 2 2 2 2 2 2 2 2 2 2 2 2
left_child=1 3 4 5 -3 -1 7 8 -2 -9 11 -8 -12
right_child=6 2 -4 -5 -6 -7 10 9 -10 -11 12 -13 -14
leaf_value=-0.51737859024222022 -1.2699904313092159 1.9245083825505573 2.9536883640411222 6.8730967226065518 -3.8144489637568788 5.5821025195433869 -3.4969064770187237 -2.6541168992285233 0.66404693037306839 0.90953356005464281 -0.54292327275560104 1.9237180862573442 0.0061766732897332397
leaf_weight=94 306 19 22 14.999999999999998 151 17 82 193 2766 94 1460 26 53155
leaf_count=94 306 19 22 15 151 17 82 193 2766 94 1460 26 53155
internal_value=0.00014893 -0.952546 -2.4412 1.317 -3.16062 0.480129 0.00539259 0.302804 0.47081 -1.48788 -0.0128689 -2.18197 -0.00851498
internal_weight=58400 318 192 126 170 111 58082 3359 3072 287 54723 108 54615
internal_count=58400 318 192 126 170 111 58082 3359 3072 287 54723 108 54615
is_linear=0
shrinkage=0.0940712


Tree=83
num_leaves=15
num_cat=0
split_feature=57 22 57 45 2 31 26 6 47 1 47 34 24 51
split_gain=32743.4 115707 135222 107812 107700 177055 121136 141988 104916 88854.6 80787.4 72498.1 114050 62759.1
threshold=176.50000000000003 206.50000000000003 114.50000000000001 349.50000000000006 89.635000000000005 83.071428571428584 476.50000000000006 6.5000000000000009 381.83333333333343 43.675000000000004 392.50000000000006 186.39285714285717 296.50000000000006 334.25000000000006
decision_type=10 2 8 10 2 2 8 2 2 2 2 2 8 2
left_child=1 11 3 -3 6 -6 10 -8 -7 -4 -2 13 -13 -1
right_child=4 2 9 -5 5 8 7 -9 -10 -11 -12 12 -14 -15
leaf_value=-0.011144618736244248 0.39368269874194928 0.24520786752869778 -2.0169558332995714 -0.74000852808033601 7.2505738979089731 -1.4910838531005566 8.4478993690055315 1.2888831967471166 1.293081484420898 -0.64369853817864275 -0.5903818121948996 1.1684456247226009 -0.65368959835341856 0.7144081843029304
leaf_weight=41429 5466 3065 525 1445 22 703 32 94 143 2021 852 1104 418 1081
leaf_count=41429 5466 3065 525 1445 22 703 32 94 143 2021 852 1104 418 1081
internal_value=0.000156604 -0.0264914 -0.380106 -0.0705735 0.186326 -0.796429 0.318882 3.18919 -1.01881 -0.927984 0.260846 0.0301829 0.667777 0.00732828
internal_weight=58400 51088 7056 4510 7312 868 6444 126 846 2546 6318 44032 1522 42510
internal_count=58400 51088 7056 4510 7312 868 6444 126 846 2546 6318 44032 1522 42510
is_linear=0
shrinkage=0.0940712


Tree=84
num_leaves=13
num_cat=0
split_feature=37 43 32 41 5 34 38 59 61 31 34 1
split_gain=31505.4 82448.7 76656.7 97375.9 80325.2 45117.6 123066 122503 102227 54316.5 56879.6 40111.7
threshold=188.87500000000003 487.50000000000006 159.73661356750242 215.09128911202677 79.205000000000013 204.67857142857147 112.08850374570254 -0.46500000000000336 2.0883165420864485 264.64285714285717 183.67857142857147 9.2150000000000016
decision_type=2 10 2 2 2 2 2 2 2 2 2 2
left_child=5 2 4 -4 -2 9 8 -8 -7 11 -11 -1
right_child=1 -3 3 -5 -6 6 7 -9 -10 10 -12 -13
leaf_value=0.42730519440600206 -1.3620506842355393 -5.6260811826489006 6.7380711807190661 -2.4758889535419999 1.6281155708406907 7.5431412013701955 1.8494671854950555 -0.95249417620893073 -0.75514215917247351 -6.7321741608161423 -0.45235767871500404 -0.013348841215949869
leaf_weight=1889 395 27 26 14.999999999999998 98 39 260 291 19 20 32 55289
leaf_count=1889 395 27 26 15 98 39 260 291 19 20 32 55289
internal_value=0.000178729 -0.700406 -0.435443 3.39698 -0.764138 0.00699485 0.811374 0.370927 4.87408 -0.00158446 -2.99587 0.00121819
internal_weight=58400 561 534 41 493 57839 609 551 58 57230 52 57178
internal_count=58400 561 534 41 493 57839 609 551 58 57230 52 57178
is_linear=0
shrinkage=0.0940712


Tree=85
num_leaves=15
num_cat=0
split_feature=50 49 25 43 37 45 61 70 1 45 10 38 42 37
split_gain=31430.9 91052.5 128214 71974.4 51337.6 40729 31295.2 162554 193195 141810 49434 85473.1 48903.4 27862.5
threshold=191.77621664589068 286.58571428571435 150.50000000000003 467.50000000000006 119.48214285714288 375.50000000000006 5.3351449275362333 1.0000000180025095e-35 78.825000000000003 421.50000000000006 1.5000000000000002 112.39898168864453 260.50000000000006 147.58928571428575
decision_type=2 2 10 10 2 10 2 2 2 10 2 2 2 2
left_child=6 2 4 13 -2 -4 10 8 -8 -9 11 -1 -12 -3
right_child=1 3 5 -5 -6 -7 7 9 -10 -11 12 -13 -14 -15
leaf_value=0.064955329075572582 -0.83799394390194237 -7.3392758717304893 -6.58914778994804 1.128222104176263 3.4354457707319193 -1.2322970554249111 -3.7995135671003375 0.10971576775474352 -0.35638880665276257 -0.83070748704689024 0.15727016065021571 -1.3578027779903825 -0.037186363945922306 -2.514932523409521
leaf_weight=975 37 32 22 18 71 29 226 8370 395 1707 21774 604 24121 19
leaf_count=975 37 32 22 18 71 29 226 8370 395 1707 21774 604 24121 19
internal_value=0.000160642 -1.09841 0.147467 -3.91088 1.97917 -3.67259 0.00449795 -0.140838 -1.61603 -0.0496793 0.0372547 -0.480003 0.0550693 -5.67247
internal_weight=58400 228 159 69 108 51 58172 10698 621 10077 47474 1579 45895 51
internal_count=58400 228 159 69 108 51 58172 10698 621 10077 47474 1579 45895 51
is_linear=0
shrinkage=0.0940712


Tree=86
num_leaves=15
num_cat=0
split_feature=56 5 47 58 38 8 25 27 43 1 63 40 23 63
split_gain=31569.4 91083.2 90924.5 106481 89000.4 83173.8 85120.3 60745 138101 116244 107990 170135 80331.4 78251.8
threshold=-83.499999999999986 8.7350000000000012 322.83333333333343 0.99999996654399215 146.84820771813557 34.95000000000001 246.50000000000003 49.500000000000007 493.50000000000006 36.395000000000003 -132.49999999999997 160.93053053308259 1.5000000000000002 -120.49999999999999
decision_type=8 2 2 2 2 2 8 8 10 2 2 2 10 2
left_child=1 5 4 -4 -3 6 -1 8 12 -10 11 -9 -2 -12
right_child=7 2 3 -5 -6 -7 -8 10 9 -11 13 -13 -14 -15
leaf_value=-4.5899156092977327 -2.2546041493287508 -0.015947877791245599 1.6982144850451739 -0.80618878570427321 3.8610613817449608 2.2743353866348812 1.3633925180159769 1.0406500180784666 8.43683070376313 1.7556152985847895 -1.5024717822427451 10.246705095447473 0.24091124820331192 -0.024501085710201077
leaf_weight=101 114 16808 160 2157 51 27 26 436 28 111 319 17 9366 28679
leaf_count=101 114 16808 160 2157 51 27 26 436 28 111 319 17 9366 28679
internal_value=9.40105e-05 -0.0982299 -0.0798251 -0.632166 -0.00385561 -2.36537 -3.36839 0.0487453 0.253972 3.18114 -0.0182895 1.42042 0.210522 -0.0408443
internal_weight=58400 19330 19176 2317 16859 154 127 39070 9619 139 29451 453 9480 28998
internal_count=58400 19330 19176 2317 16859 154 127 39070 9619 139 29451 453 9480 28998
is_linear=0
shrinkage=0.0940712


Tree=87
num_leaves=15
num_cat=0
split_feature=25 53 52 42 26 57 71 33 52 44 44 27 42 44
split_gain=28473.2 101664 111683 96069.1 90969 89368.1 61311.8 39643.6 80759.3 150275 78374.4 88195.7 73428.8 69904.3
threshold=12.500000000000002 188.50000000000003 120.80287730170068 338.50000000000006 363.50000000000006 -248.49999999999997 229.50000000000003 229.50000000000003 98.799399939275688 313.50000000000006 60.500000000000007 268.50000000000006 497.50000000000006 76.500000000000014
decision_type=8 2 2 2 10 10 2 2 2 8 8 10 2 8
left_child=1 2 3 -1 -4 -3 -7 8 9 -2 11 -9 -10 -12
right_child=7 5 4 -5 -6 6 -8 10 12 -11 13 -13 -14 -15
leaf_value=0.089513199777811456 -1.590954194695684 4.0240389835200627 -0.32026286694484024 2.0688716098236726 -2.8973529567162979 0.45544640521306501 -3.4107161883738053 -1.2257557193544568 0.22832042477378764 1.0454423244586555 0.64046862174812769 1.5432159668092835 3.7536684773672073 -0.027395672914925631
leaf_weight=677 567 18 2460 318 126 45 178 810 10414 287 1434 115 51 40900
leaf_count=677 567 18 2460 318 126 45 178 810 10414 287 1434 115 51 40900
internal_value=0.00014021 -0.248021 -0.121684 0.724489 -0.44755 -2.11187 -2.63224 0.0175274 0.174252 -0.704514 -0.0234825 -0.879348 0.24607 -0.00474701
internal_weight=58400 3822 3581 995 2586 241 223 54578 11319 854 43259 925 10465 42334
internal_count=58400 3822 3581 995 2586 241 223 54578 11319 854 43259 925 10465 42334
is_linear=0
shrinkage=0.0940712


Tree=88
num_leaves=16
num_cat=0
split_feature=23 49 35 45 2 2 34 27 38 44 27 59 20 27 70
split_gain=29916.9 78989.4 135557 82895.7 65012.8 108108 93966.9 61321.8 114602 118651 78104.8 105484 61627.5 60615.4 58050.4
threshold=196.50000000000003 201.35714285714286 80.566554968682837 82.500000000000014 95.265000000000015 91.745000000000019 111.89285714285715 428.50000000000006 106.8811923830428 130.50000000000003 357.50000000000006 1.7100000000000046 0.61559370248597556 200.50000000000003 4.5000000000000009
decision_type=10 2 2 8 2 2 2 10 2 10 10 2 2 10 2
left_child=7 2 13 -4 5 -3 -6 10 14 -10 12 -12 -1 -2 -9
right_child=1 4 3 -5 6 -7 -8 8 9 -11 11 -13 -14 -15 -16
leaf_value=0.020139794186872922 0.89834726670780085 0.15870381257136038 3.0165506250540464 -2.2769959290565502 3.8709615494374852 -1.1482025980961199 0.61511841564584391 -0.04695359409448692 1.9114799881272817 -2.28811095250449 1.1515967602968846 -0.48081551910754555 -0.23444567269880898 6.9624910497769124 6.1398531359027375
leaf_weight=29326 60 13391 27 340 87 583 698 27 70 360 1071 519 11798 18 25
leaf_count=29326 60 13391 27 340 87 583 698 27 70 360 1071 519 11798 18 25
internal_value=0.000138434 0.113622 -1.11899 -1.87608 0.15091 0.104048 0.983086 -0.039805 -1.09321 -1.59972 -0.0278754 0.618724 -0.0529009 2.40853 3.01739
internal_weight=58400 15204 445 367 14759 13974 785 43196 482 430 42714 1590 41124 78 52
internal_count=58400 15204 445 367 14759 13974 785 43196 482 430 42714 1590 41124 78 52
is_linear=0
shrinkage=0.0940712


Tree=89
num_leaves=16
num_cat=0
split_feature=29 29 2 38 51 61 51 37 56 28 33 45 24 54 58
split_gain=31078.8 77337.3 141105 137930 108545 85576.6 160349 78180.4 69285.2 149405 103780 96089.5 52820.8 81729.8 57845
threshold=65.046137471797635 112.66321493726332 83.455000000000013 131.7426217524154 344.46428571428578 48.309523809523817 332.03571428571433 90.267857142857153 -298.49999999999994 32.500000000000007 465.50000000000006 128.50000000000003 434.50000000000006 197.50000000000003 7.2272953675098313
decision_type=2 2 2 2 2 2 2 2 8 2 2 10 10 2 2
left_child=8 2 4 -4 -2 7 -7 -3 9 11 -11 -1 14 -14 -10
right_child=1 5 3 -5 -6 6 -8 -9 12 10 -12 -13 13 -15 -16
leaf_value=-2.3400688231071238 0.030183506844573577 -3.3713567251762266 0.62182126215748879 3.709015785503806 1.8698592355186576 0.72228935576889652 7.6906593596805291 -0.092455901065037968 -0.15007976935747269 0.04575192971896283 4.7744105429296111 4.3983979376407385 2.1755925291025213 -3.3403879571429376 1.2381664165178623
leaf_weight=21 14325 63 3180 132 288 403 30 20114 18107 1177 41 123 30 98 268
leaf_count=21 14325 63 3180 132 288 403 30 20114 18107 1177 41 123 30 98 268
internal_value=0.00017197 0.0494456 0.19234 0.746589 0.0666453 -0.0748317 1.23128 -0.10296 -0.0954012 0.551738 0.210939 3.40028 -0.143086 -2.03597 -0.129722
internal_weight=58400 38535 17925 3312 14613 20610 433 20177 19865 1362 1218 144 18503 128 18375
internal_count=58400 38535 17925 3312 14613 20610 433 20177 19865 1362 1218 144 18503 128 18375
is_linear=0
shrinkage=0.0940712


Tree=90
num_leaves=15
num_cat=0
split_feature=57 22 57 10 44 2 31 56 23 45 11 5 31 35
split_gain=28331.7 91813.8 110978 107452 92745.5 90985.6 146008 100130 103304 101670 90896.2 61773.2 94932.3 85540.9
threshold=176.50000000000003 206.50000000000003 114.50000000000001 12.500000000000002 92.500000000000014 89.635000000000005 83.071428571428584 364.50000000000006 373.50000000000006 498.50000000000006 42.500000000000007 82.975000000000009 207.78571428571431 127.50824147510392
decision_type=10 2 8 2 8 2 2 10 10 8 2 2 2 2
left_child=1 11 3 -3 -4 7 -7 9 -9 -2 -8 12 -1 -13
right_child=5 2 4 -5 -6 6 10 8 -10 -11 -12 13 -14 -15
leaf_value=-0.055571784144797298 0.35562119390395108 0.50814135802069238 1.7937481476392225 -0.43055720494897137 -0.95804737488061831 6.5775838442914303 -1.3897389241501055 -1.3092959791279077 5.2146377309270759 3.7629348977744219 1.134384726337768 0.38156131111679931 0.83665883840976107 -0.4544325279557902
leaf_weight=34521 5886 1784 112 2726 2434 22 693 460 21 77 153 7149 1087 1275
leaf_count=34521 5886 1784 112 2726 2434 22 693 460 21 77 153 7149 1087 1275
internal_value=0.000202037 -0.0245856 -0.33958 -0.0591652 -0.83592 0.173376 -0.729905 0.295214 -1.00825 0.400614 -0.931851 0.0258988 -0.0282958 0.254955
internal_weight=58400 51088 7056 4510 2546 7312 868 6444 481 5963 846 44032 35608 8424
internal_count=58400 51088 7056 4510 2546 7312 868 6444 481 5963 846 44032 35608 8424
is_linear=0
shrinkage=0.0940712


Tree=91
num_leaves=15
num_cat=0
split_feature=27 45 43 23 24 30 2 54 27 28 37 50 57 38
split_gain=27707.1 113180 114558 121859 111963 95916 88478.5 41674.1 126747 121243 116902 37947.7 95490 42672.5
threshold=9.5000000000000018 157.50000000000003 166.50000000000003 166.50000000000003 32.500000000000007 437.50000000000006 93.695000000000007 58.500000000000007 21.500000000000004 83.166666666666671 183.72670807453417 66.918392975352518 -91.499999999999986 99.498125530663444
decision_type=10 8 8 8 8 2 2 2 10 2 2 2 10 2
left_child=1 5 4 -4 -3 6 -1 8 9 -2 -10 12 -9 -13
right_child=7 2 3 -5 -6 -7 -8 11 10 -11 -12 13 -14 -15
leaf_value=-1.0339307177309951 -3.5846244070916957 3.3034008432778155 -0.84925220970058912 0.33595223678922137 0.47009251122836365 4.0592262912043804 -4.4837959440921891 -2.2853580891063636 -0.92643833936271958 4.9057011224100338 5.9166792221962288 0.17985294387299824 -0.051524006466950385 -0.010386118217456407
leaf_weight=854 18 143 1593 1479 851 29 70 216 1099 64 21 14592 765 36606
leaf_count=854 18 143 1593 1479 851 29 70 216 1099 64 21 14592 765 36606
internal_value=0.000223597 -0.211054 0.00532663 -0.278719 0.88237 -1.13288 -1.30254 0.0200963 -0.527171 3.0083 -0.789959 0.0327211 -0.546356 0.0438355
internal_weight=58400 5019 4066 3072 994 953 924 53381 1202 82 1120 52179 981 51198
internal_count=58400 5019 4066 3072 994 953 924 53381 1202 82 1120 52179 981 51198
is_linear=0
shrinkage=0.0940712


Tree=92
num_leaves=16
num_cat=0
split_feature=61 70 1 45 47 39 1 45 6 47 46 52 53 16 64
split_gain=28493.7 132185 158274 115479 101631 94771.4 88425.7 70581.6 63009.7 104154 117232 76555.6 57090.3 83817.9 50370
threshold=5.3351449275362333 1.0000000180025095e-35 78.825000000000003 134.50000000000003 313.16666666666669 313.50000000000006 93.575000000000017 421.50000000000006 2.5000000000000004 375.16666666666669 471.50000000000006 122.01199049341649 20.500000000000004 -0.8783796973249266 5.8360215053763449
decision_type=2 2 2 10 2 2 2 10 2 2 8 2 2 2 2
left_child=8 2 5 4 -3 -2 -4 -5 9 10 -1 -11 13 -10 -14
right_child=1 3 6 7 -6 -7 -8 -9 12 11 -12 -13 14 -15 -16
leaf_value=0.9005676860708296 1.6006007805494744 0.15097835028880269 3.7791331433681736 -0.072414167864790158 1.6078279677204568 -4.1660462215789424 -0.80614722301219299 -0.75276900412363035 3.208785215825007 1.6209307953355947 -1.5053104249330262 -2.3637851605525895 0.0011308232990553033 -2.0622090787289178 0.78761596960471636
leaf_weight=2044 28 1471 40 6340 594 198 355 1713 29 55 195 175 44216 216 731
leaf_count=2044 28 1471 40 6340 594 198 355 1713 29 55 195 175 44216 216 731
internal_value=0.00021711 -0.138197 -1.46863 -0.0563143 0.571002 -3.44496 -0.328445 -0.21727 0.0314109 0.49401 0.690075 -1.40587 0.00611843 -1.42141 0.0139516
internal_weight=58400 10739 621 10118 2065 226 395 8053 47661 2469 2239 230 45192 245 44947
internal_count=58400 10739 621 10118 2065 226 395 8053 47661 2469 2239 230 45192 245 44947
is_linear=0
shrinkage=0.0940712


Tree=93
num_leaves=16
num_cat=0
split_feature=1 58 34 25 8 2 2 27 34 31 51 34 56 34 29
split_gain=27902.3 109581 149911 150341 112918 108325 178989 105619 33592.4 105539 99952.4 67274.6 97831.1 96829.2 31385.2
threshold=1.9850000000000001 1.0585137391452715 119.39285714285715 212.50000000000003 18.850000000000005 88.585000000000022 83.805000000000021 24.500000000000004 93.171428571428592 135.78571428571431 292.59821428571433 113.89285714285715 -13.499999999999998 115.80194805194806 119.61047878677319
decision_type=2 2 2 10 2 2 2 10 2 2 2 2 10 2 2
left_child=1 2 4 -4 -1 6 -3 -7 9 10 -2 12 -10 -13 -11
right_child=8 5 3 -5 -6 7 -8 -9 11 14 -12 13 -14 -15 -16
leaf_value=-4.5512058017479662 -0.3363162066898488 -0.044223649282060212 5.9792057445885218 -0.56338271832982256 3.8021106589122327 3.0706916300857099 7.7562934255510783 -5.3240971232927059 -0.085410664459892857 -7.9689267609861796 2.0422188970417325 -0.86642384429215924 0.52020613424082895 -0.013721809241205245 -1.9629593131014533
leaf_weight=38 3545 468 102 44 21 15.999999999999998 26 57 4406 18 162 1210 5081 43191 14.999999999999998
leaf_count=38 3545 468 102 44 21 16 26 57 4406 18 162 1210 5081 43191 15
internal_value=0.000201742 0.561425 2.41647 4.02151 -1.55454 -0.113842 0.38922 -3.45668 -0.00732937 -0.279898 -0.231521 0.011593 0.238961 -0.0369918 -5.45461
internal_weight=58400 772 205 146 59 567 494 73 57628 3740 3707 53888 9487 44401 33
internal_count=58400 772 205 146 59 567 494 73 57628 3740 3707 53888 9487 44401 33
is_linear=0
shrinkage=0.0940712


Tree=94
num_leaves=15
num_cat=0
split_feature=63 65 46 45 59 37 58 7 25 27 2 58 36 56
split_gain=28450.8 101899 81813.6 122554 67606.4 49214.1 52379.8 33197.7 119389 110030 83653.5 48505.5 91721.1 78829.3
threshold=-152.49999999999997 1.5000000000000002 423.50000000000006 245.50000000000003 -3.9449999999999998 151.60912698412702 1.2627832940283141 207.50000000000003 51.500000000000007 9.5000000000000018 16.085000000000004 1.2487561930191504 484.50000000000006 280.50000000000006
decision_type=2 2 8 10 2 2 2 2 8 10 2 2 2 10
left_child=1 5 4 -4 -3 6 -1 11 9 -9 -10 12 -2 -13
right_child=7 2 3 -5 -6 -7 -8 8 10 -11 -12 13 -14 -15
leaf_value=0.54316440187216053 -0.10114098640322748 2.261519927453691 -4.1713133132132443 6.4343929223367748 -3.8530387950448564 -2.4456373729435881 5.0275308862533326 -2.4812026395034787 -0.77791230338582762 -0.21001314918181399 0.40509103188611068 0.12978703686732346 -2.4070131701446349 -0.59976713555485572
leaf_weight=67 26143 17 15.999999999999998 20 139 25 34 201 565 2782 7983 18849 152 1407
leaf_count=67 26143 17 16 20 139 25 34 201 565 2782 7983 18849 152 1407
internal_value=0.000185402 -0.885 -2.24221 1.73993 -3.1701 1.18427 2.10754 0.00505764 0.147945 -0.36431 0.326755 -0.0303375 -0.114617 0.079063
internal_weight=58400 318 192 36 156 126 101 58082 11531 2983 8548 46551 26295 20256
internal_count=58400 318 192 36 156 126 101 58082 11531 2983 8548 46551 26295 20256
is_linear=0
shrinkage=0.0940712


Tree=95
num_leaves=15
num_cat=0
split_feature=37 48 50 26 50 26 58 37 48 0 23 22 30 70
split_gain=28560.9 73189.7 75617.6 83254.4 59722.6 55059.9 60377.3 37199.5 77753.9 102836 72627.9 38983 42539.8 22054.7
threshold=188.87500000000003 189.84994074268221 153.56493894978766 188.50000000000003 108.15894388608972 204.50000000000003 1.1533977374614492 167.76785714285717 219.3870240145454 68.500000000000014 268.50000000000006 478.50000000000006 414.50000000000006 4.5000000000000009
decision_type=2 2 2 10 2 8 2 2 2 2 10 2 2 2
left_child=7 2 4 -4 -2 -3 -7 11 10 -10 -9 12 -1 -13
right_child=1 5 3 -5 -6 6 -8 8 9 -11 -12 13 -14 -15
leaf_value=-0.028027459168511501 0.68432341724786094 -6.8537225898852965 5.8957378903718913 -2.032031356996991 -1.5298084025635448 -5.3966751235737673 2.168266773584957 -0.0013707850013058151 -2.4182119608862251 6.2958701370449415 0.98953473115548451 -0.38938167235183729 0.38096088956178065 -4.507541330535533
leaf_weight=51889 175 26 32 17 276 14.999999999999998 20 2628 15.999999999999998 39 870 21 2351 25
leaf_count=51889 175 26 32 17 276 15 20 2628 16 39 870 21 2351 25
internal_value=0.000161499 -0.666883 -0.286131 3.16498 -0.67099 -3.70075 -1.16241 0.0066514 0.301475 3.76186 0.245376 -0.0126505 -0.0102873 -2.70467
internal_weight=58400 561 500 49 451 61 35 57839 3553 55 3498 54286 54240 46
internal_count=58400 561 500 49 451 61 35 57839 3553 55 3498 54286 54240 46
is_linear=0
shrinkage=0.0940712


Tree=96
num_leaves=15
num_cat=0
split_feature=24 51 43 59 54 61 48 24 46 27 6 59 6 25
split_gain=27345.8 87632.6 85303.7 104961 65181.9 78342.4 65540.3 34299.9 162979 137034 31440 115236 46829.3 18497.4
threshold=3.5000000000000004 302.89010989010995 452.50000000000006 2.3600000000000008 428.50000000000006 1.2382399041121153 183.23118365430381 4.5000000000000009 484.50000000000006 33.500000000000007 15.500000000000002 0.20000000000000021 13.500000000000002 76.500000000000014
decision_type=8 2 10 2 2 2 2 8 8 10 2 2 2 10
left_child=1 4 3 -3 5 -1 -6 8 9 -2 12 -12 -9 -4
right_child=7 2 13 -5 6 -7 -8 10 -10 -11 11 -13 -14 -15
leaf_value=-2.1957811951788866 4.7412458868934761 0.77083441911237072 -0.70159452172646186 6.0410026481529107 -4.5224969308556178 -0.11355312317935654 2.1515949657559852 0.010506082188156289 9.8107311012979288 -0.54785176243447187 0.61068537697581426 -0.22512632126831147 -0.29104713253451714 -4.9596692315834128
leaf_weight=203 52 121 20 45 68 734 14.999999999999998 45980 15.999999999999998 226 3050 2797 5057 15.999999999999998
leaf_count=203 52 121 20 45 68 734 15 45980 16 226 3050 2797 5057 16
internal_value=0.000128536 -0.439909 1.34308 2.24323 -0.794648 -0.567702 -3.29739 0.00954691 1.02032 0.461979 0.00429273 0.210887 -0.0193788 -2.72494
internal_weight=58400 1222 202 166 1020 937 83 57178 294 278 56884 5847 51037 36
internal_count=58400 1222 202 166 1020 937 83 57178 294 278 56884 5847 51037 36
is_linear=0
shrinkage=0.0940712


Tree=97
num_leaves=14
num_cat=0
split_feature=29 8 53 53 11 30 47 8 36 59 34 59 8
split_gain=27259.5 70155.5 78158.7 99905.9 39913.1 28494.1 89008.4 96896.8 90672.4 33890.7 71919.6 51253.8 25479.8
threshold=238.62907020697114 3.5500000000000003 69.500000000000014 109.50000000000001 41.500000000000007 444.50000000000006 386.50000000000006 11.050000000000002 445.50000000000006 -3.7499999999999987 204.67857142857147 -2.4700000000000011 2.0500000000000003
decision_type=2 2 2 2 2 2 2 2 2 2 2 2 2
left_child=5 12 4 -4 -3 9 8 -8 -7 10 -1 -11 -2
right_child=1 2 3 -5 -6 6 7 -9 -10 11 -12 -13 -14
leaf_value=0.15076801217116448 -2.1830651781875656 -5.0435014057336529 4.2635455136133595 -0.95333650285313765 0.51379693527233938 7.1808001049302383 0.9610180273425768 -2.5471011687599985 0.84143871238728063 -0.26071642209251067 2.648182513060676 0.0075802116888812549 -7.4341721285534472
leaf_weight=7031 19 36 48 93 15.999999999999998 19 127 151 748 7393 102 42601 15.999999999999998
leaf_count=7031 19 36 48 93 16 19 127 151 748 7393 102 42601 16
internal_value=0.000142647 -1.02294 -0.303931 0.848983 -3.36608 0.00418204 0.490601 -0.947603 1.01291 -0.00472677 0.18707 -0.0320993 -4.80199
internal_weight=58400 228 193 141 52 58172 1045 278 767 57127 7133 49994 35
internal_count=58400 228 193 141 52 58172 1045 278 767 57127 7133 49994 35
is_linear=0
shrinkage=0.0940712


Tree=98
num_leaves=16
num_cat=0
split_feature=1 20 54 41 47 10 39 63 31 61 1 41 29 45 20
split_gain=26282 35667.4 81565.6 86275.5 81307 39833.8 104141 35352.9 13620.3 16635 11519.9 10972.7 17154.8 9202.64 7048.7
threshold=328.55500000000006 -0.99635443704902682 486.50000000000006 125.70737043503841 384.83333333333343 1.5000000000000002 468.50000000000006 -152.49999999999997 121.78571428571429 1.0071346160371919 332.38000000000005 130.71100925365957 36.386810797320244 295.50000000000006 0.35460488704253579
decision_type=2 2 2 2 2 2 2 2 2 2 2 2 2 10 2
left_child=1 2 4 -4 -1 6 -3 -7 11 14 -11 13 -13 -2 -10
right_child=8 5 3 -5 -6 7 -8 -9 9 10 -12 12 -14 -15 -16
leaf_value=0.50847964757448194 -0.1072897214739727 -0.27856904198179394 0.88654500448735329 -6.0125548110244686 3.8955040006686286 -1.0692381808136984 -3.2092281924020449 -0.0084675230793994517 0.95423394794359151 1.1956781245597188 0.27256389976780987 -3.0848073056845422 -0.33140022445367501 0.36385999431129679 3.3727525532192653
leaf_weight=892 848 1511 30 32 66 278 114 50949 25 124 2661 21 185 644 20
leaf_count=892 848 1511 30 32 66 278 114 50949 25 124 2661 21 185 644 20
internal_value=0.000124765 -0.0181713 0.532382 -2.73252 0.747914 -0.0288143 -0.487127 -0.014259 0.217761 0.344084 0.314357 0.00702644 -0.63379 0.0961584 2.1089
internal_weight=58400 53872 1020 62 958 52852 1625 51227 4528 2830 2785 1698 206 1492 45
internal_count=58400 53872 1020 62 958 52852 1625 51227 4528 2830 2785 1698 206 1492 45
is_linear=0
shrinkage=0.0940712


Tree=99
num_leaves=16
num_cat=0
split_feature=19 47 53 55 53 58 6 8 47 69 22 23 53 22 52
split_gain=26080.5 138842 118504 110658 110038 108589 87975.2 82051.5 56623.5 106736 103192 150898 95589.3 87640.6 83549.9
threshold=-0.9330127018922193 275.83333333333343 161.50000000000003 -334.49999999999994 26.500000000000004 0.99999991442018865 2.5000000000000004 3.0500000000000003 263.16666666666669 7.5000000000000009 399.50000000000006 78.500000000000014 38.500000000000007 330.50000000000006 110.51523936388425
decision_type=2 2 2 10 2 2 2 2 2 2 2 10 2 2 2
left_child=1 4 3 -3 7 -4 -6 -1 10 14 13 -12 -11 -2 -10
right_child=8 2 5 -5 6 -7 -8 -9 9 12 11 -13 -14 -15 -16
leaf_value=-3.3701377285070722 0.097740652085555352 -3.2055325962913948 8.6981058743533239 0.51755069550662436 1.923639708812221 1.6979904650613973 -0.56324639210061533 3.925993592878422 -0.61218780547913665 -0.85498668739753214 0.40654680969219753 6.4839173516543722 0.37850364761322763 -1.2326599849025057 -0.12025757420521553
leaf_weight=14.999999999999998 23332 72 19 1787 132 496 2196 83 3602 619 108 53 5342 445 20099
leaf_count=15 23332 72 19 1787 132 496 2196 83 3602 619 108 53 5342 445 20099
internal_value=0.000106158 0.210145 0.721385 0.370717 -0.290227 1.982 -0.420988 2.77263 -0.0187065 -0.105565 0.0889164 2.45101 0.250204 0.0727568 -0.19506
internal_weight=58400 4800 2374 1859 2426 515 2328 98 53600 29662 23938 161 5961 23777 23701
internal_count=58400 4800 2374 1859 2426 515 2328 98 53600 29662 23938 161 5961 23777 23701
is_linear=0
shrinkage=0.0940712


Tree=100
num_leaves=16
num_cat=0
split_feature=0 41 1 63 49 71 51 8 0 1 38 63 1 39 64
split_gain=27145.5 128008 105299 166941 118241 87502 92189.8 74534.7 51720.8 113022 216235 90088.1 31256.5 98932.6 31713.8
threshold=194.50000000000003 107.44529350673866 45.155000000000008 264.50000000000006 280.64285714285717 339.50000000000006 243.46428571428575 1.3500000000000003 184.50000000000003 9.2150000000000016 102.50161632469445 286.50000000000006 1.9850000000000001 479.50000000000006 0.16351456079167787
decision_type=2 2 2 2 2 2 2 2 2 2 2 2 2 2 2
left_child=8 5 3 -3 -4 7 -7 -2 12 10 -10 -11 13 -1 -14
right_child=1 2 4 -5 -6 6 -8 -9 9 11 -12 -13 14 -15 -16
leaf_value=0.41706773578738704 2.1215362467490477 -2.0332798846313049 1.2213123614598296 6.3490147424370278 -0.57308479486047137 4.9382671771920803 -1.7033491518078712 -3.5042450156357461 7.4606714157789886 0.34652951881904687 -0.91261650322949817 -3.0525720159190115 0.29391638317173968 7.0418518556439524 -0.035875995454176836
leaf_weight=687 22 317 687 21 614 27 51 215 54 3126 53 69 2720 19 49718
leaf_count=687 22 317 687 21 614 27 51 215 54 3126 53 69 2720 19 49718
internal_value=0.000132014 -0.344433 -0.00985996 -1.48531 0.374687 -2.07624 0.64588 -2.97102 0.0120713 0.373235 3.35852 0.271627 -0.0103768 0.61068 -0.0187588
internal_weight=58400 1954 1639 338 1301 315 78 237 56446 3302 107 3195 53144 706 52438
internal_count=58400 1954 1639 338 1301 315 78 237 56446 3302 107 3195 53144 706 52438
is_linear=0
shrinkage=0.0940712


Tree=101
num_leaves=13
num_cat=0
split_feature=47 55 9 30 36 47 30 48 45 37 21 37
split_gain=25954.1 76724.1 67911.6 74979 62039.9 27310.3 113435 88888.3 81258 37462 96829.8 69828.4
threshold=92.166666666666671 -55.499999999999993 1.5000000000000002 54.500000000000007 375.50000000000006 132.83333333333334 136.50000000000003 93.305055201496359 90.500000000000014 97.017857142857153 0.29696027566504685 99.303571428571445
decision_type=2 8 2 2 2 2 2 2 8 2 2 2
left_child=1 -1 3 -3 -4 6 8 -8 -2 10 -7 -11
right_child=5 2 4 -5 -6 9 7 -9 -10 11 -12 -13
leaf_value=5.0033042254311724 -2.6933356441052116 4.7932943193395943 -3.8483568525320933 -1.4542372436722557 0.34801930297931394 -1.2447076099701682 2.8335916379165504 -1.681048235722481 0.22755089532516778 1.1847981225378394 0.26084146221062487 -0.0029369814634238852
leaf_weight=15.999999999999998 90 26 103 43 44 731 235 45 1059 440 780 54788
leaf_count=16 90 26 103 43 44 731 235 45 1059 440 780 54788
internal_value=0.000166012 -0.989499 -1.46671 0.95209 -2.60099 0.00414186 0.410081 2.10228 -0.004474 -0.0060907 -0.467971 0.00655661
internal_weight=58400 232 216 69 147 58168 1429 280 1149 56739 1511 55228
internal_count=58400 232 216 69 147 58168 1429 280 1149 56739 1511 55228
is_linear=0
shrinkage=0.0940712


Tree=102
num_leaves=15
num_cat=0
split_feature=50 49 25 46 43 45 35 35 55 64 50 39 43 41
split_gain=25557.4 74667.5 106615 65391.7 61141.2 33929.2 31465.3 26746.8 85205 104108 95677.5 40681.1 114625 50474.5
threshold=191.77621664589068 286.58571428571435 150.50000000000003 185.50000000000003 467.50000000000006 375.50000000000006 139.1365445216139 55.788946791323454 -289.49999999999994 1.7799082568807341 114.24743406517369 305.50000000000006 172.50000000000003 82.857489181270282
decision_type=2 2 10 10 10 10 2 2 8 2 2 2 8 2
left_child=7 2 3 -2 6 -4 -3 8 9 -1 -10 12 -9 -13
right_child=1 4 5 -5 -6 -7 -8 11 10 -11 -12 13 -14 -15
leaf_value=8.5527021167817949 -0.96451721022063697 -6.7671447907897733 -6.0077560281425155 3.6935900495021081 1.1022663103959569 -1.1184297978318354 -1.6439049847772893 1.1412747201920941 0.26025592367449729 -1.7092150919665003 -1.8912508471269389 0.76206722312276454 -0.021167927835319653 -0.019961908557287234
leaf_weight=18 44 34 22 64 18 29 17 1055 384 14.999999999999998 347 739 2592 53022
leaf_count=18 44 34 22 64 18 29 17 1055 384 15 347 739 2592 53022
internal_value=0.000159768 -0.990466 0.137651 1.80799 -3.53735 -3.34577 -5.16137 0.00407109 -0.548291 4.01805 -0.762729 0.011439 0.315412 -0.00918795
internal_weight=58400 228 159 108 69 51 51 58172 764 33 731 57408 3647 53761
internal_count=58400 228 159 108 69 51 51 58172 764 33 731 57408 3647 53761
is_linear=0
shrinkage=0.0940712


Tree=103
num_leaves=16
num_cat=0
split_feature=37 52 11 38 64 38 11 46 36 27 1 9 46 54 38
split_gain=26697.2 93056.5 135647 104338 114856 103807 90554.1 89859.6 82666 119333 104242 85554 58869.4 130378 53732.8
threshold=135.54058441558445 100.82388627532171 38.500000000000007 99.498125530663444 43.125000000000007 119.34864005615165 36.500000000000007 159.50000000000003 275.50000000000006 71.500000000000014 87.595000000000013 1.0000000180025095e-35 498.50000000000006 182.50000000000003 89.866313849484342
decision_type=2 2 2 2 2 2 2 8 2 8 2 2 10 2 2
left_child=1 2 6 4 -3 -5 -1 -4 9 10 -2 -11 14 -14 -10
right_child=8 3 7 5 -6 -7 -8 -9 12 11 -12 -13 13 -15 -16
leaf_value=-0.94642310614396208 4.0162280288243712 0.14210228036699041 -1.6154755595188217 -0.30111077072073689 2.7642263109833851 0.43013721407389127 -3.9200456590666279 1.51848191561835 -1.0593927715142444 2.1276120345805043 0.87781224038459815 -0.10448829373896325 5.5354961613226425 -0.41965128807267255 0.032717827340190485
leaf_weight=1328 157 12858 106 12087 148 2001 96 327 403 179 232 958 53 80 27387
leaf_count=1328 157 12858 106 12087 148 2001 96 327 403 179 232 958 53 80 27387
internal_value=0.000132279 -0.0640123 -0.707939 -0.0198352 0.172278 -0.197202 -1.15105 0.747939 0.0631965 0.737037 2.15579 0.24924 0.0263272 1.98921 0.0168173
internal_weight=58400 28951 1857 27094 13006 14088 1424 433 29449 1526 389 1137 27923 133 27790
internal_count=58400 28951 1857 27094 13006 14088 1424 433 29449 1526 389 1137 27923 133 27790
is_linear=0
shrinkage=0.0940712


Tree=104
num_leaves=13
num_cat=0
split_feature=56 44 28 44 64 40 61 44 56 43 61 59
split_gain=24994.7 90162.6 108085 169427 103139 102561 91770.9 80169.5 64957.3 82902.7 72193.9 59069.1
threshold=-81.499999999999986 241.50000000000003 32.500000000000007 391.50000000000006 0.31812981069273977 196.00301183937316 3.0030120481927716 498.50000000000006 42.500000000000007 414.50000000000006 2.4750690607734813 -0.20499999999999827
decision_type=8 10 2 10 2 2 2 10 8 10 2 2
left_child=1 4 3 -3 -1 -6 -4 8 10 -10 -2 -9
right_child=7 2 6 -5 5 -7 -8 11 9 -11 -12 -13
leaf_value=6.0734326393090194 0.032507738829162851 -0.29737659405573436 0.086736578817611709 3.2842715962320814 -0.8661077168998117 6.5747924316943545 -0.37916491698344063 -7.6202834798920671 -0.12903843387823768 0.3202667675821475 0.45806004548541318 -0.86425564093260421
leaf_weight=18 8710 248 11825 219 1756 14.999999999999998 5471 19 19709 4454 5929 27
leaf_count=18 8710 248 11825 219 1756 15 5471 19 19709 4454 5929 27
internal_value=0.000142869 -0.0865996 -0.0224555 1.38732 -0.722842 -0.797278 -0.0606491 0.0438049 0.0485373 -0.0461968 0.204901 -3.816
internal_weight=58400 19552 17763 467 1789 1771 17296 38848 38802 24163 14639 46
internal_count=58400 19552 17763 467 1789 1771 17296 38848 38802 24163 14639 46
is_linear=0
shrinkage=0.0940712


Tree=105
num_leaves=16
num_cat=0
split_feature=32 33 46 46 59 32 8 43 26 54 35 17 26 2 50
split_gain=25306.3 111200 92371.4 102717 79512.4 67263.8 112860 103746 78947.1 66348 91250.8 66820.3 60858.2 101358 64314.8
threshold=138.7117600634198 339.50000000000006 481.50000000000006 219.50000000000003 -2.5150000000000001 127.05426287163891 35.750000000000007 58.500000000000007 208.50000000000003 152.50000000000003 128.16676549977441 -0.22252093395631442 158.50000000000003 77.085000000000022 186.55236720210959
decision_type=2 2 8 10 2 2 2 8 10 2 2 2 10 2 2
left_child=5 9 3 -3 -4 12 8 -8 -7 10 -2 -11 14 -14 -1
right_child=1 2 4 -5 -6 6 7 -9 -10 11 -12 -13 13 -15 -16
leaf_value=-0.10302255325836768 5.3716048939084695 0.23717404457877198 3.0131198226746392 -0.44442296050977304 0.41701373606239511 0.71661242708957174 -6.8943051804252091 -0.4401208555915333 -0.16682491327287829 -5.9400623238754067 -3.3933150447750666 -1.6857927535129154 -0.0034802967923713893 0.56136120127990463 2.047786080416794
leaf_weight=28642 19 3216 139 4991 409 3778 21 983 1172 55 20 82 10973 3778 122
leaf_count=28642 19 3216 139 4991 409 3778 21 983 1172 55 20 82 10973 3778 122
internal_value=0.000146214 -0.145578 -0.0982772 -0.177322 1.08243 0.0264612 0.322967 -0.58574 0.507431 -2.47626 0.916064 -3.44231 -0.0141159 0.141221 -0.093785
internal_weight=58400 8931 8755 8207 548 49469 5954 1004 4950 176 39 137 43515 14751 28764
internal_count=58400 8931 8755 8207 548 49469 5954 1004 4950 176 39 137 43515 14751 28764
is_linear=0
shrinkage=0.0940712


Tree=106
num_leaves=15
num_cat=0
split_feature=37 8 43 8 38 55 55 57 27 46 30 57 27 31
split_gain=24828.8 67536.3 95303.7 91268.4 63226 58431.2 50687.3 33495.2 149564 132502 104127 78942.7 193236 60036
threshold=188.87500000000003 9.8500000000000032 90.500000000000014 4.2500000000000009 132.77001528849976 23.500000000000004 -167.49999999999997 -176.49999999999997 248.50000000000003 485.50000000000006 54.500000000000007 -130.49999999999997 12.500000000000002 207.78571428571431
decision_type=2 2 8 2 2 10 10 10 10 10 2 8 8 2
left_child=7 3 -3 5 -4 -2 -5 8 10 -10 -1 12 -9 -13
right_child=1 2 4 6 -6 -7 -8 11 9 -11 -12 13 -14 -15
leaf_value=1.8041984195607772 1.63851875213745 6.953016820471456 -1.0520224713970778 -0.75790435138236822 1.7393762808854369 -2.6275795274910072 -5.2988712812351988 -2.9638181615453822 0.97397276713381642 6.3267127725248464 -0.06845804651577217 -0.011055095615777619 -0.2568027343445739 0.51772149116563571
leaf_weight=273 69 15.999999999999998 223 32 104 46 71 249 1123 41 6112 44649 3409 1983
leaf_count=273 69 16 223 32 104 46 71 249 1123 41 6112 44649 3409 1983
internal_value=0.000114982 -0.621822 0.201625 -1.91022 -0.159807 -0.0791764 -3.92168 0.00616616 0.190917 1.17085 0.0120119 -0.0215693 -0.44229 0.0114447
internal_weight=58400 561 343 218 327 115 103 57839 7549 1164 6385 50290 3658 46632
internal_count=58400 561 343 218 327 115 103 57839 7549 1164 6385 50290 3658 46632
is_linear=0
shrinkage=0.0940712


Tree=107
num_leaves=16
num_cat=0
split_feature=27 46 1 7 43 24 20 35 46 32 49 24 8 69 47
split_gain=25585.9 91880.5 132435 120513 97301.9 150240 93244 76652.7 69456.7 99643.3 120937 119260 61567.9 106788 62816.5
threshold=62.500000000000007 473.50000000000006 10.325000000000001 205.50000000000003 493.50000000000006 70.500000000000014 0.95297903005573359 127.83954999786869 484.50000000000006 145.55157815961749 217.78571428571431 156.50000000000003 85.750000000000014 5.5000000000000009 177.50000000000003
decision_type=8 10 2 2 10 10 2 2 10 2 2 10 2 2 2
left_child=1 4 3 -3 7 -6 -4 -1 12 10 -10 -11 14 -14 -2
right_child=8 2 6 -5 5 -7 -8 -9 9 11 -12 -13 13 -15 -16
leaf_value=0.20942770394937557 0.30234309339198151 9.332399088273041 -1.2311753077055487 -1.5047365280002343 5.2433432976290728 0.36243121305398152 1.7978759396124997 -0.3347709988546746 2.6913661245813567 0.63303805565595783 -0.048396148334101365 5.9584298408403695 -2.1747283291266259 0.49906895653780603 -0.091039419796037371
leaf_weight=13867 4007 20 942 14.999999999999998 82 169 98 2742 164 89 1026 63 315 226 34575
leaf_count=13867 4007 20 942 15 82 169 98 2742 164 89 1026 63 315 226 34575
internal_value=0.000121157 0.0936461 -0.748926 4.81855 0.147441 1.98005 -0.943357 0.119555 -0.0413301 0.623712 0.332111 2.87924 -0.0641696 -1.05931 -0.0501701
internal_weight=58400 17935 1075 35 16860 251 1040 16609 40465 1342 1190 152 39123 541 38582
internal_count=58400 17935 1075 35 16860 251 1040 16609 40465 1342 1190 152 39123 541 38582
is_linear=0
shrinkage=0.0940712


Tree=108
num_leaves=14
num_cat=0
split_feature=61 63 31 56 44 57 6 51 5 22 58 61 64
split_gain=24801.4 121908 104325 134043 67567.2 25525.3 85278.7 118971 98389.9 63570.1 97158.1 58312.6 15290
threshold=0.99676897379684737 -5.4999999999999991 143.78571428571431 -49.499999999999993 136.50000000000003 182.50000000000003 13.500000000000002 295.46428571428578 70.515000000000015 206.50000000000003 25.490167461085658 1.3304659365596174 0.27739580880621623
decision_type=2 2 2 8 8 10 2 2 2 2 2 2 2
left_child=1 2 4 -4 -1 9 8 -8 -7 11 -11 -2 -3
right_child=5 12 3 -5 -6 6 7 -9 -10 10 -12 -13 -14
leaf_value=2.4298064443715996 0.29535157065350676 -2.620961006075059 5.1118649391191111 -3.96608941025079 -2.9140242417177551 0.60740838028168254 0.10685043414324243 -1.8087140679975022 -0.23234275514540173 -0.29572601324172509 5.6309772263441342 -0.01940062428786124 -6.6579456750825186
leaf_weight=26 6037 15.999999999999998 55 18 88 3780 893 421 1832 7280 23 37903 28
leaf_count=26 6037 16 55 18 88 3780 893 421 1832 7280 23 37903 28
internal_value=0.000164805 -0.969359 0.0923332 2.83559 -1.6778 0.00404305 0.173525 -0.508211 0.333266 -0.0188662 -0.275844 0.0238499 -5.33285
internal_weight=58400 231 187 73 114 58169 6926 1314 5612 51243 7303 43940 44
internal_count=58400 231 187 73 114 58169 6926 1314 5612 51243 7303 43940 44
is_linear=0
shrinkage=0.0940712


Tree=109
num_leaves=15
num_cat=0
split_feature=29 31 45 45 31 45 59 33 64 45 29 29 24 33
split_gain=26871.5 66663.6 124469 115148 79596.4 117750 74797.7 66358.7 114128 105472 62492.5 57358.5 111293 68115.8
threshold=65.046137471797635 71.357142857142875 453.50000000000006 427.50000000000006 86.309523809523824 419.50000000000006 -1.2849999999999999 475.50000000000006 3.1680790960451981 323.50000000000006 112.66321493726332 32.807519463277494 129.50000000000003 417.50000000000006
decision_type=2 2 10 8 2 10 2 2 2 10 2 2 8 2
left_child=7 2 3 -2 5 -3 -4 11 9 -9 -6 12 -1 -13
right_child=1 4 6 -5 10 -7 -8 8 -10 -11 -12 13 -14 -15
leaf_value=-0.21833928503549963 1.0878213247227222 -1.0091856957848342 2.1434768830664988 6.1067203477656467 0.19512770908302435 1.2438848978077008 -5.2831833299059578 2.7240409878427099 7.3000393023575665 -3.7782518653144219 -0.05242074045405043 -0.16878329878908729 0.54085896238808373 -1.1347077678182429
leaf_weight=3883 457 1253 15.999999999999998 43 16358 244 39 63 27 32 20125 12130 3049 681
leaf_count=3883 457 1253 16 43 16358 244 39 63 27 32 20125 12130 3049 681
internal_value=0.000137796 0.0459551 1.06804 1.53737 0.0309727 -0.640954 -3.12094 -0.0887309 2.0845 0.506809 0.0585735 -0.10233 0.115618 -0.220271
internal_weight=58400 38535 555 500 37980 1497 55 19865 122 95 36483 19743 6932 12811
internal_count=58400 38535 555 500 37980 1497 55 19865 122 95 36483 19743 6932 12811
is_linear=0
shrinkage=0.0940712


Tree=110
num_leaves=15
num_cat=0
split_feature=50 49 25 56 45 55 31 1 48 1 70 55 1 9
split_gain=25148.6 59522.3 88022.4 59191.5 50795.5 80441.2 37866.7 28249.7 80898 78928.5 107412 74000.6 29392.7 21653.6
threshold=191.77621664589068 286.58571428571435 150.50000000000003 332.50000000000006 239.50000000000003 7.5000000000000009 113.77380952380953 -3.3849999999999993 42.000000000001883 1.9850000000000001 1.5000000000000002 222.50000000000003 134.87000000000003 2.5000000000000004
decision_type=2 2 10 10 10 8 2 2 2 2 2 10 2 2
left_child=7 2 3 -2 5 -3 -4 8 -1 10 -9 -10 -11 -6
right_child=1 4 6 -5 13 -7 -8 9 11 12 -12 -13 -14 -15
leaf_value=4.3225398405772442 0.45205975781782792 4.2629224249197142 -6.1743336439931369 5.9634854964588477 -8.2512074193014495 -4.3743697826443011 -0.97398579082744674 -1.4257383048323145 -2.1335232820651671 -0.060893273602172969 1.9088081697344603 2.3571845308209602 0.074857437956147299 -3.0522680344767261
leaf_weight=22 88 14.999999999999998 20 20 15.999999999999998 21 31 108 210 32392 391 37 25012 17
leaf_count=22 88 15 20 20 16 21 31 108 210 32392 391 37 25012 17
internal_value=0.000149223 -0.98252 0.0255373 1.54429 -3.25639 -0.744532 -3.13858 0.00402915 -0.954967 0.00851217 1.18465 -1.44974 -0.00174151 -5.83551
internal_weight=58400 228 159 108 69 36 51 58172 269 57903 499 247 57404 33
internal_count=58400 228 159 108 69 36 51 58172 269 57903 499 247 57404 33
is_linear=0
shrinkage=0.0940712


Tree=111
num_leaves=14
num_cat=0
split_feature=47 25 53 10 64 26 40 30 27 33 64 1 36
split_gain=24694.7 78857.2 91113.6 98370.7 87304.7 78951.6 34927.7 24024.4 35066.2 34336.3 168764 29797 29316
threshold=92.166666666666671 112.50000000000001 48.500000000000007 23.500000000000004 2.6371473354231978 65.500000000000014 91.661521433702418 483.50000000000006 64.500000000000014 479.50000000000006 2.9059551886792456 170.33000000000001 482.50000000000006
decision_type=2 10 2 2 2 8 2 2 10 2 2 2 2
left_child=1 4 -3 -4 6 -6 -1 9 -9 12 -11 -10 -2
right_child=7 2 3 -5 5 -7 -8 8 11 10 -12 -13 -14
leaf_value=-6.5527336127977076 0.0061883356566915619 -5.6449897673806673 -0.088598988475809576 6.3330677389907182 -4.039187175356755 2.7756743580622563 -1.5501878744616782 1.2381052992097601 -4.0732359850942021 -0.10929819929222061 6.2807339993639779 0.14268504142632041 -1.0366119907664935
leaf_weight=42 57608 14.999999999999998 68 29 24 35 19 28 43 185 44 22 238
leaf_count=42 57608 15 68 29 24 35 19 28 43 185 44 22 238
internal_value=0.00011691 -0.965237 0.824601 1.89991 -2.62593 -0.0270546 -5.07416 0.00399515 -1.49421 0.00643662 1.15215 -2.67454 0.00186782
internal_weight=58400 232 112 97 120 59 61 58168 93 58075 229 65 57846
internal_count=58400 232 112 97 120 59 61 58168 93 58075 229 65 57846
is_linear=0
shrinkage=0.0940712


Tree=112
num_leaves=16
num_cat=0
split_feature=56 56 52 9 7 71 0 27 35 24 5 50 0 27 34
split_gain=24477.1 109918 81510.9 115259 114525 80803.2 89926.5 77389.7 75937.6 71564.6 111683 99804.2 69739.9 98735.7 86234.1
threshold=-15.499999999999998 40.500000000000007 155.84704744164898 3.5000000000000004 205.50000000000003 193.50000000000003 192.50000000000003 6.5000000000000009 101.66094529936102 118.50000000000001 90.25500000000001 158.19961772228604 165.50000000000003 5.5000000000000009 114.25000000000001
decision_type=8 8 2 2 2 2 2 8 2 10 2 2 2 8 2
left_child=2 9 5 7 -5 8 -7 -4 -1 11 -11 -2 14 -14 -3
right_child=1 12 3 4 -6 6 -8 -9 -10 10 -12 -13 13 -15 -16
leaf_value=-0.12341502735715849 0.46888840613634936 0.2379133955550308 -4.2506000115902669 -2.4076416700810057 0.44316751942942151 -0.13707674067003719 -1.3581628697803518 0.17321464697764485 0.34649299096507225 -0.13367060895183033 1.7055043565414334 1.8743745815952522 2.887881117714032 0.21428082264233447 -0.22595615464241756
leaf_weight=5311 3306 4645 35 485 167 12515 556 815 7123 2848 324 516 124 4652 14978
leaf_count=5311 3306 4645 35 485 167 12515 556 815 7123 2848 324 516 124 4652 14978
internal_value=8.94092e-05 0.0565778 -0.0655676 -0.73865 -1.67794 -0.0258817 -0.189184 -0.0162539 0.145778 0.385309 0.0548965 0.659361 -0.0376668 0.284643 -0.116136
internal_weight=58400 31393 27007 1502 652 25505 13071 850 12434 6994 3172 3822 24399 4776 19623
internal_count=58400 31393 27007 1502 652 25505 13071 850 12434 6994 3172 3822 24399 4776 19623
is_linear=0
shrinkage=0.0940712


Tree=113
num_leaves=15
num_cat=0
split_feature=0 53 2 27 46 71 22 71 7 56 3 66 50 34
split_gain=23591.4 102539 92001.9 87124.2 76748.1 168183 82524.5 60918.5 163983 149722 78916.2 48964.6 114171 92769.4
threshold=51.500000000000007 158.50000000000003 10.725000000000003 37.500000000000007 498.50000000000006 187.50000000000003 13.500000000000002 58.500000000000007 201.50000000000003 -310.49999999999994 12.500000000000002 1.5000000000000002 162.67232620589152 77.178571428571431
decision_type=2 2 2 8 10 2 2 2 2 8 2 2 2 2
left_child=1 4 -3 -4 6 -6 -1 8 10 -10 -2 12 -9 -13
right_child=7 2 3 -5 5 -7 -8 11 9 -11 -12 13 -14 -15
leaf_value=1.0968660508214374 4.7946207382267527 -6.9396707647833944 -1.7800509303303778 -0.3344814709058751 11.094719638906035 -0.69126728128823423 -0.074096002576336875 0.074778313440290248 1.8988629589767887 -1.4871140244776657 -0.58478494944687598 -1.5492876035008951 0.79958914582328677 -0.028653454917499425
leaf_weight=573 66 19 457 1896 15.999999999999998 27 7293 21365 132 863 37 359 2112 23185
leaf_count=573 66 19 457 1896 16 27 7293 21365 132 863 37 359 2112 23185
internal_value=8.04849e-05 -0.129257 -0.671524 -0.616288 0.0334601 3.92647 0.0113876 0.0277203 -0.664428 -1.03552 2.88113 0.043907 0.140037 -0.0519467
internal_weight=58400 10281 2372 2353 7909 43 7866 48119 1098 995 103 47021 23477 23544
internal_count=58400 10281 2372 2353 7909 43 7866 48119 1098 995 103 47021 23477 23544
is_linear=0
shrinkage=0.0940712


Tree=114
num_leaves=16
num_cat=0
split_feature=61 70 1 45 11 25 1 8 71 11 58 24 55 11 43
split_gain=24263.5 110602 128297 94974 135315 100165 73405.5 55523.6 44221.8 106973 161900 142129 55257.6 106112 67933.8
threshold=5.3351449275362333 1.0000000180025095e-35 78.825000000000003 421.50000000000006 10.500000000000002 10.500000000000002 93.575000000000017 29.550000000000004 417.50000000000006 26.500000000000004 2.8143329728840571 9.5000000000000018 288.50000000000006 33.500000000000007 72.500000000000014
decision_type=2 2 2 10 2 10 2 2 2 2 2 10 10 2 8
left_child=8 2 7 4 -3 -5 -4 -2 12 11 -11 -10 14 -14 -1
right_child=1 3 6 5 -6 -7 -8 -9 9 10 -12 -13 13 -15 -16
leaf_value=0.63481424434923517 -2.340610775340342 -0.6838928841120494 3.4246223111800727 4.2519080254693389 0.26446935192422422 -0.79484551959452621 -0.75313364851205067 -6.0093235543086347 -2.570552881419752 -0.46060716214315156 4.3816957921855453 1.3494045762476192 -0.89744319016799345 0.37172964593958385 0.0097771181407331001
leaf_weight=1597 180 1657 40 34 6748 1679 355 46 87 1139 63 1096 1557 930 41192
leaf_count=1597 180 1657 40 34 6748 1679 355 46 87 1139 63 1096 1557 930 41192
internal_value=8.79212e-05 -0.127639 -1.34462 -0.0527377 0.0773976 -0.690822 -0.317933 -3.124 0.0288734 0.423544 -0.201349 1.05801 0.00806666 -0.422857 0.0331304
internal_weight=58400 10739 621 10118 8405 1713 395 226 47661 2385 1202 1183 45276 2487 42789
internal_count=58400 10739 621 10118 8405 1713 395 226 47661 2385 1202 1183 45276 2487 42789
is_linear=0
shrinkage=0.0940712


Tree=115
num_leaves=16
num_cat=0
split_feature=64 52 5 51 31 33 10 22 0 5 47 24 28 25 31
split_gain=24840.7 94784.3 111407 98008.6 95327.4 180260 109560 67139.8 64114.9 100974 125596 115854 49330.1 140176 52291.8
threshold=0.16351456079167787 149.42605396761971 14.515000000000002 242.25000000000003 202.92857142857147 430.50000000000006 28.500000000000004 268.50000000000006 51.500000000000007 37.355000000000011 391.16666666666669 123.50000000000001 303.16666666666669 11.500000000000002 148.50000000000003
decision_type=2 2 2 2 2 2 2 2 2 2 2 8 2 8 2
left_child=1 2 7 -4 6 -6 -3 -1 9 11 -11 -2 14 -14 -10
right_child=8 4 3 -5 5 -7 -8 -9 12 10 -12 -13 13 -15 -16
leaf_value=0.0038168863814753875 -0.36075961811063056 1.4740542859072872 1.8477293343830876 -0.031394271685692372 9.8016229012750209 -0.66124249823145642 -5.1834468977804047 -4.4761228213040791 0.091361780427369879 -0.59238988583471719 1.5527168430224958 0.94180583638185489 8.8170455970575627 0.65805411141806813 -0.1151361897678785
leaf_weight=49 1310 310 279 1971 31 26 22 73 30605 5118 252 1119 18 405 16812
leaf_count=49 1310 310 279 1971 31 26 22 73 30605 5118 252 1119 18 405 16812
internal_value=7.98932e-05 0.275416 0.0517345 0.202681 1.63337 5.13655 1.01032 -2.69847 -0.0135883 -0.263667 -0.49128 0.239478 0.0271847 1.03669 0.0181426
internal_weight=58400 2761 2372 2250 389 57 332 122 55639 7799 5370 2429 47840 423 47417
internal_count=58400 2761 2372 2250 389 57 332 122 55639 7799 5370 2429 47840 423 47417
is_linear=0
shrinkage=0.0940712


Tree=116
num_leaves=16
num_cat=0
split_feature=0 61 55 56 58 28 52 0 43 71 1 51 64 31 71
split_gain=25198.1 118469 144838 117900 107755 100506 89053 82238.1 150387 106724 95242 67220 51046.5 61578.6 47853.2
threshold=33.500000000000007 1.0947306430354191 -100.49999999999999 -316.49999999999994 -8.6153894477345219 192.50000000000003 150.78338476382342 51.500000000000007 380.50000000000006 483.50000000000006 46.725000000000001 298.96428571428578 0.13491590890802288 205.21428571428575 58.500000000000007
decision_type=2 2 8 8 2 2 2 2 10 2 2 2 2 2 2
left_child=1 2 5 11 -5 -1 -4 8 10 -10 -2 -3 13 -9 -14
right_child=7 3 6 4 -6 -7 -8 12 9 -11 -12 -13 14 -15 -16
leaf_value=0.96137772303072122 -1.4893674520345694 -3.3960974499283609 2.252525500091453 4.9879630609135779 0.11404997424302879 -4.6700098792300597 7.3228784183784086 -0.47018569765067258 0.27498579850431792 3.9498085694873066 -0.40607310968313159 1.2032689029911745 -0.58917757265140003 -6.5866340437903927 0.040308401125849783
leaf_weight=81 914 128 252 39 3909 41 34 42 1431 72 3345 35 1092 21 46964
leaf_count=81 914 128 252 39 3909 41 34 42 1431 72 3345 35 1092 21 46964
internal_value=0.000107208 0.213439 1.73918 0.0613813 0.164181 -0.965214 2.89222 -0.0177882 -0.353591 0.455025 -0.639043 -2.40569 0.0224299 -2.62095 0.025983
internal_weight=58400 4519 408 4111 3948 122 286 53881 5762 1503 4259 163 48119 63 48056
internal_count=58400 4519 408 4111 3948 122 286 53881 5762 1503 4259 163 48119 63 48056
is_linear=0
shrinkage=0.0940712


Tree=117
num_leaves=16
num_cat=0
split_feature=37 49 8 46 71 71 55 46 54 33 37 59 18 71 46
split_gain=24213.3 81297.2 84806.8 110554 77485.9 115186 106507 99642.3 90956.3 127081 90136.8 76867.6 89803.5 62947.4 61897.2
threshold=135.54058441558445 218.92857142857147 55.750000000000007 62.500000000000007 184.50000000000003 179.50000000000003 316.50000000000006 72.500000000000014 187.50000000000003 420.50000000000006 128.86607142857147 -4.9599999999999991 1.0000000180025095e-35 140.50000000000003 231.50000000000003
decision_type=2 2 2 8 2 2 10 8 2 2 2 2 2 2 10
left_child=4 2 3 -2 5 6 -1 -7 9 -6 -10 12 -3 -13 -4
right_child=1 11 14 -5 8 7 -8 -9 10 -11 -12 13 -14 -15 -16
leaf_value=0.11953652882680833 5.7979356741606312 -0.22216752460318018 -4.517915224289526 0.64718929614747156 -2.2240505197462839 6.6758233727960352 -2.6073315887290267 1.2010866764029819 -0.026883088873776412 5.8152042302678773 -0.50355361464566251 -0.28514239170611544 5.1565555549815647 0.075597082178484182 -0.24808523316153386
leaf_weight=9010 36 54 44 2144 295 30 127 464 14363 17 4645 5331 54 21697 89
leaf_count=9010 36 54 44 2144 295 30 127 464 14363 17 4645 5331 54 21697 89
internal_value=0.000106128 0.0601651 0.59533 0.736394 -0.0609816 0.156969 0.0811815 1.5538 -0.16964 -1.75884 -0.143406 0.0145129 2.5012 0.00442783 -1.69763
internal_weight=58400 29449 2313 2180 28951 9631 9137 494 19320 312 19008 27136 108 27028 133
internal_count=58400 29449 2313 2180 28951 9631 9137 494 19320 312 19008 27136 108 27028 133
is_linear=0
shrinkage=0.0940712


Tree=118
num_leaves=12
num_cat=0
split_feature=25 54 52 61 44 45 38 46 45 58 27
split_gain=23199.8 102416 78861.5 104371 76210.6 39151.8 81955.2 99444.1 60428.1 87362.1 37820.7
threshold=12.500000000000002 583.50000000000011 120.80287730170068 9.8733974358974379 66.500000000000014 52.500000000000007 86.761852485883992 219.50000000000003 58.500000000000007 1.065176288288646 62.500000000000007
decision_type=8 2 2 2 10 8 2 10 8 2 8
left_child=1 2 4 -4 -1 6 -2 -8 9 -7 -10
right_child=5 -3 3 -5 -6 8 7 -9 10 -11 -12
leaf_value=-4.1265917305451287 -5.7260015409580065 -6.158788649123327 -0.62871094722322829 1.4386711820674849 0.64099350669095767 2.942909349983823 2.1996200546544125 -1.9814930615449604 0.12929872757479702 0.29975866818133462 -0.041705667892257207
leaf_weight=29 29 24 2503 235 1031 147 76 142 16525 436 37223
leaf_count=29 29 24 2503 235 1031 147 76 142 16525 436 37223
internal_value=0.000133299 -0.223872 -0.18382 -0.450505 0.504563 0.0158282 -1.16211 -0.518006 0.021219 0.97251 0.0108701
internal_weight=58400 3822 3798 2738 1060 54578 247 218 54331 583 53748
internal_count=58400 3822 3798 2738 1060 54578 247 218 54331 583 53748
is_linear=0
shrinkage=0.0940712


Tree=119
num_leaves=16
num_cat=0
split_feature=29 8 31 25 59 36 7 37 8 11 58 25 57 25 25
split_gain=23199.8 63957.2 103836 113137 105298 65528.7 112100 67497.7 57392 122945 139507 97318.8 60006 167500 82421.3
threshold=65.046137471797635 58.250000000000007 87.214285714285737 332.50000000000006 1.22 249.50000000000003 201.50000000000003 90.267857142857153 58.250000000000007 32.500000000000007 0.99999997957933406 30.500000000000004 -63.499999999999993 5.5000000000000009 24.500000000000004
decision_type=2 2 2 8 2 2 2 2 2 2 2 8 10 8 8
left_child=8 5 4 -4 -3 6 -2 -7 12 10 -10 -11 13 -1 -14
right_child=1 2 3 -5 -6 7 -8 -9 9 11 -12 -13 14 -15 -16
leaf_value=2.5579402073638895 -1.2843326586095571 -5.949528541224991 -0.5261368438930849 2.2028597994745938 0.19139501658888644 -2.0689247935728337 0.89097190101132295 0.04990578019779595 -2.0931500754949055 2.2682014111387838 1.8016037497755957 -1.4051461387971413 -0.91955705140496435 0.0074387320987513803 -0.15986207384868464
leaf_weight=234 239 58 1759 144 42 132 1635 34526 92 77 633 340 1444 6978 10067
leaf_count=234 239 58 1759 144 42 132 1635 34526 92 77 633 340 1444 6978 10067
internal_value=9.28592e-05 0.0426652 -0.474689 -0.317931 -3.40581 0.0710536 0.61264 0.0417394 -0.0824813 0.564476 1.30376 -0.720621 -0.121993 0.0907454 -0.255285
internal_weight=58400 38535 2003 1903 100 36532 1874 34658 19865 1142 725 417 18723 7212 11511
internal_count=58400 38535 2003 1903 100 36532 1874 34658 19865 1142 725 417 18723 7212 11511
is_linear=0
shrinkage=0.0940712


Tree=120
num_leaves=14
num_cat=0
split_feature=49 5 2 0 46 57 35 57 54 57 63 49 7
split_gain=23083 65054.1 70790.1 71875.5 53015.4 36135.3 28069.6 93404.2 102048 77938.4 25954.5 101787 27160.3
threshold=408.35714285714295 77.785000000000011 54.485000000000007 90.500000000000014 285.50000000000006 -25.499999999999996 46.608116149019303 28.500000000000004 190.50000000000003 -4.4999999999999991 -152.49999999999997 289.35714285714295 207.50000000000003
decision_type=2 2 2 2 10 10 2 10 2 10 2 2 2
left_child=6 2 3 -2 -3 -4 7 9 -9 -1 11 -8 -12
right_child=1 4 5 -5 -6 -7 10 8 -10 -11 12 -13 -14
leaf_value=-1.0384510675301193 5.6491152655509982 6.6092010079435841 -0.16496779017951105 -0.78154476176560694 -0.13406641116751755 -5.1613097509851054 -1.4931581484321381 8.2321398287591308 -0.26439586222612133 -5.949464147805827 -0.025809670191270687 3.5011390771112358 0.13607111813805575
leaf_weight=202 26 27 26 34 15.999999999999998 24 276 17 38 32 46200 40 11442
leaf_count=202 26 27 26 34 16 24 276 17 38 32 46200 40 11442
internal_value=7.27636e-05 1.14817 -0.0779716 2.07563 4.18046 -2.64933 -0.00297152 -0.925267 2.51433 -1.74556 0.00165001 -0.846465 0.00632447
internal_weight=58400 153 110 60 43 50 58247 289 55 234 57958 316 57642
internal_count=58400 153 110 60 43 50 58247 289 55 234 57958 316 57642
is_linear=0
shrinkage=0.0940712


Tree=121
num_leaves=14
num_cat=0
split_feature=22 40 45 1 8 69 19 71 0 56 0 7 44
split_gain=23399.7 116104 105535 88429.5 86889.2 80110.3 54427.4 117559 117426 112755 54312.8 90259.1 88883
threshold=34.500000000000007 198.57916592923542 134.50000000000003 148.48500000000004 13.250000000000002 1.5000000000000002 -0.9330127018922193 422.50000000000006 85.500000000000014 -41.499999999999993 133.50000000000003 207.50000000000003 82.500000000000014
decision_type=2 2 8 2 2 2 2 2 2 10 2 2 8
left_child=1 2 5 -3 -4 -1 7 8 -2 -9 11 -8 -12
right_child=6 3 4 -5 -6 -7 10 9 -10 -11 12 -13 -14
leaf_value=1.7010838102347059 -0.50896468702801179 9.7285419138606368 0.028657655881256267 0.30097472490866373 -0.57364422391136394 0.18031029635034854 -0.0060737748271571914 9.6002846902486247 0.60630639389196217 1.6221083832738883 0.65388531503533853 0.42103126724012019 -0.19930853329021056
leaf_weight=382 1309 17 4032 17 4466 1530 22244 14.999999999999998 2303 334 1162 5450 15139
leaf_count=382 1309 17 4032 17 4466 1530 22244 15 2303 334 1162 5450 15139
internal_value=8.78254e-05 -0.127497 -0.145818 5.23849 -0.287906 0.485353 0.0278795 0.361806 0.202048 2.0066 -0.00219376 0.0779922 -0.138425
internal_weight=58400 10444 10410 34 8498 1912 47956 3961 3612 349 43995 27694 16301
internal_count=58400 10444 10410 34 8498 1912 47956 3961 3612 349 43995 27694 16301
is_linear=0
shrinkage=0.0940712


Tree=122
num_leaves=14
num_cat=0
split_feature=56 27 9 31 46 43 66 46 25 55 48 43 52
split_gain=24281.7 69489.2 65430 77486.9 44471 24873.4 85037.8 121843 88774.6 50519.7 76088.3 35400.2 14662.5
threshold=409.50000000000006 44.500000000000007 5.5000000000000009 106.46428571428574 205.50000000000003 484.50000000000006 2.5000000000000004 86.500000000000014 7.5000000000000009 -395.49999999999994 205.84864989609358 461.50000000000006 147.88891732524635
decision_type=10 10 2 2 10 8 2 8 8 10 2 8 2
left_child=5 4 3 -3 -2 9 8 -8 -7 10 -1 -11 -6
right_child=1 2 -4 -5 12 6 7 -9 -10 11 -12 -13 -14
leaf_value=-4.4198119508951565 0.41828609947067369 2.4337775137786499 4.0715289293987427 -2.0422858409988187 -7.218102979038246 3.6240831499621522 3.3823427755037696 -1.7601762274378012 -0.10511946849768253 0.0051940273010896779 -0.45321324343174013 0.35055735721618164 -3.0450120628236372
leaf_weight=53 14.999999999999998 46 27 121 21 57 43 491 1595 52951 201 2762 17
leaf_count=53 15 46 27 121 21 57 43 491 1595 52951 201 2762 17
internal_value=0.000139823 -0.927656 -0.092096 -0.797485 -3.89365 0.00410753 -0.307075 -1.33719 0.0267758 0.0162724 -1.30333 0.0223272 -5.54825
internal_weight=58400 247 194 167 53 58153 2186 534 1652 55967 254 55713 38
internal_count=58400 247 194 167 53 58153 2186 534 1652 55967 254 55713 38
is_linear=0
shrinkage=0.0940712


Tree=123
num_leaves=16
num_cat=0
split_feature=6 44 36 33 25 37 20 22 44 27 0 44 43 13 27
split_gain=23452.8 114864 145603 278618 107611 135187 105203 73821.3 40176.9 102683 143069 92692.4 72509 142545 69266.6
threshold=15.500000000000002 345.50000000000006 231.50000000000003 266.50000000000006 230.50000000000003 109.39642857142859 0.46472317204376884 150.50000000000003 363.50000000000006 9.5000000000000018 34.500000000000007 383.50000000000006 498.50000000000006 1.5000000000000002 46.500000000000007
decision_type=2 10 2 2 8 2 2 2 10 8 2 10 10 2 8
left_child=8 4 7 -4 5 -2 -6 -3 12 10 -10 -11 14 -14 -1
right_child=1 2 3 -5 6 -7 -8 -9 9 11 -12 -13 13 -15 -16
leaf_value=0.26078256247981046 1.6731998638389722 -4.3629883232329565 2.9737226747631813 0.30354363254055045 -1.7634006721673774 -0.11177149802257626 0.47628034347305293 2.2322091110465672 2.6849270887581032 -0.65124711106457223 -1.6289908565674711 0.0070392815411887046 -2.7955184346314952 3.5811077549371069 -0.046173677079605582
leaf_weight=8459 435 69 448 1501 583 2682 271 18 74 2225 692 12629 40 123 28151
leaf_count=8459 435 69 448 1501 583 2682 271 18 74 2225 692 12629 40 123 28151
internal_value=0.0001145 0.17615 0.750356 0.919269 -0.118404 0.138007 -1.05296 -2.98174 -0.0200706 -0.14646 -1.20746 -0.0916159 0.033616 2.00385 0.0247554
internal_weight=58400 6007 2036 1949 3971 3117 854 87 52393 15620 766 14854 36773 163 36610
internal_count=58400 6007 2036 1949 3971 3117 854 87 52393 15620 766 14854 36773 163 36610
is_linear=0
shrinkage=0.0940712


Tree=124
num_leaves=15
num_cat=0
split_feature=0 45 23 39 43 64 36 0 50 31 45 0 69 63
split_gain=23117.2 88860.6 94887.9 96520.7 72701.7 128369 103376 53747.3 122167 97716.9 85119.2 68456 152761 46206.5
threshold=22.500000000000004 267.50000000000006 5.5000000000000009 322.50000000000006 330.50000000000006 0.87811068466014619 300.50000000000006 33.500000000000007 71.096513765194302 220.50000000000003 171.50000000000003 48.500000000000007 1.5000000000000002 50.500000000000007
decision_type=2 8 8 2 10 2 2 2 2 2 8 2 2 2
left_child=1 4 -3 -4 5 -1 -6 8 10 -10 -2 12 -9 -13
right_child=7 2 3 -5 6 -7 -8 11 9 -11 -12 13 -14 -15
leaf_value=1.9924405395120734 -0.8038398890415317 5.1177471772322578 2.1314671808817383 -2.0403711999338152 3.1963502106599093 -3.6124228043159521 -2.4239653803792169 0.66626551953680835 0.17604056799011519 3.2274402694167308 4.9189538556542312 0.11648019310655719 -0.62952262629380018 -0.066634510014688439
leaf_weight=281 31 18 54 434 36 40 126 1021 3322 94 83 22622 3786 26452
leaf_count=281 31 18 54 434 36 40 126 1021 3322 94 83 22622 3786 26452
internal_value=0.000111058 -0.450464 -1.31987 -1.57315 0.461403 1.27952 -1.15564 0.0078872 0.36341 0.261481 3.37183 -0.0154123 -0.354146 0.0177757
internal_weight=58400 989 506 488 483 321 162 57411 3530 3416 114 53881 4807 49074
internal_count=58400 989 506 488 483 321 162 57411 3530 3416 114 53881 4807 49074
is_linear=0
shrinkage=0.0940712


Tree=125
num_leaves=15
num_cat=0
split_feature=29 50 39 21 32 20 32 49 44 19 30 45 32 43
split_gain=22818.9 63756.3 69871.5 131027 56309.6 44464.6 28088.5 76662.9 105897 88595.8 33866.8 118915 50067.9 27720
threshold=238.62907020697114 152.77013545067391 474.50000000000006 0.4647231720437684 154.44809576357815 -0.46472317204376817 177.60496560730954 294.9285714285715 452.50000000000006 0.25000000000000017 444.50000000000006 72.500000000000014 138.7117600634198 296.50000000000006
decision_type=2 2 2 2 2 2 2 2 10 2 2 8 2 8
left_child=6 4 3 -3 -2 -6 10 9 -9 -8 12 -12 -1 -4
right_child=1 2 13 -5 5 -7 7 8 -10 -11 11 -13 -14 -15
leaf_value=0.02363484084016022 4.5199496512385267 -3.5130726013298101 -2.4470603879444441 5.5359338102211977 1.551529778520333 -2.288778241679049 -2.9785684540769428 0.46695657057890966 4.6011468147597157 1.9228463646658343 5.3589040460117632 0.324540025088426 -0.23709611582742066 -7.8794182667895809
leaf_weight=49337 23 44 15.999999999999998 19 49 55 80 178 78 53 42 896 7508 22
leaf_count=49337 23 44 16 19 49 55 80 178 78 53 42 896 7508 22
internal_value=0.000131113 -0.935918 -2.68117 -0.714168 0.46676 -0.48202 0.00382707 0.798912 1.74734 -1.02479 -0.00154477 0.558625 -0.0108054 -5.78216
internal_weight=58400 228 101 63 127 104 58172 389 256 133 57783 938 56845 38
internal_count=58400 228 101 63 127 104 58172 389 256 133 57783 938 56845 38
is_linear=0
shrinkage=0.0940712


Tree=126
num_leaves=15
num_cat=0
split_feature=44 8 23 35 56 8 39 44 1 10 24 24 50 49
split_gain=22272 151025 171177 113575 92856.6 90392.8 61835.7 37555.9 128708 115302 100750 40262 104278 47741.6
threshold=56.500000000000007 15.65 7.5000000000000009 78.681458900992183 15.500000000000002 21.850000000000005 369.50000000000006 78.500000000000014 69.815000000000012 15.500000000000002 9.5000000000000018 15.500000000000002 137.4104903447155 174.35714285714286
decision_type=8 2 10 2 10 2 2 8 2 2 10 8 2 2
left_child=1 2 -1 6 -4 -5 -3 8 9 -2 -10 12 -9 -13
right_child=7 3 4 5 -6 -7 -8 11 10 -11 -12 13 -14 -15
leaf_value=9.7979849949748274 0.1813098945361386 4.8088280250133719 6.496023352609205 -5.2729723545142617 0.020624012271251598 -1.6047781648977011 -1.7289542862035585 -0.68367006629638771 1.5146808851848994 2.2999132491965542 -0.38002284810951642 -0.6841103590923332 0.34065738816042007 0.023767189910735977
leaf_weight=15.999999999999998 446 31 19 76 419 267 20 2386 291 463 1642 856 1391 50077
leaf_count=16 446 31 19 76 419 267 20 2386 291 463 1642 856 1391 50077
internal_value=0.000131665 -0.478008 0.690488 -1.82218 0.323885 -2.43813 2.26739 0.00719179 0.340513 1.26265 -0.0937305 -0.0101301 -0.306411 0.0118472
internal_weight=58400 848 454 394 438 343 51 57552 2842 909 1933 54710 3777 50933
internal_count=58400 848 454 394 438 343 51 57552 2842 909 1933 54710 3777 50933
is_linear=0
shrinkage=0.0940712


Tree=127
num_leaves=15
num_cat=0
split_feature=25 0 58 11 10 52 50 40 45 38 46 45 50 52
split_gain=22116.6 108090 119227 146838 115946 133528 102051 99398 33494.1 67351 87106.9 47908.8 84455.5 31959.2
threshold=12.500000000000002 124.50000000000001 0.99999998223801057 32.500000000000007 10.500000000000002 136.75174024933662 139.85272866101192 140.14291636262055 52.500000000000007 86.761852485883992 397.50000000000006 58.500000000000007 165.70369410519251 157.01894090260473
decision_type=8 2 2 2 2 2 2 2 8 2 10 8 2 2
left_child=1 2 3 -1 6 -6 -3 -4 9 -2 -11 12 -10 -13
right_child=8 4 7 -5 5 -7 -8 -9 11 10 -12 13 -14 -15
leaf_value=-3.1146248281540201 -5.2115083820086756 -2.9754804233567667 1.0695545055413735 1.118037682747457 0.49504441357911838 -1.643180878863236 -0.20126308813431565 -0.31616625791177966 0.55679018896732912 0.45112700441600356 -4.2041195274205823 0.027061328185630822 5.0101749129744917 -0.32162698555017422
leaf_weight=189 29 324 1100 116 727 399 184 783 544 175 43 51313 39 2435
leaf_count=189 29 324 1100 116 727 399 184 783 544 175 43 51313 39 2435
internal_value=0.000157735 -0.218555 0.213702 -1.50692 -0.797096 -0.263754 -1.97459 0.493485 0.015482 -1.07402 -0.489902 0.0204681 0.867504 0.0112531
internal_weight=58400 3822 2188 305 1634 1126 508 1883 54578 247 218 54331 583 53748
internal_count=58400 3822 2188 305 1634 1126 508 1883 54578 247 218 54331 583 53748
is_linear=0
shrinkage=0.0940712


Tree=128
num_leaves=16
num_cat=0
split_feature=57 33 33 46 2 57 47 1 46 52 51 22 49 23 46
split_gain=21923.5 75175.4 105252 101097 80379.4 66168 101906 138076 78593.6 56130.3 52274.5 113312 51056.5 30834.1 27136.8
threshold=176.50000000000003 205.50000000000003 211.50000000000003 271.50000000000006 90.325000000000003 143.50000000000003 270.16666666666669 115.14000000000001 439.50000000000006 122.55007945306038 334.25000000000006 11.500000000000002 359.46428571428578 87.500000000000014 235.50000000000003
decision_type=10 2 2 10 2 10 2 2 8 2 2 2 2 10 10
left_child=5 9 3 -3 -4 10 8 -8 -7 13 12 -12 -1 -2 -11
right_child=1 2 4 -5 -6 6 7 -9 -10 14 11 -13 -14 -15 -16
leaf_value=-0.0017536852226253379 2.850355745696632 0.29870151818355895 0.26708439961874036 10.365214800367692 -0.73042129956685253 0.71473171820979065 -1.7968326321337624 -0.036966429682661298 -1.7080163838653972 -2.5272193894566897 3.5235550761070171 0.31030699291706959 -0.62862688451177406 -2.8899589705282964 -8.0930892494825937
leaf_weight=45519 15.000000000000002 18 6411 15.999999999999998 803 726 817 762 140 17 101 1845 1178 14.999999999999998 17
leaf_count=45519 15 18 6411 16 803 726 817 762 140 17 101 1845 1178 15 17
internal_value=0.0001192 0.152455 0.181118 5.28655 0.155899 -0.0216854 -0.499047 -0.948505 0.320549 -3.0187 0.00232138 0.479835 -0.0175907 -0.0167803 -5.54686
internal_weight=58400 7312 7248 34 7214 51088 2445 1579 866 64 48643 1946 46697 30 34
internal_count=58400 7312 7248 34 7214 51088 2445 1579 866 64 48643 1946 46697 30 34
is_linear=0
shrinkage=0.0940712


Tree=129
num_leaves=16
num_cat=0
split_feature=27 0 28 28 39 66 39 56 27 11 33 43 39 49 39
split_gain=21293.9 82816.8 119162 114631 147255 109606 102622 88867.5 57147.2 114013 162810 88929.4 48053.9 97250.6 64776.4
threshold=20.500000000000004 98.500000000000014 136.41666666666671 51.833333333333336 372.50000000000006 1.5000000000000002 454.50000000000006 175.50000000000003 21.500000000000004 13.500000000000002 233.50000000000003 292.50000000000006 305.50000000000006 339.30952380952385 388.50000000000006
decision_type=10 2 2 2 2 2 2 10 8 2 2 10 2 2 2
left_child=1 3 6 4 -1 -5 -3 -4 9 11 -11 -2 13 -10 -14
right_child=8 2 7 5 -6 -7 -8 -9 12 10 -12 -13 14 -15 -16
leaf_value=-0.046235430796173836 1.1174890293187822 0.7642397044877669 -0.72658842946620494 -0.8674498304599062 -4.5591043801905213 0.21299434451193222 -1.2542228796247268 0.71211899621756947 0.26760100535438991 5.740975787390024 -0.81984003453079679 8.0682749791458512 -0.14414963104146217 2.8674828205939593 0.08169178897547405
leaf_weight=123 32 2245 1639 1675 132 1646 246 493 2746 39 190 33 18573 132 28456
leaf_count=123 32 2245 1639 1675 132 1646 246 493 2746 39 190 33 18573 132 28456
internal_value=0.000107169 -0.140433 0.12249 -0.480276 -2.39633 -0.332059 0.564194 -0.393567 0.0230668 1.32728 0.328268 4.75473 0.0153399 0.388379 -0.00749812
internal_weight=58400 8199 4623 3576 255 3321 2491 2132 50201 294 229 65 49907 2878 47029
internal_count=58400 8199 4623 3576 255 3321 2491 2132 50201 294 229 65 49907 2878 47029
is_linear=0
shrinkage=0.0940712


Tree=130
num_leaves=13
num_cat=0
split_feature=26 23 29 5 53 57 56 23 2 57 22 23
split_gain=22433 131598 105290 120811 99888 32991.4 74615 89610.2 88607.3 67249.5 101790 47269.7
threshold=9.5000000000000018 439.50000000000006 43.661577311560052 55.475000000000001 134.50000000000003 176.50000000000003 364.50000000000006 373.50000000000006 89.635000000000005 143.50000000000003 258.50000000000006 53.500000000000007
decision_type=8 10 2 2 2 10 10 10 2 10 2 8
left_child=1 2 3 -1 -4 9 8 -8 -7 11 -11 -2
right_child=5 -3 4 -5 -6 6 7 -9 -10 10 -12 -13
leaf_value=2.3872773450900748 0.1653221408421541 7.0669749086145224 -0.11742026538374919 -0.43973631404229108 -1.3948830088786337 0.42046023060487431 -1.143614191641906 4.796979090990118 -0.66534403481146509 -0.11436164552658978 -1.4936581135330023 -0.047705193727176964
leaf_weight=249 12710 20 1490 286 850 5667 497 22 752 1661 661 33535
leaf_count=249 12710 20 1490 286 850 5667 497 22 752 1661 661 33535
internal_value=0.000126002 -0.255091 -0.309879 0.878897 -0.582131 0.0134465 0.20531 -0.877922 0.293105 -0.0139651 -0.507798 0.0108442
internal_weight=58400 2895 2875 535 2340 55505 6938 519 6419 48567 2322 46245
internal_count=58400 2895 2875 535 2340 55505 6938 519 6419 48567 2322 46245
is_linear=0
shrinkage=0.0940712


Tree=131
num_leaves=16
num_cat=0
split_feature=37 27 43 61 45 36 34 36 36 26 47 26 43 47 2
split_gain=21910.1 76500.7 129414 108335 88100.6 70199.2 100546 87412.8 64851.6 73562.7 167251 70148.8 60705.9 107402 63147.5
threshold=135.10912698412702 7.5000000000000009 461.50000000000006 1.7707669851380043 241.50000000000003 468.50000000000006 172.39285714285717 466.50000000000006 275.50000000000006 11.500000000000002 286.16666666666669 164.50000000000003 483.50000000000006 320.83333333333343 99.675000000000026
decision_type=2 8 10 2 10 2 2 2 2 8 2 10 10 2 2
left_child=1 2 4 -4 -1 7 -7 -3 9 10 -2 -11 14 -14 -10
right_child=8 5 3 -5 -6 6 -8 -9 12 11 -12 -13 13 -15 -16
leaf_value=-1.8305871648117467 -0.21074519251057866 -0.035707466501657147 7.0536180316911157 0.17587277122283113 -0.25142039325582344 0.88449385064879238 7.9876674736941373 -4.0305268370013465 0.044296914289292402 -0.058800490279396198 10.717024259184548 1.2170031408672488 0.68294996739632818 -1.2216345346324291 2.4924781513928718
leaf_weight=589 31 26700 31 54 666 374 17 47 27029 835 19 700 380 836 92
leaf_count=589 31 26700 31 54 666 374 17 47 27029 835 19 700 380 836 92
internal_value=0.000137028 -0.0589218 -0.752361 2.76767 -0.994013 -0.0246357 1.22419 -0.0429668 0.0563501 0.641627 4.13815 0.523563 0.0235753 -0.626236 0.0527493
internal_weight=58400 28478 1340 85 1255 27138 391 26747 29922 1585 50 1535 28337 1216 27121
internal_count=58400 28478 1340 85 1255 27138 391 26747 29922 1585 50 1535 28337 1216 27121
is_linear=0
shrinkage=0.0940712


Tree=132
num_leaves=16
num_cat=0
split_feature=29 47 20 42 8 56 31 52 55 69 49 1 29 39 52
split_gain=20936 60546.3 112535 77930.9 58658.6 64060.5 61077.3 50182.5 79335.4 69544.5 59445.7 66298.9 55028.4 34049.7 9480.99
threshold=65.046137471797635 136.41666666666671 -0.91023613416931226 72.500000000000014 62.45000000000001 -77.499999999999986 87.214285714285737 98.01571132323798 -198.49999999999997 1.5000000000000002 382.50000000000006 26.285000000000004 60.052754585725204 337.50000000000006 135.26800828698359
decision_type=2 2 2 2 2 10 2 2 8 2 2 2 2 2 2
left_child=7 2 14 -4 5 -3 -6 8 13 -10 12 -12 -9 -1 -2
right_child=1 4 3 -5 6 -7 -8 10 9 -11 11 -13 -14 -15 -16
leaf_value=-8.0854290631781698 -5.4231903923855427 -0.12724585919605572 -0.84838536012715182 3.053351698003921 -3.0005791671809825 0.13994891659913958 -0.3878887768397189 0.026340230381298506 -2.159416653810363 -0.18309336137627519 3.3134613008281759 -3.1830376956400896 -0.50206241362684856 -2.3458058304235054 -1.8942533531947789
leaf_weight=14.999999999999998 15.000000000000002 11633 59 185 82 25006 1539 16691 190 891 14.999999999999998 92 1946 25 15.999999999999998
leaf_count=15 15 11633 59 185 82 25006 1539 16691 190 891 15 92 1946 25 16
internal_value=0.000183734 0.0406258 1.42752 2.10999 0.0305961 0.0551085 -0.522893 -0.0782582 -0.689206 -0.533188 -0.0416589 -2.23659 -0.0288641 -4.7241 -3.78386
internal_weight=58400 38535 275 244 38260 36639 1621 19865 1121 1081 18744 107 18637 40 31
internal_count=58400 38535 275 244 38260 36639 1621 19865 1121 1081 18744 107 18637 40 31
is_linear=0
shrinkage=0.0940712


Tree=133
num_leaves=12
num_cat=0
split_feature=56 59 52 34 34 22 26 0 10 57 28
split_gain=21731.5 88206.7 97161.1 84281.9 48872.4 47333.4 97366.9 88833.7 63970.8 52719.6 41369.1
threshold=284.50000000000006 -4.9599999999999991 110.84044566635343 197.25000000000003 161.67142857142861 394.50000000000006 10.500000000000002 169.50000000000003 24.500000000000004 374.50000000000006 283.16666666666669
decision_type=10 2 2 2 2 2 10 2 2 10 2
left_child=5 -2 4 -4 -3 9 8 -8 -7 10 -1
right_child=1 2 3 -5 -6 6 7 -9 -10 -11 -12
leaf_value=0.014436763203531315 6.4384442960677557 -3.3064115114148058 -0.080454186676161901 -3.214195802181758 0.71276496806879641 -3.2567720974587218 0.52256613374569127 2.963195300088862 3.0330778232133149 -5.0095160608974938 -0.70766971180314653
leaf_weight=52677 15.999999999999998 129 3668 76 33 81 821 156 15.999999999999998 17 710
leaf_count=52677 16 129 3668 76 33 81 821 156 16 17 710
internal_value=0.000110277 -0.213713 -0.243556 -0.145414 -2.48793 0.0155119 0.633377 0.916503 -2.18638 0.00306562 0.0048106
internal_weight=58400 3922 3906 3744 162 54478 1074 977 97 53404 53387
internal_count=58400 3922 3906 3744 162 54478 1074 977 97 53404 53387
is_linear=0
shrinkage=0.0940712


Tree=134
num_leaves=15
num_cat=0
split_feature=30 50 64 66 61 63 33 64 30 1 26 35 1 35
split_gain=22238.2 85096 104732 52392.2 48572.2 46416.6 42085.6 122181 93257.1 89273 41202 32263.3 150939 60873.2
threshold=473.50000000000006 145.5759497090846 0.26614436403777758 1.5000000000000002 1.6672494172494174 287.50000000000006 475.50000000000006 2.9059551886792456 231.50000000000003 151.15500000000003 23.500000000000004 146.29596072675258 11.485000000000001 144.24246985474588
decision_type=2 2 2 2 2 2 2 2 2 2 8 2 2 2
left_child=6 2 3 -2 -4 10 11 8 -8 -9 -3 13 -13 -1
right_child=1 5 4 -5 -6 -7 7 9 -10 -11 -12 12 -14 -15
leaf_value=0.0015719811679421572 -6.3587757305787207 1.1623039101876338 4.1891505688955224 0.68190173301218537 0.33219911902556698 1.6025641814938276 -1.483346638554508 7.0824366599610649 2.040040470845947 -0.32806980644291156 -4.0232593665707608 -5.4725931936342302 -0.25155980178628534 1.127027053074706
leaf_weight=55713 22 14.999999999999998 51 14.999999999999998 65 19 141 43 123 21 96 49 1600 427
leaf_count=55713 22 15 51 15 65 19 141 43 123 21 96 49 1600 427
internal_value=9.49447e-05 -0.829482 0.672206 -3.58914 2.06212 -2.58482 0.00415891 1.0642 0.160099 4.69903 -3.31498 -0.00188407 -0.411809 0.0101655
internal_weight=58400 283 153 37 116 130 58117 328 264 64 111 57789 1649 56140
internal_count=58400 283 153 37 116 130 58117 328 264 64 111 57789 1649 56140
is_linear=0
shrinkage=0.0940712


Tree=135
num_leaves=16
num_cat=0
split_feature=23 41 58 48 50 39 61 21 42 35 54 61 42 52 42
split_gain=21430.9 76492.2 123372 81257.5 73593.7 162921 82516.3 54941.3 51804.8 105744 107268 83536.6 76698.4 112248 84977.7
threshold=196.50000000000003 92.044777807842749 1.0963298131214214 134.56287236924155 101.04866805817231 413.50000000000006 23.236111111111114 0.8542199457734333 78.500000000000014 104.53745582176377 225.50000000000003 3.0030120481927716 90.500000000000014 131.57766268868934 98.500000000000014
decision_type=10 2 2 2 2 2 2 2 2 2 2 2 2 2 2
left_child=8 2 3 -2 5 -3 -6 -4 9 11 -11 -1 13 -10 -14
right_child=1 4 7 -5 6 -7 -8 -9 12 10 -12 -13 14 -15 -16
leaf_value=0.28184966137813994 6.3339542058647575 -0.01771583358179004 -5.4740330681909022 -1.4503275107408264 -0.027816330746522844 1.5231198172133134 1.2013691669806794 0.73375792768140768 -1.9087545718994054 0.71639374178849302 3.8715822534655731 -1.2843155837869522 0.92702371189341448 -0.020092523703879952 -0.058231222989247176
leaf_weight=962 18 1579 67 29 12009 985 502 14.999999999999998 482 1229 102 437 789 657 38538
leaf_count=962 18 1579 67 29 12009 985 502 15 482 1229 102 437 789 657 38538
internal_value=8.71791e-05 0.0961371 -2.17102 1.63609 0.115769 0.574737 0.021638 -4.34446 -0.0337195 0.362784 0.962537 -0.208163 -0.0604854 -0.820963 -0.0384253
internal_weight=58400 15204 129 47 15075 2564 12511 82 43196 2730 1331 1399 40466 1139 39327
internal_count=58400 15204 129 47 15075 2564 12511 82 43196 2730 1331 1399 40466 1139 39327
is_linear=0
shrinkage=0.0940712


Tree=136
num_leaves=13
num_cat=0
split_feature=47 55 10 58 28 46 46 28 47 32 28 35
split_gain=21651.8 63767.8 63034.3 81697.5 73146.9 22353.8 139998 135692 95340.9 187729 105120 74661.4
threshold=92.166666666666671 -55.499999999999993 23.500000000000004 1.0696281719444858 27.166666666666668 283.50000000000006 263.50000000000006 111.83333333333336 312.41666666666669 32.135499478604018 131.83333333333334 101.90978553768636
decision_type=2 8 2 2 2 10 10 2 2 2 2 2
left_child=1 -1 4 -4 -3 6 11 -8 10 -10 -7 -2
right_child=5 2 3 -5 -6 8 7 -9 9 -11 -12 -13
leaf_value=4.5594790892417807 -0.18154041751080305 1.748635195767434 6.4934677899461564 -1.0540934289757167 -3.2638603067468184 -0.11378938827640656 1.6023795510210355 0.1801545996738457 7.8915730731533822 -0.34484888852749934 0.34933121498120329 0.12630144172179752
leaf_weight=15.999999999999998 11877 31 17 39 129 11517 970 1528 23 8421 6955 16877
leaf_count=16 11877 31 17 39 129 11517 970 1528 23 8421 6955 16877
internal_value=9.22239e-05 -0.903833 -1.33892 1.34893 -2.28439 0.00372382 0.0578443 0.733126 -0.0591102 -0.320945 0.0605908 -0.000852916
internal_weight=58400 232 216 56 160 58168 31252 2498 26916 8444 18472 28754
internal_count=58400 232 216 56 160 58168 31252 2498 26916 8444 18472 28754
is_linear=0
shrinkage=0.0940712


Tree=137
num_leaves=16
num_cat=0
split_feature=20 25 52 30 50 32 28 16 50 0 31 35 5 5 58
split_gain=21068.9 84805.6 76429.7 123892 72862.7 87353 72506.3 44896.1 29978.2 67465.5 101787 97340 25656.4 75051.1 55591.1
threshold=-0.99635443704902682 127.50000000000001 101.48772458373351 203.50000000000003 82.922511155903081 66.240542892150316 103.83333333333336 1.0000000180025095e-35 191.77621664589068 92.500000000000014 171.50000000000003 141.18779871170469 27.735000000000003 21.895000000000003 0.99999996426657167
decision_type=2 10 2 2 2 2 2 2 2 2 2 2 2 2 2
left_child=1 4 3 -3 7 -6 -4 -1 12 11 -11 -10 13 -2 -14
right_child=8 2 6 -5 5 -7 -8 -9 9 10 -12 -13 14 -15 -16
leaf_value=-4.6371505011521972 0.038960752550048709 6.3942765121594087 -2.7990132362829514 -3.2909286710807395 4.5879670485693707 1.005673145810821 -0.14269397584836685 0.5430025047448902 -4.3996949251669717 1.4836969464112097 -5.2112837318763745 3.606737806636017 1.6750493134339817 -0.47964180046997174 0.021156707046706139
leaf_weight=28 7528 31 128 17 67 514 306 29 76 109 23 14.999999999999998 179 3673 45677
leaf_count=28 7528 31 128 17 67 514 306 29 76 109 23 15 179 3673 45677
internal_value=0.000129209 0.403922 -0.536716 2.96594 1.11433 1.43018 -0.93364 -2.05527 -0.00777476 -1.09255 0.268917 -3.04001 -0.00350306 -0.13113 0.0276723
internal_weight=58400 1120 482 48 638 581 434 57 57280 223 132 91 57057 11201 45856
internal_count=58400 1120 482 48 638 581 434 57 57280 223 132 91 57057 11201 45856
is_linear=0
shrinkage=0.0940712


Tree=138
num_leaves=16
num_cat=0
split_feature=61 46 58 39 40 64 61 1 1 1 1 46 23 24 52
split_gain=21577.4 90249.8 95525.3 75122 100732 50652.8 22115.2 116474 180059 105020 29939.6 79606.4 44398.2 21596.9 15543.2
threshold=0.99676897379684737 281.50000000000006 1.2195068246257204 425.50000000000006 148.40011846602835 0.9423580346355217 1.0113895807388962 83.685000000000016 80.795000000000016 109.25500000000001 85.595000000000013 485.50000000000006 146.50000000000003 222.50000000000003 138.24047370949992
decision_type=2 8 2 2 2 2 2 2 2 2 2 10 10 10 2
left_child=1 2 13 4 -3 -4 7 8 -2 -9 11 -8 -12 -1 -5
right_child=6 3 5 14 -6 -7 10 9 -10 -11 12 -13 -14 -15 -16
leaf_value=-6.2940274194371462 1.2821533116171357 0.59728406677836421 -1.9043317203108832 -4.8684131169712694 8.2313690892377736 3.6921612852544548 -0.11907401572817171 -3.1809175583666782 10.818768346626298 0.2411614264296662 -0.032001049928140311 0.8823802903638569 0.18729096139577228 -1.9098177954832176 -0.6045962180978377
leaf_weight=45 331 61 41 15.000000000000002 19 20 22015 98 17 390 21369 724 13225 14.999999999999998 14.999999999999998
leaf_count=45 331 61 41 15 19 20 22015 98 17 390 21369 724 13225 15 15
internal_value=0.000113223 -0.904202 -2.66199 1.03843 2.5348 -0.0210446 0.00373077 0.483625 1.79463 -0.453755 -0.00327757 -0.0871242 0.0518335 -5.27627 -2.87589
internal_weight=58400 231 121 110 80 61 58169 836 348 488 57333 22739 34594 60 30
internal_count=58400 231 121 110 80 61 58169 836 348 488 57333 22739 34594 60 30
is_linear=0
shrinkage=0.0940712


Tree=139
num_leaves=15
num_cat=0
split_feature=0 40 10 10 1 50 1 0 27 1 2 50 27 49
split_gain=21236 104631 84815.6 144924 103933 62112.7 52467.3 38344 103045 131486 123826 29969.4 109017 50526.4
threshold=194.50000000000003 83.918497435418743 21.500000000000004 8.5000000000000018 68.075000000000003 151.28591663149706 60.635000000000012 184.50000000000003 339.50000000000006 9.2150000000000016 48.07500000000001 90.303061172506702 357.50000000000006 359.46428571428578
decision_type=2 2 2 2 2 2 2 2 8 2 2 2 10 2
left_child=7 5 3 -3 -4 6 -2 11 9 -9 -10 12 -1 -13
right_child=1 2 4 -5 -6 -7 -8 8 10 -11 -12 13 -14 -15
leaf_value=0.10637535961887812 -5.684538860927332 -0.96099669777475361 -3.138077595923471 1.1267131425293677 -0.25184895779833905 2.6574990830883523 -1.8984252552649037 3.5640142319339065 -0.070419327386243569 0.035059495862011708 3.6366701182384849 -0.01499371162489478 2.0763381407233257 -0.57749394440936652
leaf_weight=5025 48 473 153 773 388 17 102 95 148 2888 171 46403 260 1456
leaf_count=5025 48 473 153 773 388 17 102 95 148 2888 171 46403 260 1456
internal_value=0.000120026 -0.30464 -0.0931508 0.333876 -1.07502 -2.54513 -3.1569 0.0106803 0.321652 0.149295 1.92441 -0.00864778 0.203898 -0.0321274
internal_weight=58400 1954 1787 1246 541 167 150 56446 3302 2983 319 53144 5285 47859
internal_count=58400 1954 1787 1246 541 167 150 56446 3302 2983 319 53144 5285 47859
is_linear=0
shrinkage=0.0940712


Tree=140
num_leaves=16
num_cat=0
split_feature=63 63 28 55 36 58 0 47 2 26 21 22 25 29 58
split_gain=21570 95142.4 89141.5 89466.6 78843.5 75045.4 90073 86899.9 62240.1 107396 111131 104678 71213.8 86504.1 64969.4
threshold=116.50000000000001 50.500000000000007 27.166666666666668 -224.49999999999997 274.50000000000006 0.99999998515329258 48.500000000000007 162.16666666666671 92.705000000000013 407.50000000000006 0.98182534576205305 244.50000000000003 321.50000000000006 77.547834580923691 1.3988830853944034
decision_type=2 2 2 8 2 2 2 2 2 10 2 2 8 2 2
left_child=1 5 4 -4 -3 7 -7 -1 12 10 -10 -11 14 -14 -2
right_child=8 2 3 -5 -6 6 -8 -9 9 11 -12 -13 13 -15 -16
leaf_value=-1.3576001699223321 0.17121242175240284 -2.2391690830697213 3.2811583184979609 -0.37804252236958202 4.4087271977342297 -0.32327908811479156 0.19097323664000487 -0.1473617908128656 -0.73589573206921144 7.6972611263430455 2.3269344884912631 -1.7213991276794494 -0.17410861106304237 1.0880574273660608 -0.2116222884889721
leaf_weight=609 13510 20 58 8297 61 3581 18992 3755 1747 26 110 15.999999999999998 746 1346 5526
leaf_count=609 13510 20 58 8297 61 3581 18992 3755 1747 26 110 16 746 1346 5526
internal_value=0.00010985 -0.0460146 -0.321671 -0.352017 2.75444 0.040323 0.109369 -0.316706 0.0709678 -0.444668 -0.552598 4.17321 0.117349 0.638119 0.0600637
internal_weight=58400 35373 8436 8355 81 26937 22573 4364 23027 1899 1857 42 21128 2092 19036
internal_count=58400 35373 8436 8355 81 26937 22573 4364 23027 1899 1857 42 21128 2092 19036
is_linear=0
shrinkage=0.0940712


Tree=141
num_leaves=14
num_cat=0
split_feature=22 40 45 35 0 35 22 43 51 35 19 40 10
split_gain=21220.9 95725 87677.3 109308 80461.9 52598.9 114039 113227 86759.4 219573 82254.8 67922.3 48621.1
threshold=34.500000000000007 198.57916592923542 132.50000000000003 69.296385266352374 194.50000000000003 70.914454685006206 45.500000000000007 481.50000000000006 225.96428571428575 144.24246985474588 -0.9330127018922193 87.327028703928463 9.5000000000000018
decision_type=2 2 8 2 2 2 2 10 2 2 2 2 2
left_child=1 2 3 -1 -4 6 10 -8 9 -7 -2 -10 -3
right_child=5 12 4 -5 -6 8 7 -9 11 -11 -12 -13 -14
leaf_value=-2.2815625804753066 4.0480346915819814 0.60347232918283067 -0.21099584289263881 0.63624080334820599 -1.796046074523185 -0.54611984490889887 0.49677556036248188 4.2925946601446174 0.58038022270396961 10.004045027425434 -2.0482491680448573 0.010542768333299085 7.7247012202497434
leaf_weight=120 20 14.999999999999998 8255 1743 292 3004 2528 70 1939 15.999999999999998 223 40156 19
leaf_count=120 20 15 8255 1743 292 3004 2528 70 1939 16 223 40156 19
internal_value=0.000128776 -0.121371 -0.138007 0.446478 -0.26548 0.0265951 0.419079 0.601615 0.00186295 -0.485042 -1.52334 0.0368144 4.75097
internal_weight=58400 10444 10410 1863 8547 47956 2841 2598 45115 3020 243 42095 34
internal_count=58400 10444 10410 1863 8547 47956 2841 2598 45115 3020 243 42095 34
is_linear=0
shrinkage=0.0940712


Tree=142
num_leaves=16
num_cat=0
split_feature=32 33 5 11 11 32 58 29 24 35 32 27 10 64 25
split_gain=21079.9 92083.2 70247.2 70738.6 69311.4 57398.1 112440 112732 99662.2 74619.6 100865 61310.1 51581.4 31217.8 12091.6
threshold=138.7117600634198 327.50000000000006 74.27500000000002 4.5000000000000009 47.500000000000007 119.35551134748788 1.2344665706472486 64.578118068997099 330.50000000000006 132.31462255041058 116.47501264671533 10.500000000000002 13.500000000000002 1.0807767112114941 57.500000000000007
decision_type=2 2 2 2 2 2 2 2 10 2 2 10 2 2 10
left_child=5 12 3 -3 -4 9 7 -7 -8 11 -11 -1 14 -14 -2
right_child=1 2 4 -5 -6 6 8 -9 -10 10 -12 -13 13 -15 -16
leaf_value=-0.37663294626696159 -3.9155563281734862 1.1768401942993678 -0.66196203331777526 -0.02575125196938037 1.1597268702160415 -0.86739879890971938 0.74146081677422926 0.15837495609698429 -0.51962415535429585 -0.410287462758959 -2.8972628481135221 0.036179657622036676 2.242584318720878 -3.1971814552433226 -8.0717228799577505
leaf_weight=3509 20 466 2369 5827 199 1201 3982 4479 643 1296 161 34198 14.999999999999998 20 14.999999999999998
leaf_count=3509 20 466 2369 5827 199 1201 3982 4479 643 1296 161 34198 15 20 15
internal_value=0.000171381 -0.132828 -0.105652 0.0635511 -0.520127 0.0241888 0.221714 -0.0586749 0.565992 -0.0277884 -0.687995 -0.00224719 -3.49386 -0.866189 -5.96887
internal_weight=58400 8931 8861 6293 2568 49469 10305 5680 4625 39164 1457 37707 70 35 35
internal_count=58400 8931 8861 6293 2568 49469 10305 5680 4625 39164 1457 37707 70 35 35
is_linear=0
shrinkage=0.0940712


Tree=143
num_leaves=15
num_cat=0
split_feature=59 47 51 7 50 4 37 59 5 35 67 59 42 45
split_gain=20554.1 100446 137514 82190.3 63661.6 61356.4 60938 50180.1 127721 107715 91831.7 29804.3 151320 41399.5
threshold=4.8300000000000001 182.83333333333334 274.30952380952385 204.50000000000003 159.12012532114173 1.0000000180025095e-35 146.15476190476193 4.6900000000000039 79.205000000000013 124.80501275493769 1.0000000180025095e-35 3.3799999999999977 498.50000000000006 417.50000000000006
decision_type=2 2 2 2 2 2 2 2 2 2 2 2 2 10
left_child=7 2 5 4 -3 -2 -5 11 9 -9 -10 13 -13 -1
right_child=1 3 -4 6 -6 -7 -8 8 10 -11 -12 12 -14 -15
leaf_value=0.064091829646591603 -2.3093844851983536 -1.3242365974578922 8.588424670020121 0.95462577441116692 -5.0085980307375868 2.6166551684967945 -1.4598233535707139 0.63866526289299519 2.9134179599696362 3.5276125594183867 -3.2107436987906781 -0.20126740622526051 6.3257153632637477 -0.1620504144810303
leaf_weight=40211 38 350 22 269 46 50 139 536 26 144 103 7721 30 8715
leaf_count=40211 38 350 22 269 46 50 139 536 26 144 103 7721 30 8715
internal_value=0.000115437 -0.442095 2.20427 -0.807887 -1.77053 0.484915 0.129318 0.00716039 0.742091 1.25731 -1.95537 -0.00334784 -0.17472 0.0238035
internal_weight=58400 914 110 804 396 88 408 57486 809 680 129 56677 7751 48926
internal_count=58400 914 110 804 396 88 408 57486 809 680 129 56677 7751 48926
is_linear=0
shrinkage=0.0940712


Tree=144
num_leaves=16
num_cat=0
split_feature=24 23 44 27 51 37 43 24 27 53 50 26 20 26 23
split_gain=20404.7 91163 78263.9 74061.2 90195.6 69151.3 54459.5 27554.1 126302 152727 112669 28072.8 120818 41722.9 23932.8
threshold=3.5000000000000004 42.500000000000007 64.500000000000014 298.50000000000006 286.03571428571433 145.89880952380955 422.50000000000006 4.5000000000000009 33.500000000000007 127.50000000000001 112.15125840535545 1.5000000000000002 -0.91023613416931226 9.5000000000000018 20.500000000000004
decision_type=8 10 10 10 2 2 10 8 10 2 2 8 2 8 10
left_child=1 2 14 4 -3 -4 -5 8 9 -2 -10 12 -9 -13 -1
right_child=7 3 5 6 -6 -7 -8 11 10 -11 -12 13 -14 -15 -16
leaf_value=-3.3949007571868774 9.4254089615453509 -0.36963478014554679 -1.9566194072673522 -3.7678774465899423 1.6508646430328862 2.8060977783273153 1.5912625574793713 4.0584023559907383 -3.4630736148815431 -0.018004489981341708 1.1627157822966931 -0.40082811468455376 0.11888206463756855 0.013265714584067593 -8.8031255003011282
leaf_weight=19 29 588 189 69 291 30 21 78 62 30 173 2241 515 54050 14.999999999999998
leaf_count=19 29 588 189 69 291 30 21 78 62 30 173 2241 515 54050 15
internal_value=0.00013464 -0.379975 -1.96422 0.0360255 0.300866 -1.28837 -2.51022 0.00827065 0.914215 4.74492 -0.0719739 0.00356117 0.646575 -0.00322818 -6.06619
internal_weight=58400 1222 253 969 879 219 90 57178 294 59 235 56884 593 56291 34
internal_count=58400 1222 253 969 879 219 90 57178 294 59 235 56884 593 56291 34
is_linear=0
shrinkage=0.0940712


Tree=145
num_leaves=16
num_cat=0
split_feature=8 49 5 25 49 29 63 64 59 27 45 48 59 59 66
split_gain=20255.4 92648.4 136555 172900 120329 112854 90998.8 82110.5 40139.4 61944.2 127836 74012.2 49112 182900 97105.9
threshold=2.8500000000000001 346.50000000000006 91.935000000000016 129.50000000000003 311.64285714285717 111.90472136799453 276.50000000000006 2.0397368421052637 -3.7499999999999987 22.500000000000004 187.50000000000003 112.14796773064809 -2.4700000000000011 -2.1249999999999996 1.5000000000000002
decision_type=2 2 2 10 2 2 2 2 2 8 10 2 2 2 2
left_child=1 4 5 -4 6 -3 -1 -6 9 10 -2 -11 14 -14 -10
right_child=8 2 3 -5 7 -7 -8 -9 12 11 -12 -13 13 -15 -16
leaf_value=0.0067214492720899374 -0.73396839978937101 1.8438494307800106 11.103775589237513 -0.24912712630787287 -1.4973704884766603 -0.93212868691322126 -2.0934580925525865 0.39644519553703877 0.11703429376042618 -0.23081019875204753 1.9543620137187696 0.45432094730243305 0.95921557437230587 -0.014650933483787142 -0.60362822295782625
leaf_weight=5745 232 281 24 22 944 238 187 257 3281 2585 475 3028 1790 35976 3335
leaf_count=5745 232 281 24 22 944 238 187 257 3281 2585 475 3028 1790 35976 3335
internal_value=0.000118383 -0.142045 1.01583 5.84154 -0.23398 0.571637 -0.0599967 -1.09202 0.0217091 0.243486 1.07234 0.138793 -0.00987653 0.0315419 -0.246276
internal_weight=58400 7698 565 46 7133 519 5932 1201 50702 6320 707 5613 44382 37766 6616
internal_count=58400 7698 565 46 7133 519 5932 1201 50702 6320 707 5613 44382 37766 6616
is_linear=0
shrinkage=0.0940712


Tree=146
num_leaves=14
num_cat=0
split_feature=6 44 22 36 55 44 28 22 23 25 22 26 6
split_gain=20077 93871.8 129487 130882 94816.5 129825 104275 39629 129640 67312.7 53892.3 67891.2 40593.1
threshold=15.500000000000002 343.50000000000006 448.50000000000006 231.50000000000003 -188.49999999999997 265.50000000000006 166.50000000000003 1.0000000180025095e-35 13.500000000000002 234.50000000000003 1.5000000000000002 86.500000000000014 13.500000000000002
decision_type=2 10 2 2 10 10 2 2 10 10 2 8 2
left_child=7 4 3 -3 5 -2 -6 8 -1 -10 11 -9 -12
right_child=1 2 -4 -5 6 -7 -8 10 9 -11 12 -13 -14
leaf_value=6.6537195790417476 -0.40434914041615505 -2.7669863390097045 -6.7532561967392004 0.91159645944791656 0.45021487176478675 -3.4798571266061398 -0.71730201023869533 2.9249711086763832 -2.5479396106079659 1.1560756631700502 0.0077018539366461814 0.010899447503369715 -0.27122386166015455
leaf_weight=15.999999999999998 533 88 19 1956 2297 156 958 123 191 55 46722 164 5122
leaf_count=16 533 88 19 1956 2297 156 958 123 191 55 46722 164 5122
internal_value=0.000133401 0.163007 0.676939 0.75117 -0.105946 -1.10717 0.106378 -0.0185424 -1.16916 -1.71723 -0.0127224 1.26929 -0.0198599
internal_weight=58400 6007 2063 2044 3944 689 3255 52393 262 246 52131 287 51844
internal_count=58400 6007 2063 2044 3944 689 3255 52393 262 246 52131 287 51844
is_linear=0
shrinkage=0.0940712


Tree=147
num_leaves=15
num_cat=0
split_feature=38 36 58 55 23 31 53 36 50 51 36 46 46 49
split_gain=20101.8 72577.6 129502 86673.2 73463.6 149774 114890 54443.2 84968 114478 109087 75698.7 184759 110005
threshold=99.498125530663444 443.50000000000006 0.99999998656365496 112.50000000000001 53.500000000000007 165.21428571428575 179.50000000000003 328.50000000000006 137.14885899565337 202.75000000000003 309.50000000000006 271.50000000000006 263.50000000000006 231.35714285714286
decision_type=2 2 2 10 8 2 2 2 2 2 2 10 10 2
left_child=1 4 -3 -4 5 -1 -6 8 10 -10 -2 12 -9 -13
right_child=7 2 3 -5 6 -7 -8 11 9 -11 -12 13 -14 -15
leaf_value=0.28863657612700028 -0.16589513943400261 9.4928732427350528 3.0984008435712025 -3.3982095489913977 0.05103267953151043 3.3940246431138346 -0.85867609349682339 0.10449878427270405 -3.6674857377800798 0.28041331378570161 -1.013345650600519 0.46678057726512762 1.815199082200418 -0.22461260916556106
leaf_weight=4760 4256 18 52 26 10718 140 1386 15535 65 2767 1964 2389 578 13746
leaf_count=4760 4256 18 52 26 10718 140 1386 15535 65 2767 1964 2389 578 13746
internal_value=0.000108512 0.085878 2.64438 0.907086 0.0711845 0.378441 -0.0532228 -0.0354026 -0.239243 0.187786 -0.43369 0.0218201 0.166042 -0.1222
internal_weight=58400 17100 96 78 17004 4900 12104 41300 9052 2832 6220 32248 16113 16135
internal_count=58400 17100 96 78 17004 4900 12104 41300 9052 2832 6220 32248 16113 16135
is_linear=0
shrinkage=0.0940712


Tree=148
num_leaves=14
num_cat=0
split_feature=0 35 31 43 23 64 64 71 58 32 6 43 64
split_gain=19926 83204.3 99358.7 73478.1 80472.4 71320 57365.6 91903.3 87719.2 78250.2 48981.3 169144 50688.4
threshold=33.500000000000007 150.04753824513875 220.50000000000003 498.50000000000006 282.50000000000006 0.63458343981599807 0.34022143597877147 422.50000000000006 1.0823383936032884 90.221288786373592 17.500000000000004 402.50000000000006 0.64906471476705019
decision_type=2 2 2 10 10 2 2 2 2 2 2 10 2
left_child=1 3 5 4 -1 -3 7 9 -9 -2 12 -12 -8
right_child=6 2 -4 -5 -6 -7 10 8 -10 -11 11 -13 -14
leaf_value=0.25762151847921977 -0.99080559203157192 3.4763454392662125 9.2124966374338904 6.0409412291859841 -0.97734842966853797 -3.0037297940280849 0.18674023872304665 5.9187686428255324 0.67170008957493754 -0.16666869403068574 0.15411685785908652 5.0291957017423883 -0.043037852419848747
leaf_weight=3891 1250 44 17 17 529 21 11180 37 107 5508 356 75 35368
leaf_count=3891 1250 44 17 17 529 21 11180 37 107 5508 356 75 35368
internal_value=0.000123016 0.189829 3.13082 0.134366 0.109495 1.35953 -0.0157903 -0.268998 2.0698 -0.319318 0.0214151 1.01783 0.0121524
internal_weight=58400 4519 82 4437 4420 65 53881 6902 144 6758 46979 431 46548
internal_count=58400 4519 82 4437 4420 65 53881 6902 144 6758 46979 431 46548
is_linear=0
shrinkage=0.0940712


Tree=149
num_leaves=13
num_cat=0
split_feature=49 5 43 5 9 37 24 7 27 57 27 57
split_gain=19288 54352.7 59244.9 57778.6 49711.9 26130.3 64504.6 84059.1 63386.2 26174.6 122567 66402.8
threshold=408.35714285714295 81.305000000000021 420.50000000000006 27.025000000000002 4.5000000000000009 188.87500000000003 141.50000000000003 204.50000000000003 366.50000000000006 -176.49999999999997 250.50000000000003 -130.49999999999997
decision_type=2 2 10 2 2 2 8 2 10 10 10 10
left_child=5 3 -3 -2 -5 9 7 -7 -8 10 -1 -11
right_child=1 2 -4 4 -6 6 8 -9 -10 11 -12 -13
leaf_value=0.0070346959599657567 3.6766613215639281 0.32881501136344016 7.5538007944049195 -2.6394476393400486 2.1658830063107057 -1.5437402312289712 -0.99253931853641564 2.5540350618486394 -5.4823623607258325 -0.40743385700609219 1.0681409938810422 0.0092623006666796674
leaf_weight=6384 27 20 19 61 26 76 331 102 29 3648 1133 46544
leaf_count=6384 27 20 19 61 26 76 331 102 29 3648 1133 46544
internal_value=0.000176858 1.04966 4.00708 -0.0014678 -1.18908 -0.00260576 -0.654217 0.80551 -1.37668 0.00348433 0.167175 -0.0210328
internal_weight=58400 153 39 114 87 58247 538 178 360 57709 7517 50192
internal_count=58400 153 39 114 87 58247 538 178 360 57709 7517 50192
is_linear=0
shrinkage=0.0940712


Tree=150
num_leaves=16
num_cat=0
split_feature=1 32 33 26 71 32 8 35 27 47 23 48 25 11 69
split_gain=19889 21998.4 91328 73147.4 61027.1 51541.7 88832.1 53108.6 8210.02 7450.5 7198.69 4924.72 3632.87 2565.1 2319.86
threshold=377.64500000000004 138.7117600634198 339.50000000000006 63.500000000000007 152.50000000000003 127.05426287163891 35.750000000000007 132.31462255041058 375.50000000000006 152.50000000000003 50.500000000000007 25.238858928248842 82.500000000000014 32.500000000000007 4.5000000000000009
decision_type=2 2 2 10 2 2 2 2 10 2 10 2 10 2 2
left_child=1 5 4 -4 -3 7 -7 -1 9 11 -11 -2 13 -10 -14
right_child=8 2 3 -5 -6 6 -8 -9 12 10 -12 -13 14 -15 -16
leaf_value=0.00074663056652840771 0.79186037390272179 0.96274992504621359 0.28345336554263678 -0.3035324697738061 -3.2848350367062014 0.44533961654749082 -0.54284455459096348 -0.51393701204751996 -1.8684536054812104 0.65903518733837985 0.24973857835505628 -0.66561545433804337 -0.8142394030392901 -0.2747344139132184 0.62759553910012467
leaf_weight=39972 24 38 2830 5581 129 4768 967 1855 24 505 1551 104 15.999999999999998 14.999999999999998 21
leaf_count=39972 24 38 2830 5581 129 4768 967 1855 24 505 1551 104 16 15 21
internal_value=0.000176467 -0.0108395 -0.149487 -0.106002 -2.3176 0.0141676 0.278594 -0.0220946 0.273695 0.307326 0.350756 -0.385114 -0.677867 -1.29277 -0.000349423
internal_weight=58400 56140 8578 8411 167 47562 5735 41827 2260 2184 2056 128 76 39 37
internal_count=58400 56140 8578 8411 167 47562 5735 41827 2260 2184 2056 128 76 39 37
is_linear=0
shrinkage=0.0940712


Tree=151
num_leaves=16
num_cat=0
split_feature=26 56 26 55 39 50 49 63 26 31 34 47 30 0 55
split_gain=20392.5 109357 99604.7 259305 80331.8 73015.6 103022 66497 53800.8 112886 159926 57268.2 48613.7 79945.3 56712.4
threshold=158.50000000000003 -223.49999999999997 314.50000000000006 -37.499999999999993 485.50000000000006 166.40705971744237 316.07142857142861 116.50000000000001 150.50000000000003 103.64285714285715 109.30952380952382 352.83333333333343 433.50000000000006 51.500000000000007 350.50000000000006
decision_type=8 8 8 10 2 2 2 2 8 2 2 2 2 2 10
left_child=8 2 4 -4 -2 7 -7 -3 12 11 -11 -10 14 -14 -1
right_child=1 5 3 -5 -6 6 -8 -9 9 10 -12 -13 13 -15 -16
leaf_value=-0.022217659745486021 0.92867838995240304 -0.12354803504863342 -1.2276616968308842 2.9619456928718715 7.1548185872932493 -1.1095959930177435 1.6564875819216103 0.24441905400700101 -2.6027840058501663 3.6741621066183749 -0.54847679820004935 3.1368116037266685 2.3772924214911026 0.23126818914839237 -0.83072182551343843
leaf_weight=33921 1925 9868 581 167 17 939 135 7764 271 86 847 14.999999999999998 184 896 784
leaf_count=33921 1925 9868 581 167 17 939 135 7764 271 86 847 15 184 896 784
internal_value=0.000148981 0.0732524 0.633895 -0.287891 0.98895 -0.00740975 -0.759887 0.0384812 -0.0421179 -0.656291 -0.153628 -2.28592 -0.0211651 0.599908 -0.0405223
internal_weight=58400 21396 2690 748 1942 18706 1074 17632 37004 1219 933 286 35785 1080 34705
internal_count=58400 21396 2690 748 1942 18706 1074 17632 37004 1219 933 286 35785 1080 34705
is_linear=0
shrinkage=0.0940712


Tree=152
num_leaves=16
num_cat=0
split_feature=33 50 49 58 31 57 2 2 50 11 55 59 28 6 41
split_gain=20220.2 93439.6 139717 106310 89729.5 78023.6 93976.8 64547.6 41315 84723.1 95646.1 85618.1 49793.8 119924 77939.8
threshold=229.50000000000003 104.94374910464656 239.6428571428572 0.99999997159897624 105.92857142857144 187.50000000000003 49.835000000000008 45.225000000000001 91.047868099372693 48.500000000000007 -240.49999999999997 -2.550000000000002 41.833333333333336 7.5000000000000009 98.15367361087057
decision_type=2 2 2 2 2 10 2 2 2 2 10 2 2 2 2
left_child=1 2 4 -4 -1 7 -7 -3 9 10 -2 -11 13 -10 -14
right_child=8 5 3 -5 -6 6 -8 -9 12 11 -12 -13 14 -15 -16
leaf_value=-0.13521392844482347 4.8162311668567943 -0.083217769568420044 1.5470365363442822 -1.3448652677424797 1.3469469157070668 -0.20661008904159453 4.9550298282340837 0.45401876007351905 -0.52106755773564117 -4.1117745979285782 0.33014015870191271 -0.35992343318773268 -0.93788810714201531 1.2425995924094759 -0.054838928291922648
leaf_weight=1932 41 3235 123 1179 443 57 67 5093 590 70 3670 219 903 805 39973
leaf_count=1932 41 3235 123 1179 443 57 67 5093 590 70 3670 219 903 805 39973
internal_value=0.000175159 0.108284 -0.28748 -1.07004 0.141898 0.280495 2.60827 0.245338 -0.0281634 0.260738 0.381742 -1.28632 -0.055513 0.496837 -0.0743847
internal_weight=58400 12129 3677 1302 2375 8452 124 8328 46271 4000 3711 289 42271 1395 40876
internal_count=58400 12129 3677 1302 2375 8452 124 8328 46271 4000 3711 289 42271 1395 40876
is_linear=0
shrinkage=0.0940712


Tree=153
num_leaves=15
num_cat=0
split_feature=29 52 19 8 8 38 27 53 6 27 50 53 50 53
split_gain=19564 56931.3 76525.7 77036.1 68771.2 40186.2 23959.7 20377.9 93378.2 74820.9 72011.3 25089.7 115183 45847.7
threshold=238.62907020697114 147.32678411820845 0.25000000000000017 5.3500000000000005 18.050000000000004 122.7663511884475 73.500000000000014 20.500000000000004 4.5000000000000009 66.500000000000014 122.66000240558085 26.500000000000004 164.43148812082936 28.500000000000004
decision_type=2 2 2 2 2 2 10 2 2 8 2 2 2 2
left_child=7 2 5 -4 6 -2 -3 8 9 -1 -10 12 -9 -13
right_child=1 4 3 -5 -6 -7 -8 11 10 -11 -12 13 -14 -15
leaf_value=-1.290879319632241 0.46976779803531737 -2.7941491604787827 -3.4677096775692648 3.5920174674144398 0.80192845337028906 -3.4502826511599238 -8.0883862629381866 0.55727696943273275 0.43775450306090163 5.7753542481200837 -2.7408480639971153 -0.79635418041131745 -2.0889441970891562 0.0053372726396919588
leaf_weight=22 39 15.999999999999998 15.999999999999998 63 21 54 19 1776 104 30 157 637 157 55289
leaf_count=22 39 16 16 63 21 54 19 1776 104 30 157 637 157 55289
internal_value=0.000175519 -0.866545 -0.00872304 2.12113 -3.42739 -1.82444 -5.8943 0.00359789 -0.751501 2.83296 -1.47873 0.0077051 0.340771 -0.00381375
internal_weight=58400 228 172 79 56 93 35 58172 313 52 261 57859 1933 55926
internal_count=58400 228 172 79 56 93 35 58172 313 52 261 57859 1933 55926
is_linear=0
shrinkage=0.0940712


Tree=154
num_leaves=15
num_cat=0
split_feature=57 59 47 49 1 46 39 57 0 1 46 58 47 58
split_gain=19909 76783.8 86662.7 80193 101546 93505.7 59484.6 47145.7 97464.1 74041.8 35318.4 28006.8 84998.6 37116.1
threshold=-322.49999999999994 -4.2799999999999994 298.50000000000006 251.6428571428572 25.515000000000004 299.50000000000006 439.50000000000006 -312.49999999999994 174.50000000000003 141.62500000000003 315.50000000000006 25.490167461085658 251.16666666666671 4.5842281583616442
decision_type=8 2 2 2 2 10 2 8 2 2 10 2 2 2
left_child=1 2 6 4 -3 -5 -1 8 9 -2 -10 13 -13 -9
right_child=7 3 -4 5 -6 -7 -8 11 10 -11 -12 12 -14 -15
leaf_value=-1.5816239167325146 3.7038588991202595 7.2610650190675576 6.8286668673523074 -0.21142505264196879 0.32855530048768244 -2.2048306631551804 3.6654415832010492 0.010222891490276075 -5.4189416521615703 0.0061882681198420688 0.42246635454224563 -1.0418906439820639 2.7046438263918637 -0.49552595467011007
leaf_weight=47 114 19 24 510 209 351 30 55450 21 82 14.999999999999998 94 121 1313
leaf_count=47 114 19 24 510 209 351 30 55450 21 82 15 94 121 1313
internal_value=0.000125706 -0.380453 2.08101 -0.611511 0.952273 -1.02673 0.4933 0.00805433 1.34185 2.16979 -3.06527 0.00258461 1.07034 -0.0014868
internal_weight=58400 1190 101 1089 228 861 77 57210 232 196 36 56978 215 56763
internal_count=58400 1190 101 1089 228 861 77 57210 232 196 36 56978 215 56763
is_linear=0
shrinkage=0.0940712


Tree=155
num_leaves=16
num_cat=0
split_feature=27 52 49 21 49 48 22 32 10 27 58 54 8 16 23
split_gain=18605.2 91353.3 91115.3 120893 106243 66872 91843.7 64156.9 46481.3 107664 94618.9 90730.2 56309.3 98251.1 57284.5
threshold=62.500000000000007 134.55985432272928 238.34285714285718 0.56806474673115548 252.78571428571431 77.48763342194276 90.500000000000014 177.60496560730954 29.500000000000004 129.50000000000003 1.5073137134709267 515.50000000000011 89.050000000000011 1.0000000180025095e-35 9.5000000000000018
decision_type=8 2 2 2 2 2 2 2 2 10 2 2 2 2 8
left_child=1 5 3 -3 -4 6 -1 -7 12 11 -11 -10 14 -14 -2
right_child=8 2 4 -5 -6 7 -8 -9 9 10 -12 -13 13 -15 -16
leaf_value=-0.75190787284091676 0.50367043182876836 -1.3386407854613176 1.0642910652310522 0.48596978304670885 -0.16696781045433498 0.37563532868909005 0.2897806263804274 4.1277513959274286 0.2860020194132144 -0.57533102297094685 -2.5666405599746134 7.3348063384112532 0.10337874592910348 -2.7181170543313491 -0.02657752302908014
leaf_weight=1230 1896 1122 714 449 4651 7820 1910 39 680 983 268 14.999999999999998 265 184 36174
leaf_count=1230 1896 1122 714 449 4651 7820 1910 39 680 983 268 15 265 184 36174
internal_value=0.00014944 0.0799023 -0.187418 -0.817113 -0.00282045 0.248489 -0.1184 0.395087 -0.0351974 -0.483572 -1.0047 0.454416 -0.0125233 -1.058 -0.000146697
internal_weight=58400 17935 6936 1571 5365 10999 3140 7859 40465 1946 1251 695 38519 449 38070
internal_count=58400 17935 6936 1571 5365 10999 3140 7859 40465 1946 1251 695 38519 449 38070
is_linear=0
shrinkage=0.0940712


Tree=156
num_leaves=15
num_cat=0
split_feature=45 55 44 35 42 59 38 6 67 22 39 69 26 45
split_gain=18731.7 115084 87843.3 136491 78950.9 56164 48852.5 32874.2 117091 152532 136001 46653.2 86609.7 34251.7
threshold=106.50000000000001 388.50000000000006 456.50000000000006 151.73333657867298 396.50000000000006 2.9400000000000035 112.39898168864453 2.5000000000000004 1.5000000000000002 86.500000000000014 419.50000000000006 1.0000000180025095e-35 2.5000000000000004 136.50000000000003
decision_type=10 10 10 2 2 2 2 2 2 2 2 2 10 8
left_child=1 2 4 -4 -1 6 -3 8 9 -2 -10 12 -9 -13
right_child=7 5 3 -5 -6 -7 -8 11 10 -11 -12 13 -14 -15
leaf_value=0.099082464704551357 -0.28410566287109845 -7.0558525541840407 -1.0415259779911474 6.0917205058761876 0.83670657157510264 1.4887521528036609 -1.5040961683796248 5.3456799408024933 0.32212254208434127 1.7983840580099495 -1.7586102488159201 -0.30534274855603644 -0.82992793781650875 -0.002719662691329265
leaf_weight=5801 528 34 721 23 1648 14.999999999999998 25 19 892 755 402 3584 918 43035
leaf_count=5801 528 34 721 23 1648 15 25 19 892 755 402 3584 918 43035
internal_value=0.000151752 0.131338 0.165026 -0.808544 0.262431 -3.52311 -4.80493 -0.0214819 0.305651 0.941964 -0.32553 -0.0392209 -0.695883 -0.025997
internal_weight=58400 8267 8193 744 7449 74 59 50133 2577 1283 1294 47556 937 46619
internal_count=58400 8267 8193 744 7449 74 59 50133 2577 1283 1294 47556 937 46619
is_linear=0
shrinkage=0.0940712


Tree=157
num_leaves=16
num_cat=0
split_feature=0 36 31 23 3 1 47 1 0 34 12 31 0 8 52
split_gain=18358.7 72131.5 85025.5 100727 80772.9 94571.8 67491.3 50701.7 44139 85558.9 116785 109545 53845.4 104353 51699.8
threshold=22.500000000000004 383.50000000000006 89.34285714285717 282.50000000000006 12.500000000000002 64.715000000000018 201.50000000000003 134.87000000000003 33.500000000000007 123.8214285714286 9.5000000000000018 100.78571428571429 38.500000000000007 5.5500000000000007 100.82388627532171
decision_type=2 2 2 8 2 2 2 2 2 2 2 2 2 2 2
left_child=1 2 7 -4 6 -6 -3 -1 9 11 -11 -2 13 -10 -14
right_child=8 4 3 -5 5 -7 -8 -9 12 10 -12 -13 14 -15 -16
leaf_value=-3.9661619836937043 0.72678404702961275 3.7585655591841118 1.1312690528352793 -3.2485209240557071 -6.4399792271153844 -1.4304677315533882 -0.9566029300076283 0.13012092291965463 -1.9258903696432639 1.079054113915253 -0.45383153746704274 -1.0411492107630891 -0.35675297476731288 -0.1309818376650769 0.02676107482702017
leaf_weight=60 538 30 472 50 49 102 179 47 373 1668 596 728 3320 1223 48965
leaf_count=60 538 30 472 50 49 102 179 47 373 1668 596 728 3320 1223 48965
internal_value=0.000145118 -0.401387 0.206573 0.703071 -1.46028 -3.10617 -0.256332 -2.1897 0.0070751 0.329257 0.67543 -0.289778 -0.0140391 -0.55202 0.00239631
internal_weight=58400 989 629 522 360 151 209 107 57411 3530 2264 1266 53881 1596 52285
internal_count=58400 989 629 522 360 151 209 107 57411 3530 2264 1266 53881 1596 52285
is_linear=0
shrinkage=0.0940712


Tree=158
num_leaves=16
num_cat=0
split_feature=56 52 18 26 23 47 55 1 56 27 42 49 27 1 23
split_gain=18516.9 81049.4 121902 108420 121948 106997 106677 99049.7 39104.3 111628 177078 83326.9 28733 79362.1 77640.3
threshold=284.50000000000006 135.26800828698359 -1.0000000180025095e-35 42.500000000000007 391.50000000000006 280.50000000000006 380.50000000000006 110.42500000000003 265.50000000000006 180.50000000000003 372.50000000000006 276.15476190476198 129.50000000000003 14.455000000000002 44.500000000000007
decision_type=10 2 2 10 10 2 10 2 10 10 2 2 8 2 8
left_child=8 2 7 4 -3 -4 -5 -2 12 11 -11 -10 13 -1 -14
right_child=1 3 5 6 -6 -7 -8 -9 9 10 -12 -13 14 -15 -16
leaf_value=0.72026928750406416 -2.4192070304586686 1.0695041034353527 -1.9324971317525721 0.0075664776077372046 9.277190158679371 0.75061659906850553 -2.8847543070668475 -0.44921524141348734 0.97197427303436656 5.9390288902236952 0.70624093261055221 -1.107838885506923 0.23686599294841251 0.029577025512796895 -0.16425717055398217
leaf_weight=1553 450 534 166 1573 14.999999999999998 610 120 454 346 78 206 333 5538 27792 18632
leaf_count=1553 450 534 166 1573 15 610 120 454 346 78 206 333 5538 27792 18632
internal_value=9.75088e-05 -0.197279 -0.690998 0.172847 1.31966 0.173761 -0.199836 -1.43247 0.0143147 0.607958 2.16847 -0.0480384 0.0036123 0.0661706 -0.0723344
internal_weight=58400 3922 1680 2242 549 776 1693 904 54478 963 284 679 53515 29345 24170
internal_count=58400 3922 1680 2242 549 776 1693 904 54478 963 284 679 53515 29345 24170
is_linear=0
shrinkage=0.0940712


Tree=159
num_leaves=16
num_cat=0
split_feature=3 8 53 46 59 25 5 37 47 10 37 47 51 50 51
split_gain=18068.1 108472 110371 146508 87970.3 107032 82214.9 72379.2 83857.4 100282 79863.7 130656 79490.3 70828.5 65788.5
threshold=17.500000000000004 0.45000000000000007 122.50000000000001 383.50000000000006 4.6900000000000039 12.500000000000002 91.625000000000014 142.54910714285717 339.83333333333343 2.5000000000000004 142.78759398496243 285.41666666666669 350.03571428571433 133.05271064084118 252.53571428571431
decision_type=2 2 2 8 2 10 2 2 2 2 2 2 2 2 2
left_child=7 2 3 -2 6 -6 -3 8 12 -10 11 -9 -1 -12 -4
right_child=1 4 14 -5 5 -7 -8 10 9 -11 13 -13 -14 -15 -16
leaf_value=-0.054200440108229622 1.8928448946984489 -0.068323988147117654 -3.6708325114915699 8.7274249523857375 -3.1232641641007444 2.1505156598086135 0.78809402679294061 -0.34960781671548935 1.1661103985147339 -0.59690222478579036 0.27066787190969527 4.6251044679507354 3.9678324722781499 -0.11442948311827796 1.2435444710812202
leaf_weight=24528 104 10050 32 37 37 299 1099 96 304 4368 9805 89 42 7426 84
leaf_count=24528 104 10050 32 37 37 299 1099 96 304 4368 9805 89 42 7426 84
internal_value=0.000115985 0.104414 2.00989 3.76315 0.0614963 1.55764 0.0161837 -0.0261316 -0.116553 -0.481807 0.125678 2.06163 -0.0470683 0.104701 -0.14182
internal_weight=58400 11742 257 141 11485 336 11149 46658 29242 4672 17416 185 24570 17231 116
internal_count=58400 11742 257 141 11485 336 11149 46658 29242 4672 17416 185 24570 17231 116
is_linear=0
shrinkage=0.0940712


Tree=160
num_leaves=15
num_cat=0
split_feature=38 64 36 52 19 0 21 39 37 61 10 10 43 44
split_gain=18855.8 67256.9 114488 87278 66407.8 91126.5 86930.3 53340.2 102732 94848.5 86969.2 73093.5 129838 73862.8
threshold=99.498125530663444 43.125000000000007 384.50000000000006 129.18456215373121 -0.9330127018922193 85.500000000000014 0.12053668025532312 388.50000000000006 109.39642857142859 2.5770329670329675 30.500000000000004 2.5000000000000004 162.50000000000003 56.500000000000007
decision_type=2 2 2 2 2 2 2 2 2 2 2 2 10 10
left_child=1 4 3 -3 5 -1 -6 8 9 -2 -10 12 -9 -13
right_child=7 2 -4 -5 6 -7 -8 11 10 -11 -12 13 -14 -15
leaf_value=-0.31033352184662355 -3.4630560242103665 -1.0772922188382368 8.1951131176716494 3.504412854014193 -0.21891743905116859 1.2614099899184952 0.22626108270038281 -1.931210801926539 -0.12305817973114637 -0.21276001829116092 -2.0716179383972122 -1.1785931817083526 -0.10624792402885078 0.089506554254890791
leaf_weight=515 161 81 21 65 7594 887 7937 446 10899 156 205 411 1507 27515
leaf_count=515 161 81 21 65 7594 887 7937 446 10899 156 205 411 1507 27515
internal_value=0.000147668 0.0832164 1.95305 0.97715 0.0645895 0.684265 0.00857942 -0.0342452 -0.20715 -1.87282 -0.15933 0.0318493 -0.524283 0.070774
internal_weight=58400 17100 167 146 16933 1402 15531 41300 11421 317 11104 29879 1953 27926
internal_count=58400 17100 167 146 16933 1402 15531 41300 11421 317 11104 29879 1953 27926
is_linear=0
shrinkage=0.0940712


Tree=161
num_leaves=12
num_cat=0
split_feature=1 46 48 18 1 56 50 50 1 45 45
split_gain=19225.2 94970 81434.7 69646.6 61763.4 93066.8 183990 99702.6 23767 83312.8 48293
threshold=-3.3849999999999993 447.50000000000006 42.000000000001883 -0.93301270189221919 1.9850000000000001 -110.49999999999999 132.20483745845442 94.17764368684324 46.045000000000009 499.50000000000006 498.50000000000006
decision_type=2 10 2 2 2 10 2 2 2 10 10
left_child=1 2 -1 -4 5 6 -2 -7 9 -6 -10
right_child=4 -3 3 -5 8 7 -8 -9 10 -11 -12
leaf_value=3.8668001625753217 -4.1048837175018695 4.1586968402920492 2.4063229264469377 -2.5920209293290024 -0.13820074381418809 5.7203530102499585 2.639755299950207 1.2042167157980825 0.031615764956820398 4.9487397987887896 -1.392934223981481
leaf_weight=22 76 29 27 192 11557 49 65 312 45834 27 210
leaf_count=22 76 29 27 192 11557 49 65 312 45834 27 210
internal_value=0.000139055 -0.789529 -1.40842 -1.96254 0.00383015 1.04114 -0.999909 1.83955 -0.00523164 -0.125668 0.0250688
internal_weight=58400 270 241 219 58130 502 141 361 57628 11584 46044
internal_count=58400 270 241 219 58130 502 141 361 57628 11584 46044
is_linear=0
shrinkage=0.0940712


Tree=162
num_leaves=15
num_cat=0
split_feature=59 58 24 23 33 0 27 59 5 10 8 35 1 23
split_gain=18509.4 80524 99273.1 96061 144055 73318.6 71100 38964.2 103360 89418.1 85119 29670.7 120333 31191.1
threshold=4.8300000000000001 1.1204891730321702 6.5000000000000009 160.50000000000003 295.50000000000006 106.50000000000001 6.5000000000000009 4.6900000000000039 79.205000000000013 2.5000000000000004 2.5500000000000003 147.441066591712 7.995000000000001 204.50000000000003
decision_type=2 2 10 8 2 2 8 2 2 2 2 2 2 10
left_child=7 3 -3 5 -5 -2 -4 11 9 -9 -10 13 -13 -1
right_child=1 2 6 4 -6 -7 -8 8 10 -11 -12 12 -14 -15
leaf_value=-0.030988740697600933 -0.51620764529796781 -6.8971012160173473 5.7910239992539339 5.3631232268556692 -1.8277049854501348 -3.8143800464452919 0.27774402368344758 5.6475965976258076 4.1711332538256807 0.85894554123792821 -2.7202047377550707 -5.8170459263849281 -0.28048443331864925 0.13413476285809231
leaf_weight=41759 99 14.999999999999998 20 38 64 151 527 35 17 645 112 34 1523 13361
leaf_count=41759 99 15 20 38 64 151 527 35 17 645 112 34 1523 13361
internal_value=0.000168708 -0.41947 0.279369 -1.53189 0.890481 -2.52012 0.495466 0.00685417 0.654464 1.11798 -1.77205 -0.00240527 -0.407173 0.00903731
internal_weight=58400 914 562 352 102 250 547 57486 809 680 129 56677 1557 55120
internal_count=58400 914 562 352 102 250 547 57486 809 680 129 56677 1557 55120
is_linear=0
shrinkage=0.0940712


Tree=163
num_leaves=16
num_cat=0
split_feature=20 58 25 28 51 50 58 57 50 0 31 40 24 27 57
split_gain=18955.2 69607.4 87421.8 87231.3 122960 82074 69889.2 47789.7 22516.9 56221.8 73426.4 40255.1 23408.2 136774 33839.7
threshold=-0.99635443704902682 1.3775009047517679 26.500000000000004 109.16666666666667 275.46428571428578 132.20483745845442 3.7887515677716439 78.500000000000014 191.77621664589068 72.500000000000014 171.50000000000003 157.62890893999574 385.50000000000006 250.50000000000003 -322.49999999999994
decision_type=2 2 10 2 2 2 2 10 2 2 2 2 10 10 8
left_child=1 3 7 5 -5 -1 -4 -3 12 11 -11 -10 14 -14 -2
right_child=8 2 6 4 -6 -7 -8 -9 9 10 -12 -13 13 -15 -16
leaf_value=-0.15471092442105297 -0.91641174785062074 2.7163359491925894 1.5577920173945148 2.4018606845355834 -0.54699745134703104 -3.3650986351381462 -2.9219666492158809 9.6350649498657521 -4.5143592117427929 1.0136904492998198 -4.3369628030892367 0.42130479321587766 -0.029921165182481807 2.2383136165144544 -0.0083152366363248732
leaf_weight=192 364 23 233 212 301 110 34 14.999999999999998 50 127 26 20 1456 279 54958
leaf_count=192 364 23 233 212 301 110 34 15 50 127 26 20 1456 279 54958
internal_value=0.000153286 0.383156 1.59153 -0.0710823 0.674979 -1.33577 0.973194 5.72309 -0.00734363 -0.947482 0.068985 -3.12398 -0.00364118 0.336439 -0.0143182
internal_weight=58400 1120 305 815 513 302 267 38 57280 223 153 70 57057 1735 55322
internal_count=58400 1120 305 815 513 302 267 38 57280 223 153 70 57057 1735 55322
is_linear=0
shrinkage=0.0940712


Tree=164
num_leaves=14
num_cat=0
split_feature=61 63 31 1 10 64 52 30 0 64 42 51 1
split_gain=18304.8 90122.3 83001.2 92725.6 57163.9 18708.4 83644.6 107291 91638.9 38559 155145 39497.8 13333.5
threshold=0.99676897379684737 -5.4999999999999991 143.78571428571431 103.92500000000003 20.500000000000004 0.16351456079167787 149.42605396761971 398.50000000000006 27.500000000000004 0.26614436403777758 138.50000000000003 357.46428571428578 138.82500000000002
decision_type=2 2 2 2 2 2 2 2 2 2 2 2 2
left_child=1 2 4 -4 -1 6 7 -2 -8 10 -7 -11 -3
right_child=5 12 3 -5 -6 9 8 -9 -10 11 -12 -13 -14
leaf_value=-0.044403279602035356 0.33357097352077369 -6.0731541458457894 5.650581409540985 -0.95744927271141056 -4.5138705449366068 3.7918028687039231 -0.46670307078933349 -1.297737530393859 2.5650629000090652 0.0054931349240311747 -0.37981582319299129 0.89804223675601369 -2.4818910751502425
leaf_weight=78 1931 24 38 35 36 79 134 436 254 51077 3817 441 20
leaf_count=78 1931 24 38 35 36 79 134 436 254 51077 3817 441 20
internal_value=0.000146277 -0.832774 0.0799756 2.52695 -1.49883 0.00347839 0.242674 0.0323742 1.52001 -0.00841782 -0.29371 0.0131629 -4.58453
internal_weight=58400 231 187 73 114 58169 2755 2367 388 55414 3896 51518 44
internal_count=58400 231 187 73 114 58169 2755 2367 388 55414 3896 51518 44
is_linear=0
shrinkage=0.0940712


Tree=165
num_leaves=16
num_cat=0
split_feature=8 23 31 48 38 37 58 1 8 40 10 23 31 10 1
split_gain=17870.4 69624.1 155294 146636 112039 107460 100012 53901.2 38266.9 137550 103084 79750.8 56088.6 120823 38360.6
threshold=3.0500000000000003 65.500000000000014 198.50000000000003 219.3870240145454 111.47553828023648 148.33928571428575 1.0875426586846879 226.655 4.1500000000000012 79.058280994068966 22.500000000000004 19.500000000000004 54.928571428571438 21.500000000000004 63.925000000000004
decision_type=2 8 2 2 2 2 2 2 2 2 2 8 2 2 2
left_child=1 2 5 6 -5 -1 -3 -4 9 11 -11 -2 13 -10 -14
right_child=8 3 7 4 -6 -7 -8 -9 12 10 -12 -13 14 -15 -16
leaf_value=-0.69377473284287827 -6.0515089009552669 0.6058113398013355 -5.7611785621945968 8.6559977200882585 0.76386805886184272 0.81051386360793876 -0.26225001382427504 0.16136709401276056 0.085923806090605057 0.15998429464036915 1.4763662620657172 -1.128831469700657 -0.13954213479985078 3.1544951051317214 0.045947632648209107
leaf_weight=2097 36 1711 64 29 34 524 3737 17 414 1867 732 135 14123 155 32725
leaf_count=2097 36 1711 64 29 34 524 3737 17 414 1867 732 135 14123 155 32725
internal_value=0.000124435 -0.128496 -0.519516 0.0632884 4.52019 -0.39268 0.0104458 -4.5371 0.0211787 0.360938 0.531451 -2.2113 0.00131682 0.928393 -0.009971
internal_weight=58400 8213 2702 5511 63 2621 5448 81 50187 2770 2599 171 47417 569 46848
internal_count=58400 8213 2702 5511 63 2621 5448 81 50187 2770 2599 171 47417 569 46848
is_linear=0
shrinkage=0.0940712


Tree=166
num_leaves=15
num_cat=0
split_feature=43 32 38 67 27 51 53 66 55 57 48 34 6 34
split_gain=18089.5 82788.4 112343 101721 94848.3 65585.1 60675.4 55896.5 41027.6 67831.9 65654.6 33799.2 93953.9 56105.3
threshold=484.50000000000006 58.475676665873344 90.752840364183484 1.5000000000000002 7.5000000000000009 298.10714285714295 118.50000000000001 2.5000000000000004 -395.49999999999994 21.500000000000004 205.84864989609358 186.39285714285717 1.5000000000000002 170.74603174603178
decision_type=10 2 2 2 8 2 2 2 8 8 2 2 2 2
left_child=8 2 3 -2 5 -3 -4 -6 9 10 -1 13 -13 -10
right_child=1 4 6 -5 7 -7 -8 -9 11 -11 -12 12 -14 -15
leaf_value=-4.6606251232608482 11.128222945911771 5.3653024487856245 -2.4211828591327942 1.2024281441033937 -0.24336990585966062 -0.84061583873556289 3.2684051768528564 -1.4419876170364325 0.026756699971181994 4.1604320152276753 -0.80047990291691962 -3.4881889306662988 0.4208712738836442 -0.33677079962585438
leaf_weight=48 18 40 38 18 1415 23 27 454 49354 18 188 54 2640 4065
leaf_count=48 18 40 38 18 1415 23 27 454 49354 18 188 54 2640 4065
internal_value=0.000118074 -0.275452 2.3293 6.42498 -0.413458 3.13216 -0.034688 -0.535555 0.0100667 -1.17914 -1.6116 0.0154847 0.340494 -0.000913149
internal_weight=58400 2033 101 36 1932 63 65 1869 56367 254 236 56113 2694 53419
internal_count=58400 2033 101 36 1932 63 65 1869 56367 254 236 56113 2694 53419
is_linear=0
shrinkage=0.0940712


Tree=167
num_leaves=12
num_cat=0
split_feature=63 8 63 1 10 10 3 68 26 24 57
split_gain=17625.8 90405.3 78006.2 81586.1 61643.5 54474.2 50981.3 47161.8 19053.7 92457.6 25168.1
threshold=295.50000000000006 32.550000000000004 294.50000000000006 52.195000000000007 15.500000000000002 7.5000000000000009 12.500000000000002 1.5000000000000002 9.5000000000000018 343.50000000000006 176.50000000000003
decision_type=2 2 2 2 2 2 2 2 8 10 10
left_child=2 5 8 -4 -3 -2 -5 -7 9 -1 -10
right_child=1 4 3 6 -6 7 -8 -9 10 -11 -12
leaf_value=-0.10212884552796422 1.6716658908868054 -0.27229002390514889 7.860559984963535 -0.54299711657527472 7.378461548321412 -1.1258026242663395 5.2805195778686667 -5.2288319023831509 -0.012860621161671242 -2.3418739976512351 0.1797322853070582
leaf_weight=2713 25 21 20 46 14.999999999999998 52 17 48 48418 172 6853
leaf_count=2713 25 21 20 46 15 52 17 48 48418 172 6853
internal_value=0.000135079 -0.97804 0.00286753 2.85796 3.08636 -2.17322 1.11618 -3.14661 -0.00128169 -0.236898 0.0110209
internal_weight=58400 161 58239 83 36 125 63 100 58156 2885 55271
internal_count=58400 161 58239 83 36 125 63 100 58156 2885 55271
is_linear=0
shrinkage=0.0940712


Tree=168
num_leaves=16
num_cat=0
split_feature=29 54 24 7 31 29 5 54 54 25 27 27 51 59 22
split_gain=17179.9 71780 102010 114524 86236.9 66497.6 113041 66952.7 51161.9 80878.4 95839.9 85611.4 62697.7 110426 57879.1
threshold=120.30031807102812 489.50000000000006 202.50000000000003 202.50000000000003 145.50000000000003 130.08074415531323 28.475000000000005 287.50000000000006 531.50000000000011 336.50000000000006 218.50000000000003 382.50000000000006 344.46428571428578 -4.5400000000000036 1.0000000180025095e-35
decision_type=2 2 10 2 2 2 2 2 2 10 10 10 2 2 2
left_child=8 5 4 -4 -3 6 -2 -7 12 11 -11 -10 14 -14 -1
right_child=1 2 3 -5 -6 7 -8 -9 9 10 -12 -13 13 -15 -16
leaf_value=-1.67472255259395 -1.751458234832995 1.163064246309006 6.7644045003734936 1.3268543615030897 -1.2190493266321893 0.078138494524262553 -0.24265219420483664 -0.40125930309678814 -1.0442142465980788 5.0131929479468589 -3.2691900942956504 4.4850472579165857 5.6876923757013369 0.63265439818035984 0.042091004966220917
leaf_weight=173 541 336 46 127 222 11146 2317 3352 846 42 15.999999999999998 24 39 686 38487
leaf_count=173 541 336 46 127 222 11146 2317 3352 846 42 16 24 39 686 38487
internal_value=0.000153814 -0.076013 0.836116 2.82097 0.214359 -0.114509 -0.529103 -0.0327229 0.0343319 -0.655465 2.70047 -0.883776 0.0506136 0.916393 0.0343378
internal_weight=58400 18087 731 173 558 17356 2858 14498 40313 928 58 870 39385 725 38660
internal_count=58400 18087 731 173 558 17356 2858 14498 40313 928 58 870 39385 725 38660
is_linear=0
shrinkage=0.0940712


Tree=169
num_leaves=16
num_cat=0
split_feature=24 23 23 56 48 30 23 27 27 26 26 24 27 0 58
split_gain=17078.7 77459.7 70761.6 98825.4 68581.8 85656.6 67700.1 45130.8 23834.9 111625 101346 94112.3 49920.3 96994.5 36673.5
threshold=3.5000000000000004 42.500000000000007 26.500000000000004 172.50000000000003 91.122627833183458 178.50000000000003 73.500000000000014 162.50000000000003 428.50000000000006 107.50000000000001 101.50000000000001 226.50000000000003 357.50000000000006 178.50000000000003 0.99999998799015211
decision_type=8 10 10 10 2 2 10 10 8 10 10 10 8 2 2
left_child=1 2 3 -1 6 -6 -3 -4 12 10 -10 -11 14 -14 -2
right_child=8 4 7 -5 5 -7 -8 -9 9 11 -12 -13 13 -15 -16
leaf_value=1.1199608250691211 -0.15575163834129283 3.7604916542440727 -5.1449494657614121 -3.9054541002196426 -2.3642228823985056 0.11380462090982638 0.44361349051117005 -0.84921944653849069 -0.025295924335122087 -2.0309280396585612 5.9328979959419179 0.97734433637730034 0.22646452082359725 2.1497586096466113 0.042354696986041503
leaf_weight=104 10291 67 66 50 166 468 268 33 2163 458 24 114 1798 265 42065
leaf_count=104 10291 67 66 50 166 468 268 33 2163 458 24 114 1798 265 42065
internal_value=0.000178759 -0.347574 -1.8079 -0.533679 0.0358738 -0.539032 1.12173 -3.74971 0.00762239 -0.262037 0.0442173 -1.43013 0.0213033 0.475019 0.00340938
internal_weight=58400 1222 253 154 969 634 335 99 57178 2759 2187 572 54419 2063 52356
internal_count=58400 1222 253 154 969 634 335 99 57178 2759 2187 572 54419 2063 52356
is_linear=0
shrinkage=0.0940712


Tree=170
num_leaves=15
num_cat=0
split_feature=33 50 25 47 40 26 70 36 45 51 44 8 36 40
split_gain=16891.9 79785.2 101700 98853.7 89959.3 82088.1 79235 62586.7 72018.2 52171.5 40350.6 94104.3 43230 14190.4
threshold=229.50000000000003 104.94374910464656 296.50000000000006 310.83333333333343 166.28686643457476 50.500000000000007 4.5000000000000009 231.50000000000003 279.50000000000006 239.03571428571431 60.500000000000007 16.050000000000004 235.50000000000003 107.27368314706322
decision_type=2 2 8 2 2 8 2 2 8 2 8 2 2 2
left_child=1 2 3 -1 6 -4 -3 8 9 -2 11 -9 -12 -10
right_child=7 4 5 -5 -6 -7 -8 10 13 -11 12 -13 -14 -15
leaf_value=-0.29738324159573021 3.6139187912703252 -0.074514051232174125 -1.4971571780837125 -2.065993895357785 6.9846313835050813 1.4692878156062044 0.50487247622463016 0.20697644585645431 -3.5176075704503735 -3.1192819609915365 1.8929799698755847 -1.6377634278023276 -0.012933258816729581 -8.2268240409307332
leaf_weight=2825 17 3798 100 309 15.999999999999998 443 4638 548 15.000000000000002 21 104 440 45111 14.999999999999998
leaf_count=2825 17 3798 100 309 16 443 4638 548 15 21 104 440 45111 15
internal_value=0.000162879 0.0989747 -0.26673 -0.472743 0.258107 0.920023 0.244044 -0.0257384 -2.84535 -0.080121 -0.0214898 -0.615728 -0.00848142 -6.16673
internal_weight=58400 12129 3677 3134 8452 543 8436 46271 68 38 46203 988 45215 30
internal_count=58400 12129 3677 3134 8452 543 8436 46271 68 38 46203 988 45215 30
is_linear=0
shrinkage=0.0940712


Tree=171
num_leaves=16
num_cat=0
split_feature=38 55 8 44 61 32 8 39 35 44 45 49 26 20 24
split_gain=18595.4 65621 72838.2 61355.3 72512.4 54116.2 32337.9 31908.4 124703 104142 26652.2 26355.5 87936.7 24213.5 14834.9
threshold=60.178498743841438 17.500000000000004 15.450000000000001 211.50000000000003 3.0030120481927716 49.65763733230397 2.5500000000000003 239.50000000000003 61.688556539960338 269.50000000000006 361.50000000000006 157.6428571428572 278.50000000000006 -0.99635443704902682 123.50000000000001
decision_type=2 10 2 8 2 2 2 2 2 10 8 2 10 2 8
left_child=1 2 6 4 -3 -4 -1 8 14 -10 -5 12 -9 -13 -2
right_child=7 3 5 10 -6 -7 -8 11 9 -11 -12 13 -14 -15 -16
leaf_value=1.667304523105152 -2.1546052089369057 3.6887003079786624 0.7298481341213594 -7.3119173735597416 -4.5082682298700565 5.715454038893637 -2.256634762314675 -1.2241605592616058 2.8137884756488343 -1.2706507636450037 -2.906316135198729 0.44166795007995258 3.0310546509300402 -0.0042673658548142927 -5.8616450350883333
leaf_weight=22 31 21 81 21 14.999999999999998 24 91 375 200 75 35 1097 47 56250 14.999999999999998
leaf_count=22 31 21 81 21 15 24 91 375 200 75 35 1097 47 56250 15
internal_value=0.000132214 -0.724678 0.167996 -2.80878 0.224505 1.93765 -1.47927 0.00402175 0.937048 1.69851 -4.71414 -0.00118572 -0.740514 0.00427259 -3.51883
internal_weight=58400 310 218 92 36 105 113 58090 321 275 56 57769 422 57347 46
internal_count=58400 310 218 92 36 105 113 58090 321 275 56 57769 422 57347 46
is_linear=0
shrinkage=0.0940712


Tree=172
num_leaves=13
num_cat=0
split_feature=37 30 57 42 26 37 52 48 50 37 53 44
split_gain=17624 60470.4 60032.6 78095.8 33310.5 22545.3 104297 114750 93053.7 33833.4 86625.5 29301
threshold=188.87500000000003 110.50000000000001 -151.49999999999997 306.50000000000006 96.500000000000014 167.76785714285717 132.97091312105962 219.3870240145454 149.92021687133834 167.19642857142858 175.50000000000003 435.50000000000006
decision_type=2 2 8 2 8 2 2 2 2 2 2 10
left_child=5 -2 4 -4 -3 9 8 -8 -7 11 -11 -1
right_child=1 2 3 -5 -6 6 7 -9 -10 10 -12 -13
leaf_value=0.022394636399692355 4.9123521439106295 0.49534926598480972 1.259356019557982 -1.2530502202259994 -3.7933690123506536 0.49398382928596507 -0.55439386918158262 4.4071841844346977 3.2166334568453481 -1.9526470145525514 4.0179005284332039 -0.17828088828102276
leaf_weight=46619 15.999999999999998 20 181 272 72 2052 1344 41 116 175 23 7469
leaf_count=46619 16 20 181 272 72 2052 1344 41 116 175 23 7469
internal_value=9.54979e-05 -0.523892 -0.697296 -0.248042 -2.86698 0.00519401 0.234715 -0.402628 0.641929 -0.00983206 -1.23246 -0.00531861
internal_weight=58400 561 545 453 92 57839 3553 1385 2168 54286 198 54088
internal_count=58400 561 545 453 92 57839 3553 1385 2168 54286 198 54088
is_linear=0
shrinkage=0.0940712


Tree=173
num_leaves=15
num_cat=0
split_feature=0 52 45 42 58 6 49 0 64 5 2 57 6 42
split_gain=17098.3 72122.4 123588 98028.6 87285.2 71868.3 70204.4 54487.3 107124 110816 100899 52085.3 91487.5 45806.6
threshold=124.50000000000001 108.48003310247826 112.50000000000001 274.50000000000006 1.3540344907103095 18.500000000000004 357.78571428571433 121.50000000000001 4.0648667601683037 98.675000000000026 36.415000000000006 -322.49999999999994 10.500000000000002 90.500000000000014
decision_type=2 2 8 2 2 2 2 2 2 2 2 8 2 2
left_child=7 2 3 -2 -4 6 -3 11 9 -9 -10 12 -1 -13
right_child=1 5 4 -5 -6 -7 -8 8 10 -11 -12 13 -14 -15
leaf_value=-1.5858640183174741 3.4737493644102901 0.031788764018896305 -0.30118026990403851 -0.64490751800852419 -1.422767489395909 5.5608175077771058 -0.82788909346914019 1.0013275377590154 2.4046532014548601 7.845490137463476 -2.765814189823109 -0.32287681930055362 0.6787055223415952 0.074819163650836656
leaf_weight=445 119 20507 2034 88 879 19 875 788 44 20 125 2806 243 29408
leaf_count=445 119 20507 2034 88 879 19 875 788 44 20 125 2806 243 29408
internal_value=0.000114822 -0.0597115 -0.482127 1.7305 -0.640244 0.00189624 -0.00344318 0.0434205 0.735171 1.1857 -1.40923 0.0228418 -0.786114 0.04016
internal_weight=58400 24521 3120 207 2913 21401 21382 33879 977 808 169 32902 688 32214
internal_count=58400 24521 3120 207 2913 21401 21382 33879 977 808 169 32902 688 32214
is_linear=0
shrinkage=0.0940712


Tree=174
num_leaves=15
num_cat=0
split_feature=25 0 26 31 1 71 31 25 36 48 4 52 27 26
split_gain=16742.7 91623.4 111299 94021.9 93970.3 95808.6 75551.4 30674.1 148959 111457 105011 27865 98190.4 94169.1
threshold=12.500000000000002 136.50000000000003 360.50000000000006 185.50000000000003 1.9850000000000001 62.500000000000007 119.21428571428574 17.500000000000004 235.50000000000003 97.940458102529476 1.0000000180025095e-35 124.2896851064403 29.500000000000004 357.50000000000006
decision_type=8 2 10 2 2 2 2 8 2 2 2 2 10 10
left_child=1 2 6 -4 -3 -6 -1 8 10 -10 -2 13 -13 -9
right_child=7 4 3 -5 5 -7 -8 11 9 -11 -12 12 -14 -15
leaf_value=0.99834077205725036 1.160264879502702 5.2294722184626918 -3.7953985503989816 3.5425931568211877 3.5576669701734382 -1.0312995583334472 -0.11310572831673851 -0.12812293423564863 -0.9106318174325353 0.83894276900804809 7.9017450296133207 -0.28859887084095692 0.13428051953140174 0.81040497397001943
leaf_weight=863 45 21 98 17 40 1337 1446 19790 504 887 37 5955 26368 992
leaf_count=863 45 21 98 17 40 1337 1446 19790 504 887 37 5955 26368 992
internal_value=0.000137219 -0.190158 0.159614 -2.67664 -0.79622 -0.894026 0.302642 0.0134706 0.436689 0.20462 4.29447 0.00171673 0.0563576 -0.08326
internal_weight=58400 3822 2424 115 1398 1377 2309 54578 1473 1391 82 53105 32323 20782
internal_count=58400 3822 2424 115 1398 1377 2309 54578 1473 1391 82 53105 32323 20782
is_linear=0
shrinkage=0.0940712


Tree=175
num_leaves=15
num_cat=0
split_feature=57 61 56 25 1 20 56 57 2 39 50 57 51 52
split_gain=17529.1 88194 93693.9 89086.6 89445.2 84583.8 82883 54205.5 96552 181346 120529 37887.6 84506.7 58175.7
threshold=-176.49999999999997 1.0236313545913147 -391.49999999999994 2.5000000000000004 71.625000000000014 0.29696027566504674 -298.49999999999994 -130.49999999999997 57.285000000000004 336.50000000000006 123.85417692924283 -79.499999999999986 353.32142857142861 148.49558767981111
decision_type=8 2 10 8 2 2 10 8 2 2 2 8 2 2
left_child=1 2 -1 4 -3 -5 -4 8 9 -2 -10 12 -9 -13
right_child=7 3 6 5 -6 -7 -8 11 10 -11 -12 13 -14 -15
leaf_value=-3.522404492030859 2.2192727576268116 6.3203869478794443 6.8591703417393726 0.32767663789902851 0.78285633069000271 -0.33500309660893884 0.60376059264447057 0.20624200784834712 -0.021629955666673251 -0.2966763328584584 -1.5875073676736573 -0.064886737763211494 4.1090018297200022 0.265654263048543
leaf_weight=14.999999999999998 298 38 45 4171 76 2880 32 5363 801 1648 951 36628 48 5406
leaf_count=15 298 38 45 4171 76 2880 32 5363 801 1648 951 36628 48 5406
internal_value=0.000169751 0.136974 3.00658 0.099463 2.69025 0.0569712 4.32479 -0.0192434 -0.36606 0.0900081 -0.87233 0.007797 0.242061 -0.0223645
internal_weight=58400 7257 92 7165 114 7051 77 51143 3698 1946 1752 47445 5411 42034
internal_count=58400 7257 92 7165 114 7051 77 51143 3698 1946 1752 47445 5411 42034
is_linear=0
shrinkage=0.0940712


Tree=176
num_leaves=16
num_cat=0
split_feature=27 28 28 8 37 52 53 27 43 35 45 5 37 52 43
split_gain=17647.8 75564.4 111379 143104 104826 73697.3 120731 118663 45647.2 89480.6 92172.1 74450.8 47214.4 105851 60056.7
threshold=62.500000000000007 49.166666666666679 43.500000000000007 18.450000000000003 116.15476190476191 142.48337092086857 93.500000000000014 61.500000000000007 483.50000000000006 69.296385266352374 299.50000000000006 99.195000000000007 139.47214285714287 149.11210657650793 482.50000000000006
decision_type=8 2 2 2 2 2 2 10 10 2 8 2 2 2 10
left_child=1 2 4 -4 -1 6 -3 -7 12 10 -10 -11 13 -2 -14
right_child=8 5 3 -5 -6 7 -8 -9 9 11 -12 -13 14 -15 -16
leaf_value=1.0528344854882428 -0.18667390281074867 0.57575578461443366 -3.7908735588441052 0.20071918563359065 -1.0360354678243837 -0.30134165865509022 -0.0055767822648847224 4.3795393572818622 6.7288911669424918 -0.57107301101243968 -1.5574801200490656 -5.1927878580370432 0.089000541965306088 0.46819822104333458 3.4018287864783079
leaf_weight=389 18612 5383 189 136 465 3670 7656 47 28 1440 19 30 17816 2473 47
leaf_count=389 18612 5383 189 136 465 3670 7656 47 28 1440 19 30 17816 2473 47
internal_value=0.000194094 0.0778679 -0.649551 -2.12719 -0.0842153 0.129114 0.23445 -0.240306 -0.0342313 -0.540224 3.43411 -0.670889 -0.0144991 -0.109831 0.0980207
internal_weight=58400 17935 1179 325 854 16756 13039 3717 40465 1517 47 1470 38948 21085 17863
internal_count=58400 17935 1179 325 854 16756 13039 3717 40465 1517 47 1470 38948 21085 17863
is_linear=0
shrinkage=0.0940712


Tree=177
num_leaves=15
num_cat=0
split_feature=54 10 55 8 21 37 24 8 42 56 56 21 53 50
split_gain=17307.3 110132 140604 109641 95800.4 97099.9 87602.9 82637.5 37930.9 121634 83979.9 100746 85868.5 66557.5
threshold=102.50000000000001 24.500000000000004 159.50000000000003 38.250000000000007 0.74851074817110097 114.87500000000001 315.50000000000006 0.8500000000000002 226.50000000000003 -262.49999999999994 116.50000000000001 -0.61559370248597534 21.500000000000004 64.364290496189241
decision_type=2 2 10 2 2 2 10 2 2 8 8 2 2 2
left_child=1 4 7 -4 6 -6 -1 -3 10 -10 12 -12 -2 -11
right_child=8 2 3 -5 5 -7 -8 -9 9 13 11 -13 -14 -15
leaf_value=-0.27979008518000276 -2.9600837620785114 4.2699309864778279 4.8963177370788893 -2.8682436250047694 0.772205524786304 -1.6267890749972338 1.4213153942311385 0.1295665362851609 6.5733241206684028 -1.0126002403801473 -0.97337257864854965 1.8573470744220975 0.09883099299783811 -0.03068052632433502
leaf_weight=3176 80 43 101 18 182 808 291 1005 23 621 144 475 18820 32613
leaf_count=3176 80 43 101 18 182 808 291 1005 23 621 144 475 18820 32613
internal_value=0.000186335 -0.156665 0.656263 3.69886 -0.369702 -1.18511 -0.136397 0.305668 0.0169075 -0.0441867 0.121003 1.19783 0.0856331 -0.0490789
internal_weight=58400 5624 1167 119 4457 990 3467 1048 52776 33257 19519 619 18900 33234
internal_count=58400 5624 1167 119 4457 990 3467 1048 52776 33257 19519 619 18900 33234
is_linear=0
shrinkage=0.0940712


Tree=178
num_leaves=15
num_cat=0
split_feature=47 5 44 27 25 1 53 8 47 1 25 28 5 10
split_gain=17700.7 123049 83791.3 79928.5 74203.7 86299.7 79004.3 64649.2 49247 141630 82138.8 23438.7 80262.6 23001.1
threshold=416.16666666666669 24.115000000000006 389.50000000000006 182.50000000000003 139.50000000000003 65.595000000000013 61.500000000000007 4.6500000000000012 411.50000000000006 17.855000000000004 24.500000000000004 283.16666666666669 14.875000000000002 1.5000000000000002
decision_type=2 2 8 10 8 2 2 2 2 2 10 2 2 2
left_child=8 2 3 -2 5 -3 -6 -4 11 -10 -11 13 -13 -1
right_child=1 4 7 -5 6 -7 -8 -9 9 10 -12 12 -14 -15
leaf_value=-0.32386505235979252 -1.362283351177237 -1.3034650260545775 6.1531600590018556 -5.6553647496306567 -0.50895016848307839 0.73044198417942385 2.0690933796225162 -0.43523573063289084 6.0612262138307855 -6.4697325178650127 -1.2487102593735737 3.3894915418087908 -0.77388612396282086 0.015475736148137841
leaf_weight=1826 135 270 15.999999999999998 53 137 575 443 52 20 29 222 42 694 53886
leaf_count=1826 135 270 16 53 137 575 443 52 20 29 222 42 694 53886
internal_value=0.000194625 0.300886 -1.59178 -2.60985 0.64236 0.0791999 1.46019 1.21648 -0.00872288 -1.27017 -1.8887 -0.00262963 -0.529458 0.00434257
internal_weight=58400 1681 256 188 1425 845 580 68 56719 271 251 56448 736 55712
internal_count=58400 1681 256 188 1425 845 580 68 56719 271 251 56448 736 55712
is_linear=0
shrinkage=0.0940712


Tree=179
num_leaves=16
num_cat=0
split_feature=1 29 26 8 38 32 57 57 27 47 2 49 22 6 32
split_gain=16796.4 16999.9 54982.3 52148.8 47845.5 20026.5 78777.7 27763.1 4030.48 5231.09 3838.55 2874.4 2767.43 2224.81 1910.53
threshold=434.28000000000003 238.62907020697114 99.500000000000014 4.8500000000000005 113.4637146852961 177.60496560730954 -12.499999999999998 -322.49999999999994 114.50000000000001 200.16666666666671 85.485000000000014 224.92857142857147 47.500000000000007 7.5000000000000009 116.47501264671533
decision_type=2 2 8 2 2 2 8 8 8 2 2 2 2 2 2
left_child=1 5 3 -3 -4 7 -7 -1 9 13 11 -10 -11 -2 -12
right_child=8 2 4 -5 -6 6 -8 -9 10 12 14 -13 -14 -15 -16
leaf_value=-0.47370701753334093 0.11103647304565305 -3.278462475312105 2.3137522157498984 2.079007287599719 -2.7520837785342733 2.1925073874981882 -0.51057366137489846 0.0025432259060566131 0.10397651659480026 -0.17852743086709458 -0.56765253070027111 0.95450877761982833 0.54073064001519267 -1.0785958227392096 0.63042056292950144
leaf_weight=1103 23 19 18 73 114 168 217 56010 42 58 28 241 236 32 18
leaf_count=1103 23 19 18 73 114 168 217 56010 42 58 28 241 236 32 18
internal_value=0.000176354 -0.00529523 -0.820372 0.934976 -2.04137 -0.00209548 0.672718 -0.00666489 0.465131 0.240258 0.701031 0.829988 0.398215 -0.589549 -0.0908808
internal_weight=58400 57722 224 92 132 57498 385 57113 678 349 329 283 294 55 46
internal_count=58400 57722 224 92 132 57498 385 57113 678 349 329 283 294 55 46
is_linear=0
shrinkage=0.0940712


Tree=180
num_leaves=12
num_cat=0
split_feature=28 25 56 34 28 31 27 23 56 31 56
split_gain=16226.6 79636.2 58821.9 61710 35080.4 80018.4 98308.9 40773 24946.6 99153 44358.4
threshold=303.16666666666669 7.5000000000000009 -146.49999999999997 133.19805194805198 283.16666666666669 159.50000000000003 18.500000000000004 373.50000000000006 280.50000000000006 209.17142857142861 269.50000000000006
decision_type=2 8 8 2 2 2 8 10 10 2 10
left_child=4 -2 -3 -4 8 7 -7 -6 10 -10 -1
right_child=1 2 3 -5 5 6 -8 -9 9 -11 -12
leaf_value=0.010701396710138261 6.5655708859205646 5.6505392736182598 4.531302342381081 -0.12287806798440506 5.9789079359862374 3.0043952201782194 -1.4384240861536803 -0.20285348794913008 -0.1567398910565545 -3.4327031587842867 0.86487445775983418
leaf_weight=52837 17 15.999999999999998 25 494 21 47 484 15.999999999999998 3819 82 542
leaf_count=52837 17 16 25 494 21 47 484 16 3819 82 542
internal_value=0.000160192 0.507058 0.295764 0.113988 -0.00468813 -0.739322 -1.03729 3.40247 0.0026144 -0.22698 0.0194019
internal_weight=58400 552 535 519 57848 568 531 37 57280 3901 53379
internal_count=58400 552 535 519 57848 568 531 37 57280 3901 53379
is_linear=0
shrinkage=0.0940712


Tree=181
num_leaves=15
num_cat=0
split_feature=37 11 1 34 25 36 49 37 47 36 38 35 22 49
split_gain=17247.9 84772.7 82578.8 85543.4 66889.8 106458 59489.6 40552.5 81549.2 107809 76189.7 27424 158337 53804.2
threshold=95.625000000000014 42.500000000000007 17.855000000000004 93.964285714285737 152.50000000000003 358.50000000000006 324.07142857142861 99.303571428571445 192.16666666666671 330.50000000000006 105.22299009723419 70.914454685006206 45.500000000000007 157.6428571428572
decision_type=2 2 2 2 10 2 2 2 2 2 2 2 2 2
left_child=1 4 -3 -4 6 -6 -1 8 9 -2 -10 12 -9 -13
right_child=7 2 3 -5 5 -7 -8 11 10 -11 -12 13 -14 -15
leaf_value=-0.48970571865561474 1.3607011750379769 -5.0993624186612196 0.71898489792145437 5.0661800699517663 -3.1977562955463386 3.057074449334853 3.2348410789308231 -0.97590201854887415 0.37524839634227769 7.4948203669902149 -5.4633108327695759 -1.2383489495140811 0.69126019311234432 -0.0082929390193198574
leaf_weight=934 135 14.999999999999998 162 52 160 27 38 663 518 30 19 315 2087 53245
leaf_count=934 135 15 162 52 160 27 38 663 518 30 19 315 2087 53245
internal_value=0.000198776 -0.327258 1.32068 1.80494 -0.654311 -2.27615 -0.339012 0.00818191 0.717953 2.53656 0.153195 -0.00068401 0.288951 -0.0155655
internal_weight=58400 1388 229 214 1159 187 972 57012 702 165 537 56310 2750 53560
internal_count=58400 1388 229 214 1159 187 972 57012 702 165 537 56310 2750 53560
is_linear=0
shrinkage=0.0940712


Tree=182
num_leaves=15
num_cat=0
split_feature=0 33 32 44 32 36 28 0 50 28 44 64 52 55
split_gain=16545.2 61786.6 75476.3 114914 94240.3 45285.4 44993 33691.4 101478 84191.3 69533.4 47064.3 84135.6 39414.3
threshold=22.500000000000004 430.50000000000006 147.47929636347507 393.50000000000006 142.54381114301427 442.50000000000006 210.83333333333334 33.500000000000007 71.096513765194302 158.50000000000003 319.50000000000006 0.34022143597877147 148.49558767981111 253.50000000000003
decision_type=2 2 2 8 2 2 2 2 2 2 8 2 2 10
left_child=1 2 4 -4 -1 -3 -7 8 10 -10 -2 12 -9 -13
right_child=7 5 3 -5 -6 6 -8 11 9 -11 -12 13 -14 -15
leaf_value=-0.21337393476203328 0.74683103296910736 -6.6459895510873546 6.1991926858407185 -3.3201186798981031 -6.2461636452668987 -3.7400710658526348 1.7118912914316695 -0.37354426686984071 -0.14433327665437395 0.83687662855067591 5.3888982101278398 0.047625822903848633 0.57246994631065506 -0.26798628016658216
leaf_weight=845 59 20 35 14.999999999999998 22 30 22 5936 2234 1182 55 43170 966 3809
leaf_count=845 59 20 35 15 22 30 22 5936 2234 1182 55 43170 966 3809
internal_value=0.000193978 -0.38099 -0.170118 3.32689 -0.377554 -3.00435 -1.44845 0.00677289 0.288254 0.195374 3.03007 -0.0116738 -0.241023 0.0220256
internal_weight=58400 989 917 50 867 72 52 57411 3530 3416 114 53881 6902 46979
internal_count=58400 989 917 50 867 72 52 57411 3530 3416 114 53881 6902 46979
is_linear=0
shrinkage=0.0940712


Tree=183
num_leaves=16
num_cat=0
split_feature=56 56 39 52 32 63 63 24 34 34 1 71 24 71 38
split_gain=17440.2 88961.2 82406.1 117586 115761 74180.6 73647.2 123084 84744.9 72845.8 73773.3 70264.9 137630 127109 64578
threshold=-15.499999999999998 42.500000000000007 470.50000000000006 147.32678411820845 32.135499478604018 228.50000000000003 118.50000000000001 31.500000000000004 176.10714285714289 116.15476190476191 176.62500000000003 445.50000000000006 170.50000000000003 435.50000000000006 92.613593910225532
decision_type=10 10 2 2 2 2 2 10 2 2 2 2 8 2 2
left_child=5 2 4 -4 -2 11 7 -3 -8 10 -7 13 -13 -1 -11
right_child=1 6 3 -5 -6 9 8 -9 -10 14 -12 12 -14 -15 -16
leaf_value=-0.04284763409236117 4.813860754391726 0.29333899560199367 -0.14626052462934616 -4.0816695361192163 0.38120364184553746 -5.5931057025867323 0.15002111094716733 -0.52844508749511165 -0.54763480342478232 2.7370770202474688 1.0833561288889173 -0.86520739100331978 2.3681369818033753 -3.4446371211245288 -1.1693000022238471
leaf_weight=26478 51 2311 328 83 6768 56 14317 5330 1725 41 19 192 292 96 313
leaf_count=26478 51 2311 328 83 6768 56 14317 5330 1725 41 19 192 292 96 313
internal_value=0.000161621 0.0486377 0.337427 -0.953748 0.415469 -0.0543516 -0.0395357 -0.279873 0.0749481 -1.27942 -3.91249 -0.034851 1.08657 -0.0553432 -0.706479
internal_weight=58400 30913 7230 411 6819 27487 23683 7641 16042 429 75 27058 484 26574 354
internal_count=58400 30913 7230 411 6819 27487 23683 7641 16042 429 75 27058 484 26574 354
is_linear=0
shrinkage=0.0940712


Tree=184
num_leaves=15
num_cat=0
split_feature=61 46 58 36 40 48 46 46 41 49 39 50 47 25
split_gain=16099 69427.3 75462.3 59735.7 56861.8 47749.4 18123.9 108564 123859 79332.4 74932.2 151851 60538.8 16947.1
threshold=0.99676897379684737 281.50000000000006 1.2195068246257204 413.50000000000006 148.40011846602835 83.008031739906514 283.50000000000006 263.50000000000006 131.27093995906083 235.07142857142858 283.50000000000006 130.58895891489502 311.83333333333343 196.50000000000003
decision_type=2 8 2 2 2 2 10 10 2 2 2 2 2 10
left_child=1 2 13 4 -3 -4 7 9 -9 -2 11 -8 -12 -1
right_child=6 3 5 -5 -6 -7 10 8 -10 -11 12 -13 -14 -15
leaf_value=-5.7591451819770061 -0.29807744239309708 0.6278516087442676 -3.5855486783924668 -3.3079009424366483 6.1088463829258437 1.8481832635852975 2.1332983975004711 1.363728322233702 0.033860363679528049 0.082172579914270252 0.019457808085049978 -0.76265992230639057 -0.28704598061286807 -2.1591027528845985
leaf_weight=40 6185 67 20 22 21 41 386 1149 1344 22564 17903 272 8366 20
leaf_count=40 6185 67 20 22 21 41 386 1149 1344 22564 17903 272 8366 20
internal_value=0.000134259 -0.780989 -2.3228 0.922647 2.02092 0.0195894 0.0032593 0.0520087 0.647304 0.000350244 -0.0532971 0.937022 -0.0781622 -4.64638
internal_weight=58400 231 121 110 88 61 58169 31242 2493 28749 26927 658 26269 60
internal_count=58400 231 121 110 88 61 58169 31242 2493 28749 26927 658 26269 60
is_linear=0
shrinkage=0.0940712


Tree=185
num_leaves=15
num_cat=0
split_feature=31 52 46 2 30 41 37 31 27 37 59 31 33 35
split_gain=16641.9 102040 89890.3 89984.8 88846 86975.3 67281.9 48433 83789 162632 95931.8 55382.5 122731 34806.8
threshold=207.78571428571431 158.34948821187493 130.50000000000003 65.895000000000024 446.50000000000006 158.07852407795798 168.33928571428575 197.35714285714286 236.50000000000003 152.18187830687833 4.7900000000000027 196.21428571428575 312.50000000000006 127.83954999786869
decision_type=2 2 10 2 2 2 2 2 10 2 2 2 2 2
left_child=7 2 3 -2 6 -4 -3 11 10 -10 -9 13 -13 -1
right_child=1 4 5 -5 -6 -7 -8 8 9 -11 -12 12 -14 -15
leaf_value=0.029125000819771405 0.19669410628183931 5.4511810369744493 -5.247591648335507 2.5471521245858475 -2.9240600073876126 -0.11010119042282758 0.37914738334652903 -0.9817182005272469 -2.0699724265512214 2.2743669142063574 4.5343613954666342 -5.7257167943784806 2.3221831748633504 -0.18689127308820372
leaf_weight=45937 370 73 28 235 19 2173 34 1265 114 223 27 17 178 7707
leaf_count=45937 370 73 28 235 19 2173 34 1265 114 223 27 17 178 7707
internal_value=0.000111712 0.218472 0.100075 1.1141 2.82066 -0.179189 3.8693 -0.0114342 -0.516538 0.801627 -0.861012 0.00386082 1.58002 -0.0019121
internal_weight=58400 2932 2806 605 126 2201 107 55468 1629 337 1292 53839 195 53644
internal_count=58400 2932 2806 605 126 2201 107 55468 1629 337 1292 53839 195 53644
is_linear=0
shrinkage=0.0940712


Tree=186
num_leaves=13
num_cat=0
split_feature=38 53 66 42 0 39 35 56 1 37 42 37
split_gain=17716.1 47301.6 54377.9 46650.1 43848.9 24738.9 104440 106055 35750.9 32334.3 62630.3 36757.3
threshold=60.178498743841438 183.50000000000003 1.0000000180025095e-35 244.50000000000003 121.50000000000001 239.50000000000003 61.688556539960338 -131.49999999999997 75.915000000000006 95.625000000000014 116.50000000000001 99.303571428571445
decision_type=2 2 2 2 2 2 2 8 2 2 2 2
left_child=1 2 4 -4 -1 6 8 -8 -2 10 -7 -11
right_child=5 -3 3 -5 -6 9 7 -9 -10 11 -12 -13
leaf_value=-0.087686334852962858 -5.9717279552924589 -4.3571114552218528 0.16176352031340888 -2.6904042211275634 4.320880068686888 0.77732167091345206 -2.5371149930344195 2.3501182269479171 -0.74588126840151925 0.70863040557036217 -0.92937780916214496 0.00065179086258316979
leaf_weight=49 21 27 109 93 32 249 46 229 25 655 791 56074
leaf_count=49 21 27 109 93 32 249 46 229 25 655 791 56074
internal_value=0.000102433 -0.707365 -0.336715 -1.16131 1.70122 0.00389895 0.825445 1.52245 -3.25197 -0.000686066 -0.520081 0.0088477
internal_weight=58400 310 283 202 81 58090 321 275 46 57769 1040 56729
internal_count=58400 310 283 202 81 58090 321 275 46 57769 1040 56729
is_linear=0
shrinkage=0.0940712


Tree=187
num_leaves=16
num_cat=0
split_feature=40 40 53 58 1 40 46 1 1 31 57 40 46 41 49
split_gain=16166.2 102317 114095 118423 102928 75014.9 125416 144590 83595.1 72720.3 121254 69031.2 65502.7 160281 120371
threshold=131.68963813430824 132.9774770919222 66.500000000000014 1.1660853434081517 106.03500000000001 129.49074654294785 239.50000000000003 16.215000000000003 96.405000000000015 154.17142857142861 -14.499999999999998 111.53201197565876 341.50000000000006 141.72526203475255 261.35714285714295
decision_type=2 2 2 2 2 2 8 2 2 2 10 2 8 2 2
left_child=5 2 4 -4 -2 9 7 -7 -8 11 -11 -1 14 -14 -3
right_child=1 12 3 -5 -6 6 8 -9 -10 10 -12 -13 13 -15 -16
leaf_value=0.063504167278164256 5.5267453158030397 -0.52942058948111914 -1.2317217139592918 1.6678897729542892 1.0325958434273341 6.9476485468974118 -2.8250781565932392 -0.06041501499350125 -0.67876835846597494 1.0552613644986255 -4.033856804791383 -0.25382643459366117 0.91070641835564681 0.018016546298337377 0.045124414515412908
leaf_weight=17384 86 4181 213 296 95 26 294 475 355 859 42 9316 2257 8400 14121
leaf_count=17384 86 4181 213 296 95 26 294 475 355 859 42 9316 2257 8400 14121
internal_value=6.97561e-05 0.0488095 1.17963 0.454193 3.19764 -0.0501878 -0.794085 0.323481 -1.6557 -0.0191455 0.811325 -0.0472205 0.0217992 0.207193 -0.0861546
internal_weight=58400 29649 690 509 181 28751 1150 501 649 27601 901 26700 28959 10657 18302
internal_count=58400 29649 690 509 181 28751 1150 501 649 27601 901 26700 28959 10657 18302
is_linear=0
shrinkage=0.0940712


Tree=188
num_leaves=16
num_cat=0
split_feature=56 42 63 58 5 5 56 24 46 26 1 8 26 29 23
split_gain=16921.6 86486.2 134034 113044 81575.4 69222.5 87367.4 62603.2 39953.2 79176 96715.6 95217.4 65096.7 82620.8 76084.6
threshold=-83.499999999999986 346.50000000000006 156.50000000000003 0.99999996153106385 93.355000000000004 8.7350000000000012 -102.49999999999999 376.50000000000006 76.500000000000014 27.500000000000004 60.635000000000012 1.4500000000000002 63.500000000000007 14.843629385476694 30.500000000000004
decision_type=10 2 2 2 2 2 10 10 8 10 2 2 10 2 8
left_child=1 5 3 -3 -4 6 -1 -7 9 11 -11 -2 13 -10 -14
right_child=8 2 4 -5 -6 7 -8 -9 12 10 -12 -13 14 -15 -16
leaf_value=-2.7631933394462078 2.5762142400427708 3.1259499014344256 -0.51834007192498099 -3.2404163700955935 3.3251862672956869 -0.059470850713556588 4.300027187989107 0.60243947042933577 -1.4132714678342959 1.4919504321669117 -0.35871368916012303 -1.218562336642824 -0.39733554780288405 0.29176623321702833 0.048185308317507849
leaf_weight=139 61 26 556 260 52 17399 15.999999999999998 1362 256 342 915 924 4031 10704 21357
leaf_count=139 61 26 556 260 52 17399 16 1362 256 342 915 924 4031 10704 21357
internal_value=8.26457e-05 -0.0705869 -0.973904 -2.64739 -0.181735 -0.0278112 -1.99767 -0.011365 0.0363652 -0.348893 0.145934 -0.979723 0.060146 0.251733 -0.0225677
internal_weight=58400 19810 894 286 608 18916 155 18761 38590 2242 1257 985 36348 10960 25388
internal_count=58400 19810 894 286 608 18916 155 18761 38590 2242 1257 985 36348 10960 25388
is_linear=0
shrinkage=0.0940712


Tree=189
num_leaves=15
num_cat=0
split_feature=26 31 20 17 33 25 26 29 53 25 34 29 31 46
split_gain=16118.4 99731.5 91453.1 119232 85659.9 42429.8 39047.3 92118.3 123213 110211 29694.3 25199.8 71733.2 54092.8
threshold=1.5000000000000002 84.785714285714292 -0.91023613416931226 -0.22252093395631442 207.50000000000003 108.50000000000001 8.5000000000000018 47.00354596552647 174.50000000000003 103.50000000000001 100.89285714285715 65.046137471797635 71.357142857142875 106.50000000000001
decision_type=8 2 2 2 2 10 8 2 2 10 2 2 2 8
left_child=1 5 3 -3 -4 10 7 8 -2 -9 -1 13 -13 -8
right_child=6 2 4 -5 -6 -7 11 9 -10 -11 -12 12 -14 -15
leaf_value=-2.4491721682707213 0.16695259435704426 -0.14442212019401066 4.9666000108251893 7.2978891969301003 0.036480530187360909 -0.052514076221796768 -0.51956036211129453 -1.5394462533146587 4.750743064929587 0.021231466771715085 -8.2175188567369535 1.1400454000585483 0.039252458059006526 -0.021116199009698387
leaf_weight=19 364 35 32 40 442 23 2175 777 59 824 14.999999999999998 530 36272 16793
leaf_count=19 364 35 32 40 442 23 2175 777 59 824 15 530 36272 16793
internal_value=8.92366e-05 0.482097 0.873697 3.89105 0.384795 -3.21021 -0.00497556 -0.410703 0.821717 -0.736882 -5.24665 0.00975788 0.0551565 -0.0783159
internal_weight=58400 606 549 75 474 57 57794 2024 423 1601 34 55770 36802 18968
internal_count=58400 606 549 75 474 57 57794 2024 423 1601 34 55770 36802 18968
is_linear=0
shrinkage=0.0940712


Tree=190
num_leaves=16
num_cat=0
split_feature=47 64 54 32 44 35 32 57 26 32 28 57 26 3 51
split_gain=16105.6 97671.3 107998 125925 109379 80354.6 112254 108767 72213.3 97810.1 98506.2 82345.6 87328.6 82282.6 80812.1
threshold=263.16666666666669 2.0397368421052637 272.50000000000006 109.00698972761371 157.50000000000003 70.914454685006206 32.135499478604018 8.5000000000000018 78.500000000000014 163.85293900601701 27.166666666666668 50.500000000000007 65.500000000000014 1.0000000180025095e-35 207.53571428571431
decision_type=2 2 2 2 8 2 2 8 8 2 2 10 10 2 2
left_child=8 5 4 -4 -3 7 -7 -2 11 13 -11 14 -13 -10 -1
right_child=1 2 3 -5 -6 6 -8 -9 9 10 -12 12 -14 -15 -16
leaf_value=-1.3626896112400169 2.1376336718072459 0.26939639179470382 -0.57096601703633887 0.45099533326516861 -1.2518065163187482 4.7205067322279044 -0.0052371622580772203 0.15678088302547163 -0.21903392989965312 5.2422727060266361 -1.8240133866115296 -0.38636372933342306 -1.9797292234303734 0.31706573637426877 0.081327299928850086
leaf_weight=359 369 549 2258 2020 1747 43 24646 727 3162 17 309 2093 355 12722 7024
leaf_count=359 369 549 2258 2020 1747 43 24646 727 3162 17 309 2093 355 12722 7024
internal_value=9.4612e-05 -0.0442193 -0.367852 -0.088395 -0.888079 0.0383046 0.00328639 0.825899 0.0551641 0.177157 -1.43191 -0.145969 -0.618594 0.210326 0.0108213
internal_weight=58400 32359 6574 4278 2296 25785 24689 1096 26041 16210 326 9831 2448 15884 7383
internal_count=58400 32359 6574 4278 2296 25785 24689 1096 26041 16210 326 9831 2448 15884 7383
is_linear=0
shrinkage=0.0940712


Tree=191
num_leaves=15
num_cat=0
split_feature=32 50 53 38 35 59 57 31 24 24 55 32 12 40
split_gain=16975 93814.3 98837.2 82958.8 94622.9 94310.5 69976 49189.8 108735 92832.7 81394.1 37052.2 124512 28802.2
threshold=59.286431432648016 168.83910345917877 30.500000000000004 118.9732029303766 122.97123981837289 4.2200000000000024 -34.499999999999993 65.071428571428584 61.500000000000007 82.500000000000014 129.50000000000003 60.070593392076539 11.500000000000002 65.772237580270499
decision_type=2 2 2 2 2 2 10 2 8 10 10 2 2 2
left_child=1 3 -3 4 -1 -5 -4 8 10 -10 -2 12 -9 -13
right_child=7 2 6 5 -6 -7 -8 11 9 -11 -12 13 -14 -15
leaf_value=-0.28574665317741665 1.1535195091655146 -4.9320928844817677 -0.43177278297205923 0.50906155641441186 -2.7476414793435486 5.0887670123355688 3.6303963645000503 0.4780173092710836 8.6675828239184032 2.0194800510430411 -2.7729576236824038 0.82061542240448826 8.0276162669346292 -0.0018223867205786543
leaf_weight=4521 161 15.999999999999998 52 468 141 42 130 190 24 74 64 378 20 52119
leaf_count=4521 161 16 52 468 141 42 130 190 24 74 64 378 20 52119
internal_value=0.000100038 -0.159251 1.84217 -0.236429 -0.361128 0.900842 2.47529 0.0162431 1.1708 3.75925 0.0246842 0.00913083 1.25156 0.00412133
internal_weight=58400 5370 198 5172 4662 510 182 53030 323 98 225 52707 210 52497
internal_count=58400 5370 198 5172 4662 510 182 53030 323 98 225 52707 210 52497
is_linear=0
shrinkage=0.0940712


Tree=192
num_leaves=16
num_cat=0
split_feature=8 26 35 45 0 19 38 21 43 23 61 43 46 38 14
split_gain=16264.2 64573.8 112611 115195 96530.2 67794.1 78301.9 73855.5 41246 120388 91089.5 54136.9 75460.1 37558.7 36570.1
threshold=3.0500000000000003 292.50000000000006 84.082442522789634 183.50000000000003 40.500000000000007 -0.5 123.19244151119553 -0.35460488704253562 494.50000000000006 28.500000000000004 1.0534269589613103 484.50000000000006 309.50000000000006 104.7379288039369 2022.5000000000002
decision_type=2 8 2 8 2 2 2 2 10 10 2 8 10 2 2
left_child=1 5 3 -3 -4 6 -1 -7 11 13 -11 14 -13 -10 -2
right_child=8 2 4 -5 -6 7 -8 -9 9 10 -12 12 -14 -15 -16
leaf_value=-0.63011234416406647 0.10869051071233751 4.6372862677898645 -4.0491885241714147 -0.20284802621046302 -0.90101511364621245 1.5693658136974011 0.92325855850275829 0.091530140002866175 -0.99434201483062679 -3.413167959375969 1.3685805290589219 -0.032921274793918869 -1.5432769996230147 -6.5613257851694824 -0.055068341895141058
leaf_weight=2106 23928 59 95 154 825 320 331 4323 21 36 591 778 468 22 24343
leaf_count=2106 23928 59 95 154 825 320 331 4323 21 36 591 778 468 22 24343
internal_value=0.000139382 -0.122564 -0.78143 1.16125 -1.23255 -0.0169604 -0.418621 0.193905 0.0202253 0.752512 1.08603 0.010291 -0.601537 -3.9755 0.0261054
internal_weight=58400 8213 1133 213 920 7080 2437 4643 50187 670 627 49517 1246 43 48271
internal_count=58400 8213 1133 213 920 7080 2437 4643 50187 670 627 49517 1246 43 48271
is_linear=0
shrinkage=0.0940712


Tree=193
num_leaves=15
num_cat=0
split_feature=45 52 27 1 33 49 43 45 10 27 24 52 56 48
split_gain=15585.5 94321.8 66025.2 98713.4 64962.1 56137.1 47656.5 34307.6 93283.6 143859 109518 33430.4 110096 45910.8
threshold=52.500000000000007 142.07170067148195 69.500000000000014 31.795000000000005 409.50000000000006 283.46428571428578 318.50000000000006 58.500000000000007 24.500000000000004 48.500000000000007 23.500000000000004 157.01894090260473 2.5000000000000004 235.74845351207156
decision_type=8 2 10 2 2 2 10 8 2 8 10 2 8 2
left_child=1 4 6 -4 5 -1 -3 8 10 -10 -2 13 -13 -9
right_child=7 2 3 -5 -6 -7 -8 11 9 -11 -12 12 -14 -15
leaf_value=-1.2002541492932011 -3.4734312260717464 -3.7380946867044966 -3.3114584956870545 4.2423738810282847 3.4333879675468593 -4.6269607053775665 2.5198467563255784 0.0069609479850706781 -2.1460979892434731 4.3116478749650637 0.53969337953731111 -0.94050488831758694 0.27914017924128715 1.7867630082983199
leaf_weight=121 66 30 18 73 17 65 14.999999999999998 54545 40 117 549 1313 1304 127
leaf_count=121 66 30 18 73 17 65 15 54545 40 117 549 1313 1304 127
internal_value=0.000100893 -0.634423 1.27337 2.71619 -1.91313 -2.42698 -1.63485 0.00382482 0.626115 2.66063 0.101106 -0.00457551 -0.332927 0.0111485
internal_weight=58400 339 136 91 203 186 45 58061 772 157 615 57289 2617 54672
internal_count=58400 339 136 91 203 186 45 58061 772 157 615 57289 2617 54672
is_linear=0
shrinkage=0.0940712


Tree=194
num_leaves=16
num_cat=0
split_feature=27 43 1 29 63 1 36 11 43 34 56 1 2 27 33
split_gain=15878.6 101414 112191 86952.8 68829.4 85630.8 64891.1 55927.8 47603.5 99140.8 91448.5 85185.4 48235.1 105397 50630.2
threshold=44.500000000000007 493.50000000000006 36.395000000000003 111.13580274875623 -152.49999999999997 245.28500000000003 193.50000000000003 18.500000000000004 479.50000000000006 181.17857142857147 391.50000000000006 183.31500000000003 98.00500000000001 170.50000000000003 366.50000000000006
decision_type=8 10 2 2 2 2 2 2 10 2 10 2 2 8 2
left_child=1 4 3 -3 5 -1 -6 -4 12 10 -10 -11 14 -14 -2
right_child=8 2 7 -5 6 -7 -8 -9 9 11 -12 -13 13 -15 -16
leaf_value=-4.0308202460828824 -0.080065293491679873 11.5791480468133 -1.7083185518423871 2.7658244937189522 -1.9258846182690863 3.1948778588186197 0.099461396462357493 2.1493674983905993 -0.32001399752971404 -3.46988649106608 5.0443402004789526 0.5459468936132742 1.5625791103766249 -0.41107089910096223 0.15620574515537794
leaf_weight=69 31572 15.999999999999998 46 26 140 17 12597 110 1833 161 27 65 518 443 10760
leaf_count=69 31572 16 46 26 140 17 12597 110 1833 161 27 65 518 443 10760
internal_value=8.55749e-05 0.0916532 2.19601 6.42088 0.0588866 -2.56954 0.0769564 1.00539 -0.0261882 -0.464952 -0.237911 -2.31851 -0.00502818 0.653447 -0.0200031
internal_weight=58400 13021 198 42 12823 86 12737 156 45379 2086 1860 226 43293 961 42332
internal_count=58400 13021 198 42 12823 86 12737 156 45379 2086 1860 226 43293 961 42332
is_linear=0
shrinkage=0.0940712


Tree=195
num_leaves=15
num_cat=0
split_feature=63 11 1 23 22 39 31 42 1 31 63 42 59 47
split_gain=16519.3 110409 154914 78747.9 67781.5 125018 77188.9 47438.2 183996 113465 91592.9 51864.4 131452 30330.3
threshold=-126.49999999999999 3.5000000000000004 23.935000000000006 101.50000000000001 11.500000000000002 298.50000000000006 72.642857142857153 90.500000000000014 46.725000000000001 76.214285714285737 -124.49999999999999 94.500000000000014 1.7100000000000046 92.166666666666671
decision_type=2 2 2 8 2 2 2 2 2 2 2 2 2 2
left_child=1 2 -1 -4 5 -3 -6 8 10 -10 -2 12 -9 -13
right_child=7 4 3 -5 6 -7 -8 11 9 -11 -12 13 -14 -15
leaf_value=5.5116094946893384 -5.7910529221355249 4.9678986266604621 -0.74517503797398521 -4.579737646943931 2.1257472942418136 -0.84566183433647091 0.3695811157251811 1.9534035788821269 -2.5837726914564314 0.32720466456649677 -1.7209811281843921 -1.9700468516200371 -1.1883395440507742 -0.0044244852400598103
leaf_weight=21 58 33 92 98 241 621 2571 358 131 1115 292 68 174 52527
leaf_count=21 58 33 92 98 241 621 2571 358 131 1115 292 68 174 52527
internal_value=0.000115834 0.193086 -1.88809 -2.74487 0.320612 -0.540991 0.521233 -0.0128533 -0.517932 0.0182029 -2.41853 0.00233231 0.925134 -0.00702664
internal_weight=58400 3677 211 190 3466 654 2812 54723 1596 1246 350 53127 532 52595
internal_count=58400 3677 211 190 3466 654 2812 54723 1596 1246 350 53127 532 52595
is_linear=0
shrinkage=0.0940712


Tree=196
num_leaves=15
num_cat=0
split_feature=8 20 55 63 24 46 23 1 63 33 35 34 25 46
split_gain=15673.2 86154.4 179909 134947 124224 91148.2 90529.7 66387.1 65487.4 42839.8 93166.5 78716.7 40956 45063.6
threshold=32.850000000000001 0.78574730703237894 264.50000000000006 245.50000000000003 391.50000000000006 86.500000000000014 394.50000000000006 44.405000000000008 296.50000000000006 387.50000000000006 126.85698661722439 121.8214285714286 39.500000000000007 389.50000000000006
decision_type=2 2 10 2 10 10 8 2 2 2 2 2 10 10
left_child=8 3 4 5 -3 -2 -5 -4 9 10 -1 -11 -10 -14
right_child=1 2 7 6 -6 -7 -8 -9 12 11 -12 -13 13 -15
leaf_value=0.035489929407094452 0.56467964269136262 0.73731996363862551 -5.7967478232022325 0.95899294296085325 -3.4184263214982771 -0.47287544303588225 -4.0863879992636818 -1.4654402129389517 0.43804085792887038 -0.59851235852680584 -0.44646182981617238 0.31061112907431943 -5.7122132422543777 0.16031405897931514
leaf_weight=34047 836 2216 40 967 64 7116 31 135 26 941 3961 7965 39 15.999999999999998
leaf_count=34047 836 2216 40 967 64 7116 31 135 26 941 3961 7965 39 16
internal_value=9.36256e-05 -0.0988217 0.394663 -0.234245 0.618352 -0.363691 0.796008 -2.49868 0.0241041 0.0287642 -0.0147496 0.214452 -2.62295 -4.04434
internal_weight=58400 11405 2455 8950 2280 7952 998 175 46995 46914 38008 8906 81 55
internal_count=58400 11405 2455 8950 2280 7952 998 175 46995 46914 38008 8906 81 55
is_linear=0
shrinkage=0.0940712


Tree=197
num_leaves=16
num_cat=0
split_feature=47 19 70 53 39 26 55 27 58 24 63 39 58 39 26
split_gain=15301.8 76949.9 100715 93981.4 107594 89830.6 89546.5 82689.3 64203.1 133060 156135 134458 86321.6 89146.2 87222.9
threshold=263.16666666666669 -0.9330127018922193 2.5000000000000004 158.50000000000003 323.50000000000006 63.500000000000007 -320.49999999999994 446.50000000000006 1.4172751224365669 76.500000000000014 -126.49999999999999 485.50000000000006 1.405145278882614 450.50000000000006 75.500000000000014
decision_type=2 2 2 2 2 10 10 10 2 10 2 2 2 2 8
left_child=8 3 7 6 -5 -4 -2 -3 12 10 -10 -11 14 -14 -1
right_child=1 2 5 4 -6 -7 -8 -9 9 11 -12 -13 13 -15 -16
leaf_value=-0.27693088163434648 -2.6198387923062763 0.22916384829553405 0.072800482632628769 4.5723470456243378 0.95742601697156615 -0.32829023971109372 0.27150733433450075 -3.514736030960524 1.7658792042527918 0.59750213184806511 -0.48429731968224571 7.0770558580842016 -1.071437953384921 -6.4344466543628505 0.13927061624694145
leaf_weight=7028 98 7724 7534 83 540 14353 1976 51 308 4019 2302 27 156 32 12169
leaf_count=7028 98 7724 7534 83 540 14353 1976 51 308 4019 2302 27 156 32 12169
internal_value=3.71509e-05 -0.0431567 -0.0869101 0.437775 1.44946 -0.190225 0.132957 0.203889 0.0537148 0.305756 -0.217814 0.643486 -0.0328369 -2.03044 -0.0131038
internal_weight=58400 32359 29662 2697 623 21887 2074 7775 26041 6656 2610 4046 19385 188 19197
internal_count=58400 32359 29662 2697 623 21887 2074 7775 26041 6656 2610 4046 19385 188 19197
is_linear=0
shrinkage=0.0940712


Tree=198
num_leaves=12
num_cat=0
split_feature=56 7 58 10 48 53 11 24 48 40 53
split_gain=16641.6 61165.5 53517.4 61829.7 16725.3 93773 118521 83253 53992.8 128158 42126.3
threshold=409.50000000000006 208.50000000000003 0.99999998033625048 24.500000000000004 194.97777651141004 70.500000000000014 35.500000000000007 118.50000000000001 191.75244393547817 97.255940511623223 78.500000000000014
decision_type=10 2 2 2 2 2 2 8 2 2 2
left_child=4 2 -2 -4 8 6 -6 -7 10 -10 -1
right_child=1 -3 3 -5 5 7 -8 -9 9 -11 -12
leaf_value=0.11976358829622098 -4.9737704408880434 4.7643283162604444 0.31642549378943602 -3.4409447262195703 -1.076483846378935 0.86468616996815528 0.7326318528974276 -0.049437297384550986 -4.0389419384324174 -0.32174243653281076 -0.059948444073935139
leaf_weight=17132 27 14.999999999999998 155 50 957 1848 480 1684 94 585 35373
leaf_count=17132 27 15 155 50 957 1848 480 1684 94 585 35373
internal_value=3.62578e-05 -0.76805 -1.15575 -0.618478 0.00332134 0.168344 -0.471959 0.428982 -0.0120989 -0.844619 -0.00130549
internal_weight=58400 247 232 205 58153 4969 1437 3532 53184 679 52505
internal_count=58400 247 232 205 58153 4969 1437 3532 53184 679 52505
is_linear=0
shrinkage=0.0940712


Tree=199
num_leaves=16
num_cat=0
split_feature=27 54 8 71 28 5 58 20 54 50 0 27 27 43 49
split_gain=15583.2 107831 122760 120119 88178.8 75011.3 63872.9 60732.7 49064.3 101936 106492 98567.9 50992.2 88417.2 61785.7
threshold=20.500000000000004 69.500000000000014 11.450000000000001 112.50000000000001 84.833333333333357 92.285000000000011 1.0000000180025095e-35 0.70581670320594825 58.500000000000007 131.40495387684129 126.50000000000001 164.50000000000003 44.500000000000007 60.500000000000007 224.07142857142858
decision_type=10 2 2 2 2 2 2 2 2 2 2 10 10 10 2
left_child=1 2 7 6 -4 -5 -3 -1 9 10 -2 -11 13 -10 -14
right_child=8 3 4 5 -6 -7 -8 -9 12 11 -12 -13 14 -15 -16
leaf_value=-1.9471687585217863 -0.42022305851088204 -6.0992904027464299 -1.1733372798239592 0.021170434688049751 4.0722994144533029 -1.0378262260783364 -1.1995752191099236 2.8989306360105118 -1.9977603395859784 -0.69760506049684157 -3.0870510119721573 1.8151178640495305 0.26122365427940081 0.3226154188172432 -0.053450810391943021
leaf_weight=90 325 23 34 6562 152 649 660 29 147 355 223 224 6530 6683 35714
leaf_count=90 325 23 34 6562 152 649 660 29 147 355 223 224 6530 6683 35714
internal_value=1.42199e-05 -0.120212 1.61079 -0.187414 3.11096 -0.0743273 -1.37829 -0.74289 0.0196557 -0.593593 -1.51136 0.276552 0.0337602 0.272211 -0.00479816
internal_weight=58400 8199 305 7894 186 7211 683 119 50201 1127 548 579 49074 6830 42244
internal_count=58400 8199 305 7894 186 7211 683 119 50201 1127 548 579 49074 6830 42244
is_linear=0
shrinkage=0.0940712


Tree=200
num_leaves=15
num_cat=0
split_feature=59 38 43 23 56 51 52 59 36 31 5 58 51 58
split_gain=15892 82416.3 78714.1 115053 65449.8 59662 42053.1 30788.6 103653 136196 107452 21737.4 93544.1 29478.8
threshold=4.8300000000000001 130.24558356014617 422.50000000000006 160.50000000000003 160.50000000000003 310.75000000000006 143.16234157052619 4.6900000000000039 338.50000000000006 76.214285714285737 66.445000000000007 25.490167461085658 297.23214285714295 4.5842281583616442
decision_type=2 2 10 10 10 2 2 2 2 2 2 2 2 2
left_child=7 2 3 -2 -4 6 -3 11 9 -9 -10 13 -13 -1
right_child=1 5 4 -5 -6 -7 -8 8 10 -11 -12 12 -14 -15
leaf_value=0.0048981576036321627 -0.44093270865009176 -7.470280072219877 -3.1035246582038489 2.2899781089648523 1.9452116271988844 1.3099534353178197 -1.7833394436035559 5.8268331868422996 2.4165745631339655 -1.1834660742795746 -0.71868415328561996 -0.11413279803861817 4.5749821545960039 -0.44369185194657235
leaf_weight=55137 523 28 116 183 27 15.999999999999998 21 25 328 320 136 167 47 1326
leaf_count=55137 523 28 116 183 27 16 21 25 328 320 136 167 47 1326
internal_value=-4.73826e-06 -0.388847 -0.138526 0.270251 -2.13868 -3.57658 -5.16585 0.00618587 0.581859 -0.651145 1.49802 -0.00204478 0.940813 -0.00564645
internal_weight=58400 914 849 706 143 65 49 57486 809 345 464 56677 214 56463
internal_count=58400 914 849 706 143 65 49 57486 809 345 464 56677 214 56463
is_linear=0
shrinkage=0.0940712


Tree=201
num_leaves=16
num_cat=0
split_feature=6 57 46 44 2 10 0 44 6 57 71 41 24 19 21
split_gain=15506.1 76766.4 97512.2 112073 84688.7 78542.6 119135 119101 30327.6 90607.5 130906 71398.1 61811.5 115807 57428.1
threshold=15.500000000000002 -34.499999999999993 52.500000000000007 337.50000000000006 18.275000000000002 11.500000000000002 32.500000000000007 116.50000000000001 13.500000000000002 -154.49999999999997 175.50000000000003 189.62941236971437 69.500000000000014 0.25000000000000017 -0.12053668025532321
decision_type=2 8 10 10 2 2 2 10 2 10 2 2 8 2 2
left_child=8 2 3 -2 -4 7 -7 -3 12 10 -10 -11 13 -1 -14
right_child=1 5 4 -5 -6 6 -8 -9 9 11 -12 -13 14 -15 -16
leaf_value=0.36146373152292305 -0.18186479408721132 -1.1323397363500405 -1.2745576761858763 7.5160994454973835 0.65561702818341694 2.0467858943761414 -0.6223443827007592 0.95589849002321936 -1.3130397896000892 -0.48900375336957086 1.3601751589959992 1.337306292443819 -0.21102926649857254 -0.14669958925255067 0.046833866095366168
leaf_weight=9745 30 316 222 36 2012 157 2223 1011 218 4140 619 197 14110 6693 16671
leaf_count=9745 30 316 222 36 2012 157 2223 1011 218 4140 619 197 14110 6693 16671
internal_value=0 0.143137 0.569888 4.09182 0.462996 -0.121734 -0.444992 0.457783 -0.0164133 -0.232592 0.662627 -0.405567 0.00727863 0.154555 -0.0713711
internal_weight=58400 6007 2300 66 2234 3707 2380 1327 52393 5174 837 4337 47219 16438 30781
internal_count=58400 6007 2300 66 2234 3707 2380 1327 52393 5174 837 4337 47219 16438 30781
is_linear=0
shrinkage=0.0940712


Tree=202
num_leaves=16
num_cat=0
split_feature=59 53 64 6 64 30 31 34 59 53 8 52 53 24 20
split_gain=15419.6 116053 120196 139980 95157 92222.9 126097 95405.8 40010.3 100739 127054 94689.7 44326.6 120702 66460.6
threshold=3.3799999999999977 143.50000000000003 17.866071428571434 7.5000000000000009 0.071550463188688448 172.50000000000003 69.928571428571445 141.03571428571431 3.2599999999999993 169.50000000000003 11.450000000000001 119.73810707406632 130.50000000000003 138.50000000000003 -0.98182534576205283
decision_type=2 2 2 2 2 2 2 2 2 2 2 2 2 10 2
left_child=8 5 4 -4 -3 7 -7 -2 12 10 -10 -11 14 -14 -1
right_child=1 2 3 -5 -6 6 -8 -9 9 11 -12 -13 13 -15 -16
leaf_value=0.65486078700277173 -1.2026906316591306 7.1650842905951491 -0.33229729530073587 6.6149766243074772 0.21868365922951419 5.8390718838428457 -0.12868032352300066 0.25460449442254485 -1.5530301647485401 -1.0021662090449144 1.373825457014602 4.8851009650607962 0.093792834644220988 -0.39454528637801822 0.048113147841248004
leaf_weight=1693 1600 15.999999999999998 46 56 2883 30 4315 528 217 33 327 84 11150 7484 27938
leaf_count=1693 1600 16 46 56 2883 30 4315 528 217 33 327 84 11150 7484 27938
internal_value=2.14826e-05 -0.109813 0.373589 3.5229 0.260902 -0.333983 -0.0853642 -0.841125 0.0212953 0.747353 0.204977 3.23219 0.0113253 -0.102349 0.0828173
internal_weight=58400 9474 3001 102 2899 6473 4345 2128 48926 661 544 117 48265 18634 29631
internal_count=58400 9474 3001 102 2899 6473 4345 2128 48926 661 544 117 48265 18634 29631
is_linear=0
shrinkage=0.0940712


Tree=203
num_leaves=15
num_cat=0
split_feature=32 56 50 70 27 8 30 35 23 11 34 32 58 5
split_gain=15083.7 72487.7 104603 105713 72801.6 107611 71156.7 60716.2 39287.5 86269.6 55809.8 31357.8 98968.1 57699.5
threshold=140.81167768129686 -219.49999999999997 157.78164538043254 1.0000000180025095e-35 312.50000000000006 12.050000000000002 321.50000000000006 112.87633026436428 439.50000000000006 15.500000000000002 171.25000000000003 119.35551134748788 0.99999997539067353 11.465000000000002
decision_type=2 8 2 2 8 2 2 2 10 2 2 2 2 2
left_child=8 2 3 -2 6 -6 -3 -4 11 -10 -11 13 -13 -1
right_child=1 4 7 -5 5 -7 -8 -9 9 10 -12 12 -14 -15
leaf_value=0.70344716890101811 -2.9411750143063617 -0.7945598666469772 3.8172441159003592 1.4193762450731917 -0.57853678256801921 1.5638752927128909 -0.11354536264664224 -0.80502835801252259 -2.7117738234211157 1.2562484064186636 7.5487844237503179 -0.67521276937237329 0.24959707268567427 -0.041587507580108256
leaf_weight=941 51 2147 25 791 384 448 3692 477 21 27 23 1139 10019 38215
leaf_count=941 51 2147 25 791 384 448 3692 477 21 27 23 1139 10019 38215
internal_value=7.67486e-05 -0.119776 0.510092 1.15015 -0.246783 0.575687 -0.364121 -0.563462 0.0191479 2.20651 4.2942 0.0159904 0.155101 -0.0236522
internal_weight=58400 8015 1344 842 6671 832 5839 502 50385 71 50 50314 11158 39156
internal_count=58400 8015 1344 842 6671 832 5839 502 50385 71 50 50314 11158 39156
is_linear=0
shrinkage=0.0940712


Tree=204
num_leaves=15
num_cat=0
split_feature=49 25 8 1 0 25 49 34 8 30 41 26 34 55
split_gain=14921.1 101173 121991 100363 86783.7 79344.7 77302.7 39165.8 92170.2 89918.9 50958.3 87612.8 52055.3 46853.1
threshold=359.46428571428578 25.500000000000004 2.5500000000000003 3.7750000000000004 198.50000000000003 3.5000000000000004 379.35714285714295 212.17857142857147 15.250000000000002 412.50000000000006 194.53676974801598 51.500000000000007 204.67857142857147 -57.499999999999993
decision_type=2 8 2 2 2 10 2 2 2 2 2 10 2 10
left_child=7 2 6 -3 -5 -4 -2 10 13 -10 12 -12 -1 -9
right_child=1 3 5 4 -6 -7 -8 8 9 -11 11 -13 -14 -15
leaf_value=-0.0002106483865449016 6.4005983491651683 5.4527154198571628 1.553417328950031 -0.14111332903303123 4.9926960271826042 -3.0624921719236244 -2.0000916534002449 -0.54313162390198011 1.6722890603535434 -3.6925436461146588 2.0667425076612735 0.12722265705655955 2.0159502401919935 -3.6133655876032309
leaf_weight=54506 23 28 37 2035 28 246 14.999999999999998 73 137 33 286 729 112 112
leaf_count=54506 23 28 37 2035 28 246 15 73 137 33 286 729 112 112
internal_value=8.89829e-05 -0.228924 -1.77964 0.0102243 -0.0676505 -2.45334 3.13328 0.00996337 -0.97281 0.606016 0.016264 0.676187 0.0039789 -2.41723
internal_weight=58400 2412 321 2091 2063 283 38 55988 355 170 55633 1015 54618 185
internal_count=58400 2412 321 2091 2063 283 38 55988 355 170 55633 1015 54618 185
is_linear=0
shrinkage=0.0940712


Tree=205
num_leaves=16
num_cat=0
split_feature=0 36 37 41 38 38 59 53 0 11 38 55 47 25 49
split_gain=15150.8 87638.8 88432.8 88027 84027.4 81369.4 81193.5 80139.7 53515.3 127877 160404 135206 23290.6 61976.8 22581.2
threshold=192.50000000000003 440.50000000000006 164.16071428571431 107.44529350673866 111.91525280104834 117.18714682473814 0.40999999999999931 172.50000000000003 189.50000000000003 18.500000000000004 106.27598343974309 225.50000000000003 92.166666666666671 112.50000000000001 211.6428571428572
decision_type=2 2 2 2 2 2 2 2 2 2 2 10 2 10 2
left_child=8 2 3 -2 6 -6 -3 -4 12 10 -10 -11 13 -1 -14
right_child=1 4 7 -5 5 -7 -8 -9 9 11 -12 -13 14 -15 -16
leaf_value=-2.4940327751378391 -1.4386980176347797 0.62059349611454973 -3.0329964126530231 0.08444914227099036 -3.3624169006619535 1.4184407590474233 8.0354097088248704 1.7146567980795702 4.1395470515880994 0.43935983255612632 0.23120068680524988 -3.4945352189525085 0.18439041629933778 0.67576484414458948 -0.018144823625410096
leaf_weight=112 418 24 179 1680 37 171 28 37 174 527 198 89 5405 104 49217
leaf_count=112 418 24 179 1680 37 171 28 37 174 527 198 89 5405 104 49217
internal_value=0.000108855 -0.222961 -0.40725 -0.219803 1.40937 0.548681 4.7334 -2.21269 0.0104023 0.696034 2.0693 -0.136205 -0.00196772 -0.973357 0.00189899
internal_weight=58400 2574 2314 2098 260 208 52 216 55826 988 372 616 54838 216 54622
internal_count=58400 2574 2314 2098 260 208 52 216 55826 988 372 616 54838 216 54622
is_linear=0
shrinkage=0.0940712


Tree=206
num_leaves=13
num_cat=0
split_feature=1 6 55 43 37 1 23 45 53 53 51 53
split_gain=15136.5 79572.4 75749.4 85778.9 60739 50478.5 100284 97742.6 40022.9 19397.2 81176.9 20141.2
threshold=-3.3849999999999993 5.5000000000000009 228.50000000000003 370.50000000000006 147.58928571428575 1.9850000000000001 4.5000000000000009 100.50000000000001 111.50000000000001 20.500000000000004 312.89285714285717 26.500000000000004
decision_type=2 2 10 10 2 2 10 8 2 2 2 2
left_child=1 4 3 -3 8 6 -2 -8 -1 10 -7 -11
right_child=5 2 -4 -5 -6 9 7 -9 -10 11 -12 -13
leaf_value=0.9372053401969741 7.3784660260882511 -1.8300436455321067 5.6342573165088972 2.6229996299193203 -7.2797753841246706 -0.16765251622075261 -3.7010930533043656 1.0708052595451016 -3.7171560704093096 0.29889441539566253 -4.7257606137748702 -0.011135962886508538
leaf_weight=30 19 109 20 57 21 276 40 443 33 1917 38 55397
leaf_count=30 19 109 20 57 21 276 40 443 33 1917 38 55397
internal_value=0.000108538 -0.700576 0.387909 -0.290039 -3.07537 0.00338395 0.941152 0.664704 -1.52977 -0.00480807 -0.740325 -0.000756213
internal_weight=58400 270 186 166 84 58130 502 483 63 57628 314 57314
internal_count=58400 270 186 166 84 58130 502 483 63 57628 314 57314
is_linear=0
shrinkage=0.0940712


Tree=207
num_leaves=16
num_cat=0
split_feature=24 34 53 50 38 59 35 47 24 27 53 50 27 24 27
split_gain=14949.2 67449.7 71652 83835 69892.4 70846.3 66238.2 54377.3 23050.4 102321 123104 90968.2 24561.2 109366 37624.9
threshold=3.5000000000000004 102.60714285714288 61.500000000000007 153.17015126282857 110.71904239619691 0.93500000000000238 125.37518419935618 220.16666666666671 4.5000000000000009 33.500000000000007 127.50000000000001 112.15125840535545 428.50000000000006 15.500000000000002 357.50000000000006
decision_type=8 2 2 2 2 2 2 2 8 10 2 2 8 8 10
left_child=1 2 3 -1 5 -3 -6 -4 9 10 -2 -11 14 -14 -10
right_child=8 4 7 -5 6 -7 -8 -9 12 11 -12 -13 13 -15 -16
leaf_value=-0.9085915312948486 8.4856965499257218 1.7769955781842419 -0.53882030493344368 6.7216622198314964 -1.7333759444168775 -0.63596820428569911 0.39526419511507926 -3.9291868474934111 0.0010870017478608151 -3.0992274351787974 0 1.0572821378361639 -2.9838662241927332 -0.14162050326652095 0.41132482089107403
leaf_weight=54 29 286 67 14.999999999999998 270 171 246 113 52083 62 30 173 124 2622 2055
leaf_count=54 29 286 67 15 270 171 246 113 52083 62 30 173 124 2622 2055
internal_value=8.91424e-05 -0.325262 -1.70164 0.860403 0.0289973 0.874748 -0.720184 -2.6834 0.0070534 0.835658 4.28357 -0.0520132 0.00274579 -0.271635 0.0166728
internal_weight=58400 1222 249 69 973 457 516 180 57178 294 59 235 56884 2746 54138
internal_count=58400 1222 249 69 973 457 516 180 57178 294 59 235 56884 2746 54138
is_linear=0
shrinkage=0.0940712


Tree=208
num_leaves=16
num_cat=0
split_feature=0 36 23 8 5 49 1 61 0 50 21 1 0 5 52
split_gain=14660 55016.8 73395 72395.6 70919.5 61948.5 57367 38037.4 25226.7 82940.1 81856 62006.7 44659.3 177381 40823.8
threshold=22.500000000000004 372.50000000000006 282.50000000000006 1.4500000000000002 33.82500000000001 339.30952380952385 136.19500000000002 1.8628011204481794 33.500000000000007 71.096513765194302 0.12053668025532312 102.84500000000001 38.500000000000007 97.425000000000026 100.82388627532171
decision_type=2 2 8 2 2 2 2 2 2 2 2 2 2 2 2
left_child=1 2 5 7 -5 -1 -4 -3 9 11 -11 -2 13 -10 -14
right_child=8 3 6 4 -6 -7 -8 -9 12 10 -12 -13 14 -15 -16
leaf_value=0.29048797968881862 4.9555309430335193 6.2797700246346215 -6.4691170287786361 0.57726281153141179 -2.2809363729514041 4.5284415416966946 0.28961977444089965 -0.22900515783743652 -0.68187924649611631 0.58961126546656184 -0.33410168002932666 0.57633465166531217 -0.31385257875872252 4.8755110885781638 0.026942605935125968
leaf_weight=495 55 15.000000000000002 23 104 286 31 20 14.999999999999998 1545 1849 1567 59 3320 51 48965
leaf_count=495 55 15 23 104 286 31 20 15 1545 1849 1567 59 3320 51 48965
internal_value=9.2753e-05 -0.358719 0.243931 -1.17335 -1.51916 0.553156 -3.42269 3.17105 0.00628567 0.249854 0.165886 2.72861 -0.00967608 -0.499623 0.00529161
internal_weight=58400 989 569 420 390 526 43 30 57411 3530 3416 114 53881 1596 52285
internal_count=58400 989 569 420 390 526 43 30 57411 3530 3416 114 53881 1596 52285
is_linear=0
shrinkage=0.0940712


Tree=209
num_leaves=16
num_cat=0
split_feature=26 56 57 38 26 56 37 32 26 31 34 57 2 9 56
split_gain=15329.9 92986.2 109575 98419.8 81292.7 53424 121941 50638.6 42388.1 91334.2 130993 58226.4 41340.1 85321.8 43157.6
threshold=158.50000000000003 -223.49999999999997 -91.499999999999986 77.401225661441472 224.50000000000003 -219.49999999999997 153.06203007518801 138.7117600634198 150.50000000000003 103.64285714285715 109.30952380952382 -127.49999999999999 99.335000000000022 1.5000000000000002 -79.499999999999986
decision_type=8 8 10 2 8 8 2 2 10 2 2 10 2 2 8
left_child=8 2 4 -4 -2 6 -3 -7 12 11 -11 -10 14 -14 -1
right_child=1 5 3 -5 -6 7 -8 -9 9 10 -12 -13 13 -15 -16
leaf_value=-0.15350894922252206 0.91692029262207941 -5.2446240081827105 -4.2118152667061786 1.4944605207388635 -0.42568427523572538 0.062893309916801324 2.3118254844627333 -0.37996299157576913 2.3699147169054924 3.3346943127312474 -0.48692247913185122 -2.4460172980722854 -3.7907500038546886 -0.040953043803583007 0.06513086747346232
leaf_weight=12126 661 49 26 1001 1002 15963 29 2665 23 86 847 263 77 170 23412
leaf_count=12126 661 49 26 1001 1002 15963 29 2665 23 86 847 263 77 170 23412
internal_value=0.000116531 0.0634998 0.580479 1.3437 0.10825 -0.0108794 -2.44335 -0.000483332 -0.0365299 -0.581683 -0.129544 -2.04752 -0.0179314 -1.2269 -0.00947162
internal_weight=58400 21396 2690 1027 1663 18706 78 18628 37004 1219 933 286 35785 247 35538
internal_count=58400 21396 2690 1027 1663 18706 78 18628 37004 1219 933 286 35785 247 35538
is_linear=0
shrinkage=0.0940712


Tree=210
num_leaves=16
num_cat=0
split_feature=56 58 6 35 1 34 5 1 56 58 58 26 56 38 43
split_gain=15132.1 78783.7 93929.7 105303 101547 83125.4 79457.7 47914.8 29672.2 94318.1 143752 108815 44359.6 133581 47528
threshold=284.50000000000006 1.1175364165925648 5.5000000000000009 79.636743960469744 168.84500000000003 83.178571428571431 16.015000000000004 217.93500000000003 196.50000000000003 0.99999998468958162 0.99999998589264327 18.500000000000004 154.50000000000003 112.08850374570254 74.500000000000014
decision_type=10 2 2 2 2 2 2 2 10 2 2 8 10 2 8
left_child=8 5 3 -3 -4 7 -7 -2 12 11 -11 -10 14 -14 -1
right_child=1 2 4 -5 -6 6 -8 -9 9 10 -12 -13 13 -15 -16
leaf_value=0.40994608192965948 -5.9250957084719724 4.4819991247697235 -1.3268303055859236 0.12438992381113266 0.13524876356113974 -1.666742314082658 0.74895908757089902 0.45630333310643373 2.5164102251259512 4.8358935498121038 0.32961876767613052 -1.0662596457464348 -0.83255187961228705 0.40039433163588722 -0.0092216435902812491
leaf_weight=2532 27 52 1236 588 636 132 1235 15.999999999999998 82 62 4429 737 1967 1284 43385
leaf_count=2532 27 52 1236 588 636 132 1235 16 82 62 4429 737 1967 1284 43385
internal_value=8.82977e-05 -0.178339 -0.494131 0.488689 -0.830332 0.384099 0.513967 -3.615 0.0129407 0.224167 0.393517 -0.703296 -0.00987488 -0.345596 0.0139029
internal_weight=58400 3922 2512 640 1872 1410 1367 43 54478 5310 4491 819 49168 3251 45917
internal_count=58400 3922 2512 640 1872 1410 1367 43 54478 5310 4491 819 49168 3251 45917
is_linear=0
shrinkage=0.0940712


Tree=211
num_leaves=16
num_cat=0
split_feature=50 61 71 25 0 5 5 64 50 25 57 71 59 53 20
split_gain=14268 102422 126750 85241 81377.6 79714 58539.8 55990.9 40422.2 74765.9 109779 75079.8 41695.9 81933 68697.3
threshold=93.591437335114719 13.355042016806726 417.50000000000006 264.50000000000006 90.500000000000014 101.37500000000001 54.765000000000008 10.919871794871797 99.527574543626173 292.50000000000006 -98.499999999999986 417.50000000000006 -0.84000000000000152 130.50000000000003 -0.40966402954315195
decision_type=2 2 2 10 2 2 2 2 2 8 8 2 2 2 2
left_child=1 2 5 6 -4 -1 -3 -5 9 11 -11 -2 13 -10 -14
right_child=8 3 4 7 -6 -7 -8 -9 12 10 -12 -13 14 -15 -16
leaf_value=0.15583730299642198 -0.7414552763880724 -0.60294977604050726 0.19790948534745642 5.0098753261939342 3.07279189570587 -3.5948708749451148 -2.7950392742155916 -0.40109860112781448 0.25375347843867652 -2.1825691138758252 2.0201800348309629 1.166766338445635 -0.26155506946161489 -0.13422158360765482 0.04062629904698975
leaf_weight=6069 2033 227 145 28 218 49 206 39 12542 71 227 199 10581 7818 17948
leaf_count=6069 2033 227 145 28 218 49 206 39 12542 71 227 199 10581 7818 17948
internal_value=8.96863e-05 0.126269 0.226462 -1.16885 1.93054 0.124867 -1.65242 1.92096 -0.0170421 -0.383572 1.01228 -0.570569 0.00193481 0.104771 -0.0714522
internal_weight=58400 6981 6481 500 363 6118 433 67 51419 2530 298 2232 48889 20360 28529
internal_count=58400 6981 6481 500 363 6118 433 67 51419 2530 298 2232 48889 20360 28529
is_linear=0
shrinkage=0.0940712


Tree=212
num_leaves=16
num_cat=0
split_feature=45 43 69 1 41 47 34 45 69 16 1 26 43 37 44
split_gain=15823.4 71819.8 110375 93468.8 83975.9 112428 94110.8 82800.5 56800.8 158346 186967 106213 75700.4 93167.8 58360.3
threshold=321.50000000000006 118.50000000000001 4.5000000000000009 138.82500000000002 141.10147108025026 338.83333333333343 159.17857142857147 468.50000000000006 1.0000000180025095e-35 -1.0000000180025095e-35 10.325000000000001 270.50000000000006 116.50000000000001 139.91071428571431 435.50000000000006
decision_type=10 10 2 2 2 2 2 10 2 2 2 8 10 2 10
left_child=8 4 7 -4 6 -6 -2 -3 9 11 -11 -1 13 -10 -14
right_child=1 2 3 -5 5 -7 -8 -9 12 10 -12 -13 14 -15 -16
leaf_value=-0.89991472114920656 0.51805866110550636 0.24792554918241233 -0.5782446165998214 -0.0058580617288944278 -0.5285422775337717 5.4550262082018754 3.5468045981067102 -0.51400993697340291 -0.54999290080853247 6.2391171636643987 0.035621646037547423 -3.5693792772574207 0.18365674042971447 0.3074392155303588 -0.19886322458181838
leaf_weight=752 2329 7173 6069 4323 1030 27 93 1530 3386 43 1224 159 24464 1675 4123
leaf_count=752 2329 7173 6069 4323 1030 27 93 1530 3386 43 1224 159 24464 1675 4123
internal_value=8.40765e-05 -0.0615985 -0.133229 -0.340185 0.331402 -0.367758 0.636619 0.113894 0.0389548 -0.426434 0.253678 -1.37127 0.0691011 -0.266183 0.128475
internal_weight=58400 22574 19095 10392 3479 1057 2422 8703 35826 2178 1267 911 33648 5061 28587
internal_count=58400 22574 19095 10392 3479 1057 2422 8703 35826 2178 1267 911 33648 5061 28587
is_linear=0
shrinkage=0.0940712


Tree=213
num_leaves=13
num_cat=0
split_feature=25 54 0 26 71 25 56 36 1 40 39 40
split_gain=13934.2 77442.7 72990.8 96058.1 86380.5 26173.2 131182 112118 76892.2 27358.9 88009.1 83134.1
threshold=12.500000000000002 583.50000000000011 181.50000000000003 82.500000000000014 108.50000000000001 17.500000000000004 166.50000000000003 235.50000000000003 49.915000000000006 131.68963813430824 482.50000000000006 135.1156230008157
decision_type=8 2 2 8 2 8 10 2 2 2 2 2
left_child=1 2 4 -4 -1 6 7 -2 -8 10 -7 -11
right_child=5 -3 3 -5 -6 9 8 -9 -10 11 -12 -13
leaf_value=-1.3493318466942819 4.4084251367546079 -5.3343224283826984 -3.0392081373547644 -0.10788695334459521 0.17057656664693757 -0.047844450034462915 -4.0941235657010839 0.61287011602426955 -0.52100488243478071 0.71078893613277494 -1.6066558927229331 0.025429267916784418
leaf_weight=370 72 24 168 238 3022 25796 68 1102 231 1668 323 25318
leaf_count=370 72 24 168 238 3022 25796 68 1102 231 1668 323 25318
internal_value=0.000100331 -0.173502 -0.138678 -1.32815 0.0042029 0.0122643 0.403201 0.851301 -1.35109 0.00140677 -0.0672212 0.0678346
internal_weight=58400 3822 3798 406 3392 54578 1473 1174 299 53105 26119 26986
internal_count=58400 3822 3798 406 3392 54578 1473 1174 299 53105 26119 26986
is_linear=0
shrinkage=0.0940712


Tree=214
num_leaves=14
num_cat=0
split_feature=29 23 24 2 1 29 38 6 40 57 29 31 32
split_gain=14577.4 87354.8 95562 110015 89631.9 58465.3 39713.5 63586.5 57889.7 31699.8 31698.1 70437.2 62872.7
threshold=30.664855018952043 286.50000000000006 129.50000000000003 47.675000000000004 149.74500000000003 20.420577856664725 60.178498743841438 6.5000000000000009 65.772237580270499 30.500000000000004 63.445514682547831 50.500000000000007 130.8002839659828
decision_type=2 10 8 2 2 2 2 2 2 8 2 2 2
left_child=1 2 4 -4 -1 -3 7 9 -9 -2 12 -12 -8
right_child=6 5 3 -5 -6 -7 10 8 -10 -11 11 -13 -14
leaf_value=-0.60520211246395128 -1.8932982538067291 0.46523180664677533 1.2189079210416902 0.014074242201289191 0.36882269233452636 7.3619604878245957 -0.067616815101904412 1.7006953636125324 -4.104674542940554 3.3390660468449069 -5.3453442698108713 0.03285118708820458 -0.73641578253159035
leaf_weight=2116 14.999999999999998 20 1155 1597 1380 23 11390 18 75 26 20 39170 1395
leaf_count=2116 15 20 1155 1597 1380 23 11390 18 75 26 20 39170 1395
internal_value=6.44946e-05 0.135314 0.105666 0.520187 -0.22069 4.28571 -0.016265 -1.6243 -2.97019 1.42259 -0.0120681 0.0298904 -0.140682
internal_weight=58400 6291 6248 2752 3496 43 52109 134 93 41 51975 39190 12785
internal_count=58400 6291 6248 2752 3496 43 52109 134 93 41 51975 39190 12785
is_linear=0
shrinkage=0.0940712


Tree=215
num_leaves=15
num_cat=0
split_feature=34 34 28 43 34 61 19 1 43 56 31 58 41 8
split_gain=14315.7 101106 86997 93426.2 84271.9 108314 86648.6 81665.4 58574.3 58451.8 49603.4 143958 58900.8 45415.8
threshold=113.89285714285715 112.65476190476191 209.83333333333334 477.50000000000006 115.80194805194806 28.029411764705888 0.25000000000000017 96.405000000000015 499.50000000000006 -19.499999999999996 66.785714285714292 1.245428844823993 95.498189783361411 18.850000000000005
decision_type=2 2 2 10 2 2 2 2 10 10 2 2 2 2
left_child=1 8 3 -3 5 6 -2 -4 9 -1 11 -6 -12 -7
right_child=4 2 7 -5 10 13 -8 -9 -10 -11 12 -13 -14 -15
leaf_value=-0.18896307293723558 -1.2454449294074308 1.1217470527277758 10.250093692008726 -4.2788851581432219 -0.61213278544769567 -2.1950950334076809 0.41073276144134269 1.1146049186089946 -4.5679778071243549 0.21733325153133717 -2.6899252991747242 3.6055025685759392 -0.0074953453888549158 -7.8138494184357485
leaf_weight=5802 718 710 15.999999999999998 28 164 29 456 18 23 6809 71 125 43407 24
leaf_count=5802 718 710 16 28 164 29 456 18 23 6809 71 125 43407 24
internal_value=6.30317e-05 0.085386 1.12937 0.908073 -0.0253583 -0.79376 -0.602361 5.6785 0.0214517 0.0303964 -0.00378585 1.22124 -0.0119751 -4.89255
internal_weight=58400 13406 772 738 44994 1227 1174 34 12634 12611 43767 289 43478 53
internal_count=58400 13406 772 738 44994 1227 1174 34 12634 12611 43767 289 43478 53
is_linear=0
shrinkage=0.0940712


Tree=216
num_leaves=16
num_cat=0
split_feature=40 46 46 36 30 44 64 64 40 5 40 53 32 43 46
split_gain=15446.4 83494.6 153394 102848 87423.8 68040 85841 75191.2 52354.1 131190 74945.2 91321.4 72205.1 66904.8 56460.6
threshold=111.53201197565876 297.50000000000006 211.50000000000003 274.50000000000006 142.50000000000003 183.50000000000003 87.500000000000014 56.833333333333336 131.68963813430824 96.535000000000011 132.9774770919222 66.500000000000014 158.56424264886246 164.50000000000003 341.50000000000006
decision_type=2 10 10 2 2 10 2 2 2 2 2 2 2 10 8
left_child=1 2 4 -4 -1 7 -7 -3 9 12 11 -10 -2 -11 -12
right_child=8 5 3 -5 -6 6 -8 -9 10 13 14 -13 -14 -15 -16
leaf_value=-0.28594990955458865 -0.23284403049528921 -0.6288226559936454 -0.081920021501751053 1.1113896702240571 0.40160293944603204 0.073716901964283099 -4.3257124759521099 3.270908433562707 2.8071677269105293 -0.65755241381813645 -0.089321499872764776 0.35298361930086963 -1.8272550341264737 1.9706157336259693 0.18302802274424582
leaf_weight=3968 10548 2483 878 2344 2783 4944 38 43 181 112 18302 509 256 354 10657
leaf_count=3968 10548 2483 878 2344 2783 4944 38 43 181 112 18302 509 256 354 10657
internal_value=3.89844e-05 0.0740563 0.252427 0.78629 -0.00247038 -0.162862 0.0387903 -0.560408 -0.0315805 -0.204156 0.034021 1.00183 -0.270894 1.3386 0.0109041
internal_weight=58400 17481 9973 3222 6751 7508 4982 2526 40919 11270 29649 690 10804 466 28959
internal_count=58400 17481 9973 3222 6751 7508 4982 2526 40919 11270 29649 690 10804 466 28959
is_linear=0
shrinkage=0.0940712


Tree=217
num_leaves=14
num_cat=0
split_feature=22 57 57 35 31 40 5 45 57 6 59 11 4
split_gain=14379.3 82217.2 55417.3 174653 187373 106352 54453.8 86914.4 82858.2 50026.6 100665 54575.4 38967.5
threshold=168.50000000000003 -261.49999999999994 112.50000000000001 116.81284928545519 180.92857142857147 131.27785637788878 70.165000000000006 377.50000000000006 -200.49999999999997 15.500000000000002 0.20000000000000021 9.5000000000000018 1.0000000180025095e-35
decision_type=2 8 8 2 2 2 2 10 10 2 2 2 2
left_child=2 12 9 5 -5 -4 8 -8 -3 11 -11 -1 -2
right_child=1 6 3 4 -6 -7 7 -9 -10 10 -12 -13 -14
leaf_value=-0.2931175859656992 0.49183913713996485 -1.7878987411920477 -0.71960502265622639 3.0314660621302543 -2.0364434460460141 1.1179704393845273 -0.094253283791584097 -0.89099018813149022 0.068204717742645166 0.78904035813912698 -0.17564868194148897 0.026204938661711231 6.5184305099230784
leaf_weight=5684 15.999999999999998 215 740 369 77 445 4622 1641 12363 2015 1821 28369 23
leaf_count=5684 16 215 740 369 77 445 4622 1641 12363 2015 1821 28369 23
internal_value=4.02512e-05 -0.0674889 0.0323057 0.568948 2.15218 -0.0288755 -0.0765972 -0.303201 0.0362497 0.00917913 0.331172 -0.0271025 4.16321
internal_weight=58400 18880 39520 1631 446 1185 18841 6263 12578 37889 3836 34053 39
internal_count=58400 18880 39520 1631 446 1185 18841 6263 12578 37889 3836 34053 39
is_linear=0
shrinkage=0.0940712


Tree=218
num_leaves=16
num_cat=0
split_feature=61 46 10 51 38 52 34 43 61 46 35 33 64 71 61
split_gain=14902.1 102667 93045.7 99209.3 76631.3 67973.3 69520.8 46262.6 21825 101597 98905 87962.7 38421.9 126622 64302.5
threshold=48.309523809523817 447.50000000000006 5.5000000000000009 334.25000000000006 107.03138910562767 128.45336306812251 116.15476190476191 338.50000000000006 5.3351449275362333 88.500000000000014 95.398182302881295 479.50000000000006 5.8360215053763449 75.500000000000014 5.0250156347717327
decision_type=2 10 2 2 2 2 2 10 2 8 2 2 2 2 2
left_child=8 2 4 -4 -2 7 -7 -3 12 10 -10 -11 14 -14 -1
right_child=1 5 3 -5 -6 6 -8 -9 9 11 -12 -13 13 -15 -16
leaf_value=-0.0038998695062847331 4.4865899170960803 -6.3325377036046344 -0.015558363064553399 5.0669922802998357 0.61775772683412145 -4.6369480925699467 2.6317250494730922 -0.64214856322338265 0.33435477894567728 -0.066361127287624944 -1.866988893570126 3.6884340080764786 -4.6489096023385752 0.95295999415497556 0.96239184612591344
leaf_weight=46280 90 39 766 34 91 15.999999999999998 33 19 269 8783 545 54 36 729 616
leaf_count=46280 90 39 766 34 91 16 33 19 269 8783 545 54 36 729 616
internal_value=5.14645e-05 0.344694 0.647647 0.209742 2.5641 -2.40105 0.185883 -4.53627 -0.00649816 -0.135493 -1.14012 -0.042755 0.0196232 0.680246 0.00882173
internal_weight=58400 1088 981 800 181 107 49 58 57312 9651 814 8837 47661 765 46896
internal_count=58400 1088 981 800 181 107 49 58 57312 9651 814 8837 47661 765 46896
is_linear=0
shrinkage=0.0940712


Tree=219
num_leaves=16
num_cat=0
split_feature=24 26 1 18 49 37 59 28 24 26 38 5 44 36 1
split_gain=14138.2 96587.8 110490 192703 98858.4 92370.2 94354.9 76109.4 47865.5 90060.4 130651 98064 57590.9 108786 49069.3
threshold=15.500000000000002 72.500000000000014 59.82500000000001 -0.93301270189221919 303.50000000000006 86.845238095238116 -1.2000000000000017 105.83333333333336 31.500000000000004 68.500000000000014 125.41148673254871 84.045000000000016 60.500000000000007 241.50000000000003 9.2150000000000016
decision_type=8 8 2 2 2 2 2 2 8 10 2 2 8 2 2
left_child=1 2 3 -1 -4 6 -3 -7 9 10 -2 -11 13 -10 -14
right_child=8 5 4 -5 -6 7 -8 -9 12 11 -12 -13 14 -15 -16
leaf_value=3.5543169387187192 1.1756044078359373 -0.67057738442136983 0.17524000581714033 -2.6006042852659412 -1.9339713940084005 -0.54258032956443103 9.0688340800303955 0.45164629692407188 4.0445621323877736 -0.25570165030484132 -1.2483103329480429 1.1150068648871525 0.51186900209597097 -1.2542820054664334 -0.02009479951145985
leaf_weight=49 1462 14.999999999999998 970 421 245 1045 19 1951 35 2518 226 564 1585 560 46735
leaf_count=49 1462 15 970 421 245 1045 19 1951 35 2518 226 564 1585 560 46735
internal_value=4.77476e-05 -0.156105 -0.726723 -1.94901 -0.251907 0.161389 4.9277 0.104718 0.0137687 0.298168 0.850147 -0.00438613 -0.0139708 -0.932603 -0.00262665
internal_weight=58400 4715 1685 470 1215 3030 34 2996 53685 4770 1688 3082 48915 595 48320
internal_count=58400 4715 1685 470 1215 3030 34 2996 53685 4770 1688 3082 48915 595 48320
is_linear=0
shrinkage=0.0940712


Tree=220
num_leaves=12
num_cat=0
split_feature=8 63 58 53 20 63 24 25 8 25 21
split_gain=13892.6 79988.3 82886.7 93537.9 82283.1 53504.7 41226 94688.3 52872.4 34554.4 25489.3
threshold=32.850000000000001 297.50000000000006 2.8143329728840571 152.50000000000003 0.78574730703237894 296.50000000000006 394.50000000000006 280.50000000000006 29.250000000000004 39.500000000000007 -0.12053668025532321
decision_type=2 2 2 2 2 2 10 8 2 10 2
left_child=5 2 4 -4 -2 6 8 -8 -1 -7 -11
right_child=1 -3 3 -5 -6 9 7 -9 -10 10 -12
leaf_value=-0.0096261279615072384 -0.18112169580807913 6.077271363701521 -1.887449380932499 0.93210353131178592 0.44899952873918603 0.43934289909452501 0.25496291036025526 2.7867232304875822 0.47203439074172471 -1.5485181265354375 -5.6720260864142578
leaf_weight=43610 8483 17 431 136 2338 26 1043 148 2113 28 27
leaf_count=43610 8483 17 431 136 2338 26 1043 148 2113 28 27
internal_value=7.21537e-05 -0.093055 -0.103109 -1.21023 -0.04492 0.0226778 0.0268903 0.572916 0.0126455 -2.36998 -3.67572
internal_weight=58400 11405 11388 567 10821 46995 46914 1191 45723 81 55
internal_count=58400 11405 11388 567 10821 46995 46914 1191 45723 81 55
is_linear=0
shrinkage=0.0940712


Tree=221
num_leaves=16
num_cat=0
split_feature=22 22 45 42 24 33 42 50 23 57 32 28 51 22 19
split_gain=13771.3 89368.4 166454 138499 91501.4 76302.1 74190 81960.6 64743.1 74547.2 61838.5 61786.9 153518 41142.1 37204
threshold=17.500000000000004 24.500000000000004 485.50000000000006 132.50000000000003 343.50000000000006 465.50000000000006 52.500000000000007 122.96524865513391 114.50000000000001 -192.49999999999997 60.752033072376541 18.416666666666668 247.59821428571431 6.5000000000000009 -0.9330127018922193
decision_type=2 2 10 2 10 2 2 2 10 10 2 2 2 2 2
left_child=5 2 4 -4 -2 6 7 -1 13 -10 -8 12 -3 -7 -13
right_child=1 11 3 -5 -6 8 10 -9 9 -11 -12 14 -14 -15 -16
leaf_value=2.9150813806039197 -0.62920376459182581 -2.0432175799984722 8.1210561832414037 -0.20414165723586625 -3.4525697516193454 1.2123577685085081 -0.81838124753336872 -3.4136345835941411 5.1313022144751717 -1.6604784434733189 0.25655343581856621 0.27522312018064388 8.7638413702258298 7.4196225694598752 -0.017174377933449815
leaf_weight=21 1873 22 33 36 106 14.999999999999998 526 95 20 41 4628 4195 22 28 46739
leaf_count=21 1873 22 33 36 106 15 526 95 20 41 4628 4195 22 28 46739
internal_value=7.08829e-05 -0.0144711 -0.62353 3.86728 -0.783096 0.143544 0.093331 -2.24334 2.64779 0.636806 0.14661 0.0100133 3.4727 5.37548 0.00691313
internal_weight=58400 53026 2048 69 1979 5374 5270 116 104 61 5154 50978 44 43 50934
internal_count=58400 53026 2048 69 1979 5374 5270 116 104 61 5154 50978 44 43 50934
is_linear=0
shrinkage=0.0940712


Tree=222
num_leaves=16
num_cat=0
split_feature=47 64 54 31 44 64 35 35 22 20 8 55 22 47 64
split_gain=14239.5 74581.9 87668.2 92685.5 87169.5 72284.2 164136 62371.5 57792.7 117618 111946 85931.9 62573.6 124045 51406.4
threshold=263.16666666666669 2.0397368421052637 272.50000000000006 150.07142857142858 157.50000000000003 1.9771421107628007 102.16826510923362 70.914454685006206 399.50000000000006 -0.70581670320594825 20.450000000000003 276.50000000000006 330.50000000000006 192.16666666666671 0.10459830866807612
decision_type=2 2 2 2 8 2 2 2 2 2 2 10 2 2 2
left_child=8 5 4 -4 -3 7 -7 -2 12 10 -10 -11 14 -14 -1
right_child=1 2 3 -5 -6 6 -8 -9 9 11 -12 -13 13 -15 -16
leaf_value=-1.893758506801507 0.71590601086732675 0.24021749015015467 -0.33792473670431922 0.64942896625890212 -1.11777257014264 4.8912217056550888 -0.58738774217790501 -0.014053089822325275 1.3521473939725492 5.0949000038061287 9.91325578409832 -1.1117489627298291 6.3249338252144094 -1.327036072940722 0.06962648259522651
leaf_weight=117 1080 549 3129 1149 1747 85 109 24511 30 23 24 99 18 463 25267
leaf_count=117 1080 549 3129 1149 1747 85 109 24511 30 23 24 99 18 463 25267
internal_value=0.000118981 -0.0415485 -0.324352 -0.0725682 -0.793064 0.030564 1.83228 0.0167898 0.0518999 1.74327 5.33101 0.106931 0.0402815 -1.02088 0.0604559
internal_weight=58400 32359 6574 4278 2296 25785 194 25591 26041 176 54 122 25865 481 25384
internal_count=58400 32359 6574 4278 2296 25785 194 25591 26041 176 54 122 25865 481 25384
is_linear=0
shrinkage=0.0940712


Tree=223
num_leaves=15
num_cat=0
split_feature=48 22 39 49 24 22 7 48 56 33 40 55 0 64
split_gain=14228.2 79988.4 122947 92342.4 72594.9 65295.8 46589.4 37329.5 77951.8 171356 88353.2 47211.8 51114.2 39633.5
threshold=195.99999999999989 352.50000000000006 369.50000000000006 362.78571428571433 16.500000000000004 12.500000000000002 204.50000000000003 178.1591049197078 -167.49999999999997 449.50000000000006 99.823584803285073 -349.49999999999994 79.500000000000014 0.34022143597877147
decision_type=2 2 2 2 8 2 2 2 10 2 2 8 2 2
left_child=7 3 -3 5 -4 -2 -5 11 9 -9 -10 12 -1 -13
right_child=1 2 4 6 -6 -7 -8 8 10 -11 -12 13 -14 -15
leaf_value=-0.29316439990128379 -0.98112690036111205 7.6616113962493975 4.9691819918039428 -6.242112304745727 0.59302132038222077 0.20946207867305325 -1.165290540000917 0.14260574029101353 -1.547663393533534 5.4261227287184948 -0.27448249288289139 -0.18151452486053299 7.250569752660847 0.04502300960433752
leaf_weight=15.000000000000002 455 24 35 28 418 3802 37 968 584 56 2745 8199 14.999999999999998 41019
leaf_count=15 455 24 35 28 418 3802 37 968 584 56 2745 8199 15 41019
internal_value=0.000165489 0.155321 1.30931 0.0275045 0.947321 0.0818659 -3.44925 -0.0137276 -0.277734 0.439492 -0.498493 0.00961321 3.6468 0.00727804
internal_weight=58400 4799 477 4322 453 4257 65 53601 4353 1024 3329 49248 30 49218
internal_count=58400 4799 477 4322 453 4257 65 53601 4353 1024 3329 49248 30 49218
is_linear=0
shrinkage=0.0940712


Tree=224
num_leaves=16
num_cat=0
split_feature=46 46 34 0 51 39 35 61 51 61 1 35 53 36 61
split_gain=14287.9 79460.1 131279 114473 110615 66347.6 125837 87586.7 70730.5 64166.9 101124 61219.3 110587 86202.9 57875.8
threshold=283.50000000000006 263.50000000000006 128.03571428571431 192.50000000000003 307.03571428571433 283.50000000000006 71.674324490610061 10.233687943262412 282.25000000000006 1.0236313545913147 10.325000000000001 101.90978553768636 198.50000000000003 287.50000000000006 1.0667595171773447
decision_type=10 10 2 2 2 2 2 2 2 2 2 2 2 2 2
left_child=1 11 3 -3 -4 6 8 -8 -2 10 -7 12 -1 -13 -11
right_child=5 2 4 -5 -6 9 7 -9 -10 14 -12 13 -14 -15 -16
leaf_value=-0.13210938653642562 -0.22193967872492074 1.5661679745388482 -0.47828253504360208 -4.1981127774635167 1.3638783657293576 6.4632481955299736 2.3075925619954902 -1.5246138645359182 -4.8078940057381621 -0.77941929010623778 0.55734894598638707 -2.4574062809261306 -2.7499629455488983 0.13182093001192133 -0.06990579732357817
leaf_weight=11798 184 969 1118 30 387 25 384 60 34 1060 779 113 143 16818 24498
leaf_count=11798 184 969 1118 30 387 25 384 60 34 1060 779 113 143 16818 24498
internal_value=0.000189188 0.0433732 0.551542 1.38666 -0.00357762 -0.0499442 0.87908 1.78592 -0.96686 -0.0733292 0.753318 -0.000722158 -0.163826 0.114308 -0.0993831
internal_weight=58400 31376 2504 999 1505 27024 662 444 218 26362 804 28872 11941 16931 25558
internal_count=58400 31376 2504 999 1505 27024 662 444 218 26362 804 28872 11941 16931 25558
is_linear=0
shrinkage=0.0940712


Tree=225
num_leaves=14
num_cat=0
split_feature=30 52 67 64 38 59 0 33 59 46 36 51 30
split_gain=14341.4 64048.3 55390.9 49140.1 59924.5 52297.8 46484.4 27671.9 110154 77793.1 23538 95746.6 28137.6
threshold=473.50000000000006 146.03866339650685 2.5000000000000004 0.25512303686906868 130.24558356014617 -3.5450000000000013 130.50000000000003 475.50000000000006 -4.3299999999999939 301.50000000000006 472.50000000000006 219.80194805194807 467.50000000000006
decision_type=2 2 2 2 2 2 2 2 2 8 2 2 2
left_child=7 3 6 4 -2 -5 -3 10 -9 -10 12 -12 -1
right_child=1 2 -4 5 -6 -7 -8 8 9 -11 11 -13 -14
leaf_value=0.003039252399440594 -5.3666634988891699 -6.41795331527066 1.4478332911861216 -3.3804036483388087 1.9113200856303847 1.5923573226673076 -1.1270817798143165 7.0619702472234875 -0.9199856626118057 2.092878030748766 6.4004341832365998 -0.61537731983841304 1.4537563698357223
leaf_weight=56775 25 35 19 20 14.999999999999998 143 26 22 174 132 15.999999999999998 881 117
leaf_count=56775 25 35 19 20 15 143 26 22 174 132 16 881 117
internal_value=0.000157724 -0.666038 -2.89284 0.226284 -2.66511 0.95515 -4.24926 0.00342173 0.862976 0.383297 -0.00147794 -0.47919 0.00606473
internal_weight=58400 283 80 203 40 163 61 58117 328 306 57789 897 56892
internal_count=58400 283 80 203 40 163 61 58117 328 306 57789 897 56892
is_linear=0
shrinkage=0.0940712


Tree=226
num_leaves=16
num_cat=0
split_feature=22 22 45 63 1 33 1 55 38 0 32 21 64 8 33
split_gain=14070.7 71567.9 137824 114504 75716.8 61520.8 69493 74374.8 60860.3 91462.1 61369.8 45593.7 43186.9 125966 37888.5
threshold=17.500000000000004 24.500000000000004 485.50000000000006 -72.499999999999986 61.465000000000011 465.50000000000006 124.88500000000001 -185.49999999999997 138.47498477737966 123.50000000000001 60.752033072376541 0.29696027566504685 5.8360215053763449 2.3500000000000001 229.50000000000003
decision_type=2 2 10 2 2 2 2 10 2 2 2 2 2 2 2
left_child=5 2 4 -4 -2 8 7 -7 10 -10 -1 -8 14 -14 -3
right_child=1 12 3 -5 -6 6 11 -9 9 -11 -12 -13 13 -15 -16
leaf_value=-0.80904300818998198 -1.6227159806177942 0.1631387413240234 7.3945172957942846 -0.17534184787669943 -0.33562491021127 9.2755710624217294 2.1207982488000745 2.1015108368553919 -4.6729232643619261 1.2067534750923445 0.25356196718460611 -3.7335700794269138 -4.2560753586675917 1.5521970214453715 -0.040740563815366677
leaf_weight=535 566 10069 33 36 1413 18 26 41 55 39 4641 19 35 346 40528
leaf_count=535 566 10069 33 36 1413 18 26 41 55 39 4641 19 35 346 40528
internal_value=0.000153492 -0.0145457 -0.559583 3.52675 -0.70479 0.145178 2.39384 4.47501 0.100082 -2.2523 0.143494 -0.390645 0.00736473 1.00311 -0.00016151
internal_weight=58400 53026 2048 69 1979 5374 104 59 5270 94 5176 45 50978 381 50597
internal_count=58400 53026 2048 69 1979 5374 104 59 5270 94 5176 45 50978 381 50597
is_linear=0
shrinkage=0.0940712


Tree=227
num_leaves=14
num_cat=0
split_feature=29 19 36 38 57 50 27 43 11 16 43 70 43
split_gain=14008.2 48249.9 74638.5 66870.2 48483.1 48207.3 26820.9 16712.9 71498.7 64525.8 54317.5 80813 42344
threshold=238.62907020697114 0.25000000000000017 473.50000000000006 134.71554147675153 -184.49999999999997 145.5759497090846 114.50000000000001 498.50000000000006 4.5000000000000009 -0.8783796973249266 497.50000000000006 8.5000000000000018 495.50000000000006
decision_type=2 2 2 2 10 2 8 10 2 2 10 2 10
left_child=7 4 3 -3 -2 -4 -6 10 -9 -10 12 -12 -1
right_child=1 2 5 -5 6 -7 -8 8 9 -11 11 -13 -14
leaf_value=-0.0010924444877125881 2.8630179652890515 4.5804549409959519 1.0024030088649911 -2.2762361136110911 -1.211926430877488 -5.4227020481480981 -4.1578536173326608 -4.8735530817380415 4.6119989218018347 0.49076789194060089 -0.80478190674278693 -6.9086729215805596 1.2708244288557877
leaf_weight=57556 14.999999999999998 46 19 15.999999999999998 60 20 52 17 39 200 107 22 231
leaf_count=57556 15 46 19 16 60 20 52 17 39 200 107 22 231
internal_value=0.000160033 -0.733242 0.794085 2.79655 -1.94376 -2.37132 -2.61915 0.00305631 0.759155 1.18936 -0.000303989 -1.9169 0.00402398
internal_weight=58400 228 101 62 127 39 112 58172 256 239 57916 129 57787
internal_count=58400 228 101 62 127 39 112 58172 256 239 57916 129 57787
is_linear=0
shrinkage=0.0940712


Tree=228
num_leaves=15
num_cat=0
split_feature=45 55 54 51 50 0 25 58 18 27 71 46 50 10
split_gain=13708.9 93344.1 69317.5 119682 71452.6 42157.7 37937.2 83852.7 106552 80500 33448.4 127671 46221.1 22353.1
threshold=106.50000000000001 388.50000000000006 415.50000000000006 274.30952380952385 164.43148812082936 59.500000000000007 4.5000000000000009 0.99999998656365496 0.93301270189221952 146.50000000000003 172.50000000000003 496.50000000000006 66.918392975352518 12.500000000000002
decision_type=10 10 2 2 2 2 8 2 2 8 2 10 2 2
left_child=1 2 4 -4 -1 -3 7 9 -9 -2 11 -8 -12 -7
right_child=6 5 3 -5 -6 13 10 8 -10 -11 12 -13 -14 -15
leaf_value=-0.031001646131151524 -4.1726443019411699 0.16395405299997315 -0.13161416886655886 2.0967751707398987 1.1205930726069433 -1.9696754492825548 0.086613723262063666 -0.52470603132879967 3.2427597661904404 0.025694772893064377 -0.84224953888655274 3.1479339552140928 -0.042289619735464613 -6.1962138053434632
leaf_weight=6830 100 23 441 411 511 20 14644 785 71 67 650 120 33696 31
leaf_count=6830 100 23 441 411 511 20 14644 785 71 67 650 120 33696 31
internal_value=0.000117112 0.112345 0.142687 0.94507 0.0493638 -3.17886 -0.0183898 -0.584939 -0.206735 -2.5029 -0.00656738 0.111835 -0.0574702 -4.6489
internal_weight=58400 8267 8193 852 7341 74 50133 1023 856 167 49110 14764 34346 51
internal_count=58400 8267 8193 852 7341 74 50133 1023 856 167 49110 14764 34346 51
is_linear=0
shrinkage=0.0940712


Tree=229
num_leaves=14
num_cat=0
split_feature=61 42 31 1 36 64 3 36 37 1 37 1 1
split_gain=13963.5 61025.8 57232.5 73945.9 54151.6 21016.4 15650.4 88824.8 76916.2 73586.2 49841.6 86440.6 82529.6
threshold=0.99676897379684737 194.50000000000003 143.78571428571431 103.92500000000003 337.50000000000006 0.27739580880621623 17.500000000000004 486.50000000000006 143.01785714285717 176.62500000000003 142.54910714285717 29.405000000000005 48.335000000000008
decision_type=2 2 2 2 2 2 2 2 2 2 2 2 2
left_child=1 2 4 -4 -1 -3 10 8 -8 -9 12 -12 -2
right_child=6 5 3 -5 -6 -7 7 9 -10 -11 11 -13 -14
leaf_value=0.58718938816042165 -0.38941806085174846 -1.0876467182302458 4.8730301712834985 -1.0227873175068773 -3.5621386150624641 -5.1924339783547362 0.26722143848970908 6.9336073624337233 -0.23456654269206026 -0.47864855911523591 0.66534179740815114 0.026097455446750087 -0.011003160708039668
leaf_weight=61 6591 19 38 35 49 29 7376 29 4265 19 2133 15222 22534
leaf_count=61 6591 19 38 35 49 29 7376 29 4265 19 2133 15222 22534
internal_value=9.55616e-05 -0.727377 0.0644325 2.08235 -1.284 -3.65562 0.00300611 0.100302 0.08336 4.0744 -0.021462 0.104723 -0.0966592
internal_weight=58400 231 183 73 110 48 58169 11689 11641 48 46480 17355 29125
internal_count=58400 231 183 73 110 48 58169 11689 11641 48 46480 17355 29125
is_linear=0
shrinkage=0.0940712


Tree=230
num_leaves=16
num_cat=0
split_feature=36 36 67 51 2 23 51 40 54 6 37 58 10 27 54
split_gain=13595.5 95134.6 118949 105896 92958.8 73863.7 86693.3 135722 89227.9 75409.5 142933 119358 38257.8 107213 98661.5
threshold=426.50000000000006 421.50000000000006 2.5000000000000004 333.03571428571433 27.445000000000004 65.500000000000014 266.58571428571435 209.15673672710665 477.50000000000006 8.5000000000000018 131.87500000000003 0.99999997539067353 20.500000000000004 95.500000000000014 108.50000000000001
decision_type=2 2 2 2 2 10 2 2 2 2 2 2 2 8 2
left_child=1 12 4 -4 -3 9 7 -7 -8 11 -11 -2 14 -14 -1
right_child=5 2 3 -5 -6 6 8 -9 -10 10 -12 -13 13 -15 -16
leaf_value=-0.42152681691256605 1.5796085115434835 2.2343972200932791 2.0188001880440232 8.4419598498527311 -0.19839933467424256 0.47374647586105839 -0.21121161797430277 4.2158193677149702 1.5646472280615291 1.6675474702161706 -0.57289283023576865 -1.2076709222173303 0.15579805030940197 -0.32804834292789353 0.1180230619728838
leaf_weight=3353 149 177 228 24 626 1372 4668 90 263 344 929 1416 7214 9244 28303
leaf_count=3353 149 177 228 24 626 1372 4668 90 263 344 929 1416 7214 9244 28303
internal_value=8.94175e-05 0.0197589 0.902761 2.67925 0.340985 -0.104652 0.0726449 0.708445 -0.116003 -0.503904 0.0337385 -0.94091 0.00036592 -0.115963 0.060852
internal_weight=58400 49169 1055 252 803 9231 6393 1462 4931 2838 1273 1565 48114 16458 31656
internal_count=58400 49169 1055 252 803 9231 6393 1462 4931 2838 1273 1565 48114 16458 31656
is_linear=0
shrinkage=0.0940712


Tree=231
num_leaves=13
num_cat=0
split_feature=56 36 35 27 44 44 36 24 36 31 8 24
split_gain=13917.3 65521.6 66616.9 58485.1 23035 19575.6 173667 186947 65992.6 28390 117396 35189.1
threshold=409.50000000000006 287.50000000000006 141.92577575646294 26.500000000000004 64.500000000000014 78.500000000000014 253.50000000000003 17.500000000000004 261.50000000000006 54.928571428571438 4.3500000000000005 15.500000000000002
decision_type=10 2 2 10 10 8 2 10 2 2 2 8
left_child=5 4 3 -3 -2 6 7 -1 -8 10 -7 -11
right_child=1 2 -4 -5 -6 9 8 -9 -10 11 -12 -13
leaf_value=6.1130742380748657 -1.7174365379201899 -3.6568493103960402 -4.9820824687669871 1.1792386916158759 -6.4011988796550856 -1.9499843979606994 -2.4928108411020471 0.92795273432786707 0.08385381082046868 -0.29995245094932665 1.2879879212101453 0.0026123980590768339
leaf_weight=83 20 24 20 164 19 123 89 229 3062 3646 484 50437
leaf_count=83 20 24 20 164 19 123 89 229 3062 3646 484 50437
internal_value=0.000130735 -0.702277 -0.0270015 0.536164 -4.16096 0.0031351 0.219983 2.3313 0.00983726 -0.0105994 0.628331 -0.0177907
internal_weight=58400 247 208 188 39 58153 3463 312 3151 54690 607 54083
internal_count=58400 247 208 188 39 58153 3463 312 3151 54690 607 54083
is_linear=0
shrinkage=0.0940712


Tree=232
num_leaves=12
num_cat=0
split_feature=1 46 48 37 1 70 57 64 34 1 37
split_gain=13769.3 74183.8 65179 58132.1 37499 80489.9 124226 122498 18235 79633.4 42170.8
threshold=-3.3849999999999993 447.50000000000006 42.000000000001883 155.26136363636365 1.9850000000000001 1.5000000000000002 236.50000000000003 1.9187617850408552 93.171428571428592 16.215000000000003 114.57518796992483
decision_type=2 10 2 2 2 2 10 2 2 2 2
left_child=1 2 -1 -4 5 7 -7 -2 9 -6 -10
right_child=4 -3 3 -5 8 6 -8 -9 10 -11 -12
leaf_value=3.5029252913060343 0.83767711746234363 3.7046401893361924 -1.0423595802150987 -5.2610875624644757 -2.0627887011312902 1.0318458335750615 8.3868724818933877 -5.7166655140426572 0.23947934492175943 -0.10321902487684231 -0.020093804876275934
leaf_weight=22 72 29 186 33 192 373 20 37 6266 3548 47622
leaf_count=22 72 29 186 33 192 373 20 37 6266 3548 47622
internal_value=8.80865e-05 -0.668202 -1.21538 -1.71137 0.00321217 0.811473 1.43818 -1.43536 -0.00384823 -0.20467 0.0100926
internal_weight=58400 270 241 219 58130 502 393 109 57628 3740 53888
internal_count=58400 270 241 219 58130 502 393 109 57628 3740 53888
is_linear=0
shrinkage=0.0940712


Tree=233
num_leaves=16
num_cat=0
split_feature=23 46 39 35 21 56 34 8 54 47 46 1 43 52 43
split_gain=14679.3 71737.8 124948 108986 103833 83811.2 118694 89134.7 53408.6 122474 124237 43257.9 41099 78511.8 59661.1
threshold=53.500000000000007 437.50000000000006 283.50000000000006 73.051257781071044 -0.98182534576205283 -258.49999999999994 162.10714285714289 7.1500000000000012 598.50000000000011 302.16666666666669 343.50000000000006 92.565000000000012 84.500000000000014 120.60860546414186 104.50000000000001
decision_type=8 10 2 2 2 10 2 2 2 2 10 2 8 2 8
left_child=1 5 3 -3 -4 6 -1 -7 12 11 -11 -10 13 -2 -14
right_child=8 2 4 -5 -6 7 -8 -9 9 10 -12 -13 14 -15 -16
leaf_value=0.4170936043451281 -2.738312921122442 -0.80194345585141136 -2.0370830129382389 7.8743157189478898 0.62358649840379499 -0.46592298707090957 3.4223896657000217 0.084402221481516923 -8.626125624426793 -1.9988320145009559 3.3640208983370594 -2.6792259073424916 0.66509137426187304 -0.27847845396203624 -0.026655086271833606
leaf_weight=1145 134 19 137 36 2058 3688 128 8854 22 121 54 24 1133 755 40092
leaf_count=1145 134 19 137 36 2058 3688 128 8854 22 121 54 24 1133 755 40092
internal_value=8.8395e-05 0.0766481 0.569031 4.93543 0.456134 -0.00359066 0.723197 -0.0774498 -0.0289627 -1.4824 -0.328179 -5.71587 -0.0212779 -0.653545 -0.00761606
internal_weight=58400 16065 2250 55 2195 13815 1273 12542 42335 221 175 46 42114 889 41225
internal_count=58400 16065 2250 55 2195 13815 1273 12542 42335 221 175 46 42114 889 41225
is_linear=0
shrinkage=0.0940712


Tree=234
num_leaves=15
num_cat=0
split_feature=46 46 34 1 51 49 49 51 47 32 49 24 33 31
split_gain=13620.7 65459.6 106072 108738 90479.3 64452.3 106704 72163.6 63404 134072 108701 97361.2 95295.6 74065.2
threshold=283.50000000000006 263.50000000000006 128.03571428571431 137.53500000000003 307.03571428571433 235.07142857142858 232.92857142857147 225.96428571428575 312.41666666666669 32.135499478604018 352.21428571428578 1.0000000180025095e-35 253.50000000000003 230.6428571428572
decision_type=10 10 2 2 2 2 2 2 2 2 2 10 2 2
left_child=1 5 3 -3 -4 6 -1 -7 10 -10 11 -2 -12 -11
right_child=8 2 4 -5 -6 7 -8 -9 9 13 12 -13 -14 -15
leaf_value=-0.16626206087712081 -2.9066514867959237 2.1159831547741539 -0.42486651447744145 0.1373920586503318 1.2412124568710543 -0.95672352414848183 -1.7881850900501099 0.10310070091617463 6.6776844104484239 -0.3383337037755218 4.3936240515872127 0.088297882619586265 -2.6900828227322315 1.117462874270251
leaf_weight=5832 95 563 1118 436 387 582 381 22077 23 8101 17 18277 191 320
leaf_count=5832 95 563 1118 436 387 582 381 22077 23 8101 17 18277 191 320
internal_value=7.14179e-05 0.0422351 0.503468 1.25414 0.00431235 0.00220405 -0.266168 0.0758093 -0.0488773 -0.262596 0.0482579 0.0725587 -2.0821 -0.282801
internal_weight=58400 31376 2504 999 1505 28872 6213 22659 27024 8444 18580 18372 208 8421
internal_count=58400 31376 2504 999 1505 28872 6213 22659 27024 8444 18580 18372 208 8421
is_linear=0
shrinkage=0.0940712


Tree=235
num_leaves=14
num_cat=0
split_feature=57 59 23 41 42 0 57 0 23 28 6 24 24
split_gain=13668.9 61387.7 97312.7 67480.8 66903.9 59920.1 34145 78254 64602.7 30970.4 19025.7 94992.4 56189.2
threshold=-322.49999999999994 -4.2799999999999994 52.500000000000007 92.815485093160945 152.50000000000003 108.50000000000001 -312.49999999999994 174.50000000000003 59.500000000000007 103.16666666666667 5.5000000000000009 415.50000000000006 411.50000000000006
decision_type=8 2 10 2 2 2 8 2 10 2 2 10 10
left_child=1 2 -1 -3 -4 -5 7 8 -2 -9 11 -8 -12
right_child=6 3 4 5 -6 -7 10 9 -10 -11 12 -13 -14
leaf_value=-2.7221095572809566 -0.61557560170440251 5.4392824198393059 0.034283277110689618 -1.3051326485999604 5.8597481854070423 0.098823558071038611 0.1132006034363066 -0.37214873402923565 3.03514498201092 -5.8496978663488877 -0.040161782359267158 -2.8318724977165761 1.1524123859227133
leaf_weight=28 62 14.999999999999998 28 544 45 530 14698 21 134 14.999999999999998 41833 96 351
leaf_count=28 62 15 28 544 45 530 14698 21 134 15 41833 96 351
internal_value=8.13068e-05 -0.315264 1.88553 -0.5219 3.67453 -0.61305 0.00665129 1.14174 1.88395 -2.80612 0.0019961 0.0937843 -0.0301935
internal_weight=58400 1190 101 1089 73 1074 57210 232 196 36 56978 14794 42184
internal_count=58400 1190 101 1089 73 1074 57210 232 196 36 56978 14794 42184
is_linear=0
shrinkage=0.0940712


Tree=236
num_leaves=16
num_cat=0
split_feature=26 63 42 49 8 8 29 41 26 28 39 41 28 32 51
split_gain=13393.5 82743 75669.5 141853 82089.9 62291.7 53615.1 39453.5 32880.1 101793 116552 104200 21084.2 68422.1 47411.5
threshold=1.5000000000000002 -18.499999999999996 262.50000000000006 245.07142857142858 48.850000000000001 16.450000000000003 61.147362984841934 146.28584374865167 8.5000000000000018 227.50000000000003 376.50000000000006 149.44571922158772 215.83333333333334 109.00698972761371 326.89285714285717
decision_type=8 2 2 2 2 2 2 2 8 2 2 2 2 2 2
left_child=1 5 3 -3 -4 7 -7 -1 9 11 -11 -2 14 -14 -10
right_child=8 2 4 -5 -6 6 -8 -9 12 10 -12 -13 13 -15 -16
leaf_value=-3.7833784878675898 -0.1878231524074887 -2.3983335125022607 -0.088472986370508544 5.2429462369323447 4.9652368235392901 3.3876738578893177 -1.2916435738840404 1.3585616407898504 0.0075862550604122135 7.1884294615144766 0.68842276745234665 -1.8489676709556293 -0.77653699626962958 0.00025542629977384459 0.41319490297375339
leaf_weight=77 1417 28 287 81 30 34 54 14.999999999999998 46717 28 143 436 1247 5110 2696
leaf_count=77 1417 28 287 81 30 34 54 15 46717 28 143 436 1247 5110 2696
internal_value=7.84753e-05 0.439458 1.1531 3.27276 0.411392 -1.24419 0.542406 -2.93499 -0.00453821 -0.376849 1.8089 -0.579976 0.00898155 -0.152255 0.0297314
internal_weight=58400 606 426 109 317 180 88 92 57794 2024 171 1853 55770 6357 49413
internal_count=58400 606 426 109 317 180 88 92 57794 2024 171 1853 55770 6357 49413
is_linear=0
shrinkage=0.0940712


Tree=237
num_leaves=15
num_cat=0
split_feature=51 53 64 27 63 50 38 26 38 50 44 51 70 10
split_gain=13356.6 68992.3 60638.4 123329 136494 94883.4 62227.9 127370 67691.1 58215.4 66299.5 60801.5 55982.4 33582.1
threshold=299.39285714285717 20.500000000000004 0.14236081790216543 294.50000000000006 92.500000000000014 99.527574543626173 117.18714682473814 103.50000000000001 106.8811923830428 183.48777044940218 453.50000000000006 321.32142857142861 6.5000000000000009 18.500000000000004
decision_type=2 2 2 10 2 2 2 10 2 2 10 2 2 2
left_child=2 12 3 5 -5 -1 8 -8 -4 10 -3 -11 13 -2
right_child=1 9 6 4 -6 -7 7 -9 -10 11 -12 -13 -14 -15
leaf_value=2.8551371165098662 1.5307752481962948 -0.13926819454439798 0.035935346949641025 9.5387782366633722 1.8611959399696378 0.08047058651834639 0.55065057655535565 -0.11287854513340564 -0.25194916650808308 -3.362903169438292 0.42605950143015442 1.8854808612152858 -6.2520993529185249 -3.9556941936223531
leaf_weight=119 23 11441 22247 24 110 1146 4953 5296 10704 86 2185 24 27 14.999999999999998
leaf_count=119 23 11441 22247 24 110 1146 4953 5296 10704 86 2185 24 27 15
internal_value=0.000103686 -0.0807623 0.0251322 0.634321 3.33125 0.344784 0.00537891 0.207806 -0.0575865 -0.0661048 -0.0485673 -2.20631 -3.10214 -0.702391
internal_weight=58400 13801 44599 1399 134 1265 43200 10249 32951 13736 13626 110 65 38
internal_count=58400 13801 44599 1399 134 1265 43200 10249 32951 13736 13626 110 65 38
is_linear=0
shrinkage=0.0940712


Tree=238
num_leaves=13
num_cat=0
split_feature=8 63 26 71 67 63 31 56 31 25 27 53
split_gain=13131.2 68658.3 71353.8 119376 70943 44015.8 36714.9 74618.8 50990.4 29891 37110 22360.6
threshold=32.850000000000001 297.50000000000006 330.50000000000006 327.50000000000006 1.5000000000000002 296.50000000000006 207.78571428571431 364.50000000000006 197.35714285714286 62.500000000000007 64.500000000000014 67.500000000000014
decision_type=2 2 8 2 2 2 2 10 2 10 10 2
left_child=5 2 4 -4 -2 6 8 -8 -1 10 -7 -11
right_child=1 -3 3 -5 -6 9 7 -9 -10 11 -12 -13
leaf_value=0.024391660790183928 0.068434384780323237 5.6262064585213141 0.079650640834114078 2.4025452763028188 -0.4253725785934992 3.2159391870862959 0.46724592634573392 -3.1177016009472625 -0.56749757195868755 -0.85299044046072703 -2.4584205131816912 -5.4806665580903386
leaf_weight=43231 5190 17 838 254 5106 14.999999999999998 2306 51 1326 14.999999999999998 25 26
leaf_count=43231 5190 17 838 254 5106 15 2306 51 1326 15 25 26
internal_value=0.000106132 -0.0904331 -0.0997481 0.622732 -0.17647 0.0220836 0.0259046 0.38761 0.00675515 -2.14806 -0.286621 -3.88398
internal_weight=58400 11405 11388 1092 10296 46995 46914 2357 44557 81 40 41
internal_count=58400 11405 11388 1092 10296 46995 46914 2357 44557 81 40 41
is_linear=0
shrinkage=0.0940712


Tree=239
num_leaves=15
num_cat=0
split_feature=49 59 25 10 1 1 57 1 34 59 63 41 59 34
split_gain=13725 83424 132780 98873.3 144086 134616 93870.1 45533 31336.8 55883.1 64751.1 40201 91213.9 43651.8
threshold=359.46428571428578 0.12000000000000278 26.500000000000004 19.500000000000004 11.485000000000001 50.725000000000001 -73.499999999999986 161.56000000000003 212.17857142857147 -4.2799999999999994 2.5000000000000004 194.53676974801598 3.6899999999999991 207.67857142857147
decision_type=2 2 8 2 2 2 10 2 2 2 2 2 2 2
left_child=8 2 7 5 -5 -3 -4 -2 11 -10 -11 13 -13 -1
right_child=1 3 6 4 -6 -7 -8 -9 9 10 -12 12 -14 -15
leaf_value=0.0018293309724649899 -4.2987440618217114 3.2730582134007267 0.80324337944650381 7.7933988235016267 -1.1599957756731594 0.30084888337566856 -1.0401000349501948 -0.92321022427421484 2.9848098527719999 1.2437815177100213 -1.9290921306634374 0.23646306963463362 2.7812920484325958 2.8834085957466913
leaf_weight=54573 112 173 381 14.999999999999998 407 595 676 53 29 72 254 871 144 45
leaf_count=54573 112 173 381 15 407 595 676 53 29 72 254 871 144 45
internal_value=9.35847e-05 -0.219549 -0.765071 0.340806 -0.813893 0.975817 -0.375335 -3.23406 0.00956403 -0.869513 -1.22536 0.0152 0.601344 0.00428815
internal_weight=58400 2412 1222 1190 422 768 1057 165 55988 355 326 55633 1015 54618
internal_count=58400 2412 1222 1190 422 768 1057 165 55988 355 326 55633 1015 54618
is_linear=0
shrinkage=0.0940712


Tree=240
num_leaves=16
num_cat=0
split_feature=32 53 55 44 1 32 26 24 45 35 58 35 5 57 27
split_gain=13709.6 85530.3 121151 99492.3 75675.4 65839.8 85657.3 95838.3 82562.4 58075.1 117513 92513.2 37685.6 112945 43646.4
threshold=134.38944828182181 185.50000000000003 3.5000000000000004 68.500000000000014 73.395000000000024 128.27611586463283 336.50000000000006 101.50000000000001 193.50000000000003 101.66094529936102 1.1564210622546731 108.81314006370066 11.465000000000002 76.500000000000014 1.0000000180025095e-35
decision_type=2 2 10 8 2 2 10 10 8 2 2 2 2 8 8
left_child=5 9 3 -3 -4 12 8 -8 -7 10 -2 -11 13 -1 -14
right_child=1 2 4 -5 -6 6 7 -9 -10 11 -12 -13 14 -15 -16
leaf_value=1.1389839329534661 -7.3005300658953285 -5.6138320595651949 -3.702541238557866 0.41817944134546642 -1.1559781995413305 -0.15748606970575954 -3.6276770613370029 0.54141253690831059 0.89602546810305961 1.2877113319869049 1.0160709819128158 -0.060748082700935867 1.3232758248779533 -1.0484536374607882 -0.028045127641988174
leaf_weight=770 27 24 158 452 300 970 93 100 2043 471 31 9529 211 285 42936
leaf_count=770 27 24 158 452 300 970 93 100 2043 471 31 9529 211 285 42936
internal_value=0.000118167 -0.0945284 -0.954865 0.0964198 -2.04436 0.0220679 0.433599 -1.47987 0.556912 -0.014488 -2.94322 0.00294285 -0.00779204 0.547269 -0.0213862
internal_weight=58400 10992 934 476 458 47408 3206 193 3013 10058 58 10000 44202 1055 43147
internal_count=58400 10992 934 476 458 47408 3206 193 3013 10058 58 10000 44202 1055 43147
is_linear=0
shrinkage=0.0940712


Tree=241
num_leaves=16
num_cat=0
split_feature=57 46 5 26 22 53 54 9 64 45 10 64 37 8 57
split_gain=13762.4 65081 98611.2 72357.7 95679 68400.3 63595.6 56642.1 41158.8 83855.2 122109 66346.4 121221 64618.9 37357.8
threshold=176.50000000000003 70.500000000000014 42.085000000000008 9.5000000000000018 230.50000000000003 107.50000000000001 373.50000000000006 1.5000000000000002 0.11292220113851993 349.50000000000006 11.500000000000002 0.12054247139311014 155.86607142857147 2.5500000000000003 160.50000000000003
decision_type=10 10 2 8 2 2 2 2 2 8 2 2 2 2 10
left_child=8 2 5 4 -3 -2 -5 -4 9 10 -1 12 -10 -11 -13
right_child=1 3 7 6 -6 -7 -8 -9 11 13 -12 14 -14 -15 -16
leaf_value=-2.3708558703959537 0.9711560310048748 -6.255357427355408 -1.8988561713092948 0.073609159792602394 -0.78996121872010305 4.9977515779495381 2.1401231234407301 1.0026229860221956 3.544757318291806 2.4436284879800469 1.4337690669757128 -0.0026760513744727436 -3.3833235194387101 -3.2253420868937108 -0.57090117285633779
leaf_weight=117 70 30 80 6412 287 81 133 219 104 19 200 49428 27 149 1044
leaf_count=117 70 30 80 6412 287 81 133 219 104 19 200 49428 27 149 1044
internal_value=6.60143e-05 0.120763 1.2147 0.0487456 -1.33571 3.16099 0.116122 0.220056 -0.0172095 -0.878288 0.0244042 -0.00892721 2.09285 -2.56687 -0.0144494
internal_weight=58400 7312 450 6862 317 151 6545 299 51088 485 317 50603 131 168 50472
internal_count=58400 7312 450 6862 317 151 6545 299 51088 485 317 50603 131 168 50472
is_linear=0
shrinkage=0.0940712


Tree=242
num_leaves=16
num_cat=0
split_feature=27 2 52 20 26 48 43 27 51 38 41 43 2 8 48
split_gain=13682.1 79088.7 69073 79246.8 74338.4 68831 69841.2 65177.5 97553 139224 110756 54304.7 41941.3 120169 58951.4
threshold=29.500000000000004 93.02500000000002 145.54706387243886 0.35460488704253579 24.500000000000004 64.82540654198182 491.50000000000006 44.500000000000007 270.25000000000006 80.01748734132029 145.57626323973838 420.50000000000006 95.615000000000023 1.0500000000000003 194.97777651141004
decision_type=10 2 2 2 8 2 8 8 2 2 2 10 2 2 2
left_child=1 2 3 -1 -4 11 -7 8 10 -10 -2 -3 14 -14 -9
right_child=7 5 4 -5 -6 6 -8 12 9 -11 -12 -13 13 -15 -16
leaf_value=0.31583129159100293 -0.43728338643514358 -3.5210141606198788 -2.2048924104923082 -0.29739130220670468 -0.32703609103831954 -0.7440655713201928 4.4671729450313871 -0.068868606880525512 5.7067538565039451 0.66637055711916637 1.3870433130991766 1.4460184306502661 -2.8792084600530532 0.55312734916676187 0.33342479761976535
leaf_weight=5202 1668 128 210 2905 1589 678 22 37610 48 2353 356 22 93 1992 3524
leaf_count=5202 1668 128 210 2905 1589 678 22 37610 48 2353 356 22 93 1992 3524
internal_value=5.48489e-05 -0.095766 -0.0209644 0.0960633 -0.548033 -0.965728 -0.570526 0.0216922 0.365488 0.770832 -0.11552 -2.78429 -0.0135165 0.39793 -0.0343892
internal_weight=58400 10756 9906 8107 1799 850 700 47644 4425 2401 2024 150 43219 2085 41134
internal_count=58400 10756 9906 8107 1799 850 700 47644 4425 2401 2024 150 43219 2085 41134
is_linear=0
shrinkage=0.0940712


Tree=243
num_leaves=14
num_cat=0
split_feature=49 5 2 57 46 64 49 58 41 58 41 51 31
split_gain=13508.1 39855.9 48815.6 49562.4 47407.1 33445.1 19484.9 74705.2 63473 59641 27148.6 52940.9 33137.3
threshold=408.35714285714295 81.305000000000021 54.485000000000007 -32.499999999999993 245.50000000000003 0.28339421593321823 359.46428571428578 2.5891934264838543 170.63379772405733 1.2036797958390468 224.11204061610189 317.32142857142861 207.78571428571431
decision_type=2 2 2 8 10 2 2 2 2 2 2 2 2
left_child=6 2 5 -4 -3 -2 10 9 -9 -8 12 -12 -1
right_child=1 4 3 -5 -6 -7 7 8 -10 -11 11 -13 -14
leaf_value=-0.0023198740374377161 5.016405914957657 6.2837747982889649 1.8751809820928822 -4.0029492910646498 -0.16847612520387989 0.29159363285366863 -0.60623966543110386 -4.2511659309001608 -0.32551594955921787 0.39350297482868518 -3.4956035677867678 0.47236494084612368 0.38646079928370225
leaf_weight=53860 18 21 18 36 18 42 1108 73 72 1006 55 62 2011
leaf_count=53860 18 21 18 36 18 42 1108 73 72 1006 55 62 2011
internal_value=6.05424e-05 0.878333 -0.0213413 -2.04367 3.41085 1.80237 -0.00226777 -0.273041 -2.32697 -0.130488 0.00866243 -1.41332 0.0116819
internal_weight=58400 153 114 54 39 60 58247 2259 145 2114 55988 117 55871
internal_count=58400 153 114 54 39 60 58247 2259 145 2114 55988 117 55871
is_linear=0
shrinkage=0.0940712


Tree=244
num_leaves=16
num_cat=0
split_feature=1 40 47 1 58 0 35 40 27 5 47 45 54 39 3
split_gain=13097.9 12974 74380.6 152617 71162.1 123885 78650.5 60934.6 3859.6 4443.44 3292.85 3388.73 2848.86 2636.52 1563.42
threshold=434.28000000000003 111.53201197565876 143.50000000000003 59.82500000000001 9.1799876696005605 83.500000000000014 139.1365445216139 131.68963813430824 93.500000000000014 89.565000000000012 246.16666666666671 435.50000000000006 375.50000000000006 366.50000000000006 12.500000000000002
decision_type=2 2 2 2 2 2 2 2 8 2 2 10 2 2 2
left_child=1 4 3 -3 6 -6 -1 -4 10 12 11 -2 -10 -12 -11
right_child=8 2 7 -5 5 -7 -8 -9 9 14 13 -13 -14 -15 -16
leaf_value=0.010315510863179582 -0.0053548816108757316 3.6608699608145687 -0.23895219869710316 -0.00061116934864668081 -1.7231440989660047 3.3425984686431294 1.3009928538540387 0.02280991900952584 0.82092845924407087 -0.97421428118670217 -0.1829282652829502 -1.3576559739654332 0.061449002423767704 0.58590874738379206 0.27488250957362587
leaf_weight=16667 82 145 10773 322 60 140 427 29188 295 18 53 19 52 144 14.999999999999998
leaf_count=16667 82 145 10773 322 60 140 427 29188 295 18 53 19 52 144 15
internal_value=5.93391e-05 -0.00477217 -0.0339436 1.14439 0.0634111 1.82067 0.0426793 -0.0477614 0.410645 0.608994 0.155438 -0.277776 0.708263 0.378616 -0.416021
internal_weight=58400 57722 40428 467 17294 200 17094 39961 678 380 298 101 347 197 33
internal_count=58400 57722 40428 467 17294 200 17094 39961 678 380 298 101 347 197 33
is_linear=0
shrinkage=0.0940712


Tree=245
num_leaves=12
num_cat=0
split_feature=37 43 29 48 37 47 24 43 37 53 71
split_gain=13133.8 57594.1 49665.7 47338.3 17993.6 97296.2 84466.7 78698.8 27641.5 71070 20483.3
threshold=188.87500000000003 487.50000000000006 206.71760087252764 189.84994074268221 167.76785714285717 193.50000000000003 47.500000000000007 88.500000000000014 167.19642857142858 175.50000000000003 54.500000000000007
decision_type=2 10 2 2 2 2 10 8 2 2 2
left_child=4 2 3 -2 8 7 -7 -6 10 -10 -1
right_child=1 -3 -4 -5 5 6 -8 -9 9 -11 -12
leaf_value=-0.43449491828510928 -0.10374512327818347 -4.5685249687166571 4.8408748212785397 -3.1889970648218982 1.6388224795345683 1.3702368190181162 0.12646746698463204 -2.3506103814210224 -1.766442979523974 3.6413853992865959 0.0029238424335838024
leaf_weight=963 472 27 14.999999999999998 47 54 587 2703 209 175 23 53125
leaf_count=963 472 27 15 47 54 587 2703 209 175 23 53125
internal_value=6.80394e-05 -0.452271 -0.231197 -0.392112 0.0044697 0.209517 0.348963 -1.52617 -0.0089539 -1.11405 -0.00487408
internal_weight=58400 561 534 519 57839 3553 3290 263 54286 198 54088
internal_count=58400 561 534 519 57839 3553 3290 263 54286 198 54088
is_linear=0
shrinkage=0.0940712


Tree=246
num_leaves=15
num_cat=0
split_feature=35 1 59 10 51 33 21 35 46 48 25 28 22 28
split_gain=13679 118336 91805.1 93001.9 87421.5 60785.8 79935.8 38732.7 121476 163768 74825 22719.3 73200.1 51616.3
threshold=146.29596072675258 11.485000000000001 4.4400000000000039 22.500000000000004 226.89285714285717 387.50000000000006 -0.1799261722714405 144.24246985474588 361.50000000000006 123.78139330793671 150.50000000000003 303.16666666666669 186.50000000000003 283.16666666666669
decision_type=2 2 2 2 2 2 2 2 10 2 10 2 2 2
left_child=7 5 4 -4 -3 -2 -7 11 9 -9 -10 13 -13 -1
right_child=1 2 3 -5 -6 6 -8 8 10 -11 -12 12 -14 -15
leaf_value=0.0044399428692447149 -9.0652354224319822 6.343540248813806 0.94460902250693979 8.1341778929613451 -0.32841777537476879 -6.2305487009544382 1.7306713356875887 -0.3901121290881116 -3.4270511285073764 3.8070814937065132 1.1069954176254835 4.9087507410574664 0.32201766049312058 -0.98290924001706492
leaf_weight=55230 15.999999999999998 15.999999999999998 56 21 1680 21 21 155 76 173 54 32 378 471
leaf_count=55230 16 16 56 21 1680 21 21 155 76 173 54 32 378 471
internal_value=5.94401e-05 -0.252887 -0.114159 3.0297 -0.259624 -4.37736 -2.32769 0.00825568 0.868363 1.83082 -1.55193 0.00120893 0.697578 -0.003934
internal_weight=58400 1831 1773 77 1696 58 42 56569 458 328 130 56111 410 55701
internal_count=58400 1831 1773 77 1696 58 42 56569 458 328 130 56111 410 55701
is_linear=0
shrinkage=0.0940712


Tree=247
num_leaves=12
num_cat=0
split_feature=32 53 56 30 31 46 11 46 24 33 32
split_gain=13483.4 70866.8 81806.6 81133.2 74068.8 67053.8 93182.8 55673 53601.5 65719.4 52870.3
threshold=134.38944828182181 185.50000000000003 -219.49999999999997 341.50000000000006 157.78571428571431 481.50000000000006 47.500000000000007 231.50000000000003 452.50000000000006 476.50000000000006 128.27611586463283
decision_type=2 2 10 2 2 8 2 8 10 2 2
left_child=8 5 4 -4 -3 7 -7 -2 9 10 -1
right_child=1 2 3 -5 -6 6 -8 -9 -10 -11 -12
leaf_value=-0.0050968215097863603 0.18026528532778249 3.2579389313298077 -2.3781298490531046 -0.43469671362987683 -0.78535192245275143 0.63045952119832827 5.7197478197203369 -0.2830628040694379 -4.9014239970299682 5.4753747528301915 0.39125171229615496
leaf_weight=44180 3992 72 334 441 87 640 32 5394 18 18 3192
leaf_count=44180 3992 72 334 441 87 640 32 5394 18 18 3192
internal_value=7.15554e-05 -0.093791 -0.876915 -1.27551 1.05866 -0.0209315 0.885691 -0.0859921 0.0218395 0.0238736 0.0216191
internal_weight=58400 10992 934 775 159 10058 672 9386 47408 47390 47372
internal_count=58400 10992 934 775 159 10058 672 9386 47408 47390 47372
is_linear=0
shrinkage=0.0940712


Tree=248
num_leaves=15
num_cat=0
split_feature=0 44 71 2 56 10 8 27 44 58 47 63 25 46
split_gain=13327.5 80692.7 93922.6 93739.6 63335.8 128986 65094.9 51985.6 78308.4 68596.4 101364 83682.7 66009.1 36223.9
threshold=124.50000000000001 82.500000000000014 544.50000000000011 93.02500000000002 284.50000000000006 13.500000000000002 32.250000000000007 18.500000000000004 494.50000000000006 0.99999998426807235 185.83333333333334 270.50000000000006 146.50000000000003 371.50000000000006
decision_type=2 8 2 2 10 2 2 10 10 2 2 2 8 8
left_child=7 2 3 -2 6 -6 -3 8 12 10 -9 -11 -1 -10
right_child=1 4 -4 -5 5 -7 -8 9 13 11 -12 -13 -14 -15
leaf_value=-0.56416706661250271 0.84809289569001378 0.017224305604358794 -5.2235384627469612 -1.5635864056024371 -1.9695727542527162 0.077283128785970018 -0.38910816567614004 -1.4596345488411369 -6.0976684828100005 0.10418021605868651 -0.08892780991151629 0.87294696756993095 0.16698168984691431 -0.37173682906886368
leaf_weight=2334 1611 17247 23 155 472 641 4372 540 28 23552 4036 1322 2052 14.999999999999998
leaf_count=2334 1611 17247 23 155 472 641 4372 540 28 23552 4036 1322 2052 15
internal_value=8.18924e-05 -0.0527368 0.555275 0.635157 -0.100628 -0.792175 -0.0649644 0.0383155 -0.262106 0.0835119 -0.251151 0.145096 -0.222131 -4.1861
internal_weight=58400 24521 1789 1766 22732 1113 21619 33879 4429 29450 4576 24874 4386 43
internal_count=58400 24521 1789 1766 22732 1113 21619 33879 4429 29450 4576 24874 4386 43
is_linear=0
shrinkage=0.0940712


Tree=249
num_leaves=16
num_cat=0
split_feature=58 16 61 23 24 1 1 5 58 31 51 37 63 65 63
split_gain=13005.7 112541 142451 120088 94862.9 85800.6 79106.1 33162.1 21928.3 73332.9 73367.9 62779.5 20785.8 77837.9 28871.5
threshold=-2.7037042878373483 1.0000000180025095e-35 10.233687943262412 370.50000000000006 67.500000000000014 98.555000000000021 121.19000000000001 12.055000000000001 -1.0000000180025095e-35 153.34285714285718 250.80952380952382 174.98214285714289 -152.49999999999997 1.5000000000000002 -126.49999999999999
decision_type=2 2 2 8 10 2 2 2 2 2 2 2 2 2 2
left_child=1 2 3 -1 6 -6 -3 -4 9 10 -2 -11 13 -10 -14
right_child=8 4 7 -5 5 -7 -8 -9 12 11 -12 -13 14 -15 -16
leaf_value=-0.34135686520969516 -1.4223641244654657 -2.2492680405048522 -0.83684256744596652 5.6998532068335193 3.8824156627226905 0.90768023368112394 1.5017362320055123 -5.8641385719397272 1.0562390206006891 -2.3356884350459004 0.94345774123224757 3.1257632057706006 0.27707503781906362 -1.999441072757475 -0.012318259491920749
leaf_weight=615 176 96 15.999999999999998 29 155 193 100 48 122 217 333 19 3236 182 52863
leaf_count=615 176 96 16 29 155 193 100 48 122 217 333 19 3236 182 52863
internal_value=3.40388e-05 0.299773 -0.481606 -0.0559911 1.31541 2.24442 -0.338108 -4.6591 -0.00653844 -0.513029 0.123318 -1.87781 0.000163319 -0.773604 0.00438002
internal_weight=58400 1252 708 644 544 348 196 64 57148 745 509 236 56403 304 56099
internal_count=58400 1252 708 644 544 348 196 64 57148 745 509 236 56403 304 56099
is_linear=0
shrinkage=0.0940712


Tree=250
num_leaves=16
num_cat=0
split_feature=35 34 45 58 34 18 36 35 63 0 3 40 35 35 46
split_gain=13605.8 78102.2 84948.1 78940.6 69749 105340 74764.5 64828.5 89443.7 110197 99981.2 49177.2 106679 86205 23233.1
threshold=118.90333362424261 121.43650793650795 485.50000000000006 1.7881773000335777 152.89285714285717 -0.93301270189221919 325.50000000000006 115.88238874812311 90.500000000000014 169.50000000000003 12.500000000000002 148.40011846602835 109.01422681627483 112.87633026436428 263.50000000000006
decision_type=2 2 10 2 2 2 2 2 2 2 2 2 2 2 10
left_child=7 2 3 -2 6 -6 -3 11 10 -10 -9 12 -1 -13 -4
right_child=1 4 14 -5 5 -7 -8 8 9 -11 -12 13 -14 -15 -16
leaf_value=-0.015249132254230829 -0.36512934327820129 3.6521314714484912 -7.2715797648305172 -2.7835300228668687 0.86421312113338289 -0.27466427306800145 0.1867324106486169 -0.66590298982922158 0.58314040148807367 2.6749660217700133 0.87507427285316808 -0.076942952373845033 0.50596097610940682 -0.90508276671414301 -2.5625558120987955
leaf_weight=24029 1013 54 19 134 782 8683 6697 922 1157 275 623 8654 4061 1275 22
leaf_count=24029 1013 54 19 134 782 8683 6697 922 1157 275 623 8654 4061 1275 22
internal_value=3.65001e-05 -0.0696456 -0.805385 -0.651173 -0.0156645 -0.18043 0.215308 0.0296232 0.452251 0.987417 -0.0441873 -0.0034837 0.0601222 -0.183424 -4.93446
internal_weight=58400 17404 1188 1147 16216 9465 6751 40996 2977 1432 1545 38019 28090 9929 41
internal_count=58400 17404 1188 1147 16216 9465 6751 40996 2977 1432 1545 38019 28090 9929 41
is_linear=0
shrinkage=0.0940712


Tree=251
num_leaves=15
num_cat=0
split_feature=25 36 46 52 44 46 21 59 45 61 55 63 46 7
split_gain=13022.1 97056.8 77438.8 74938.7 72337.9 56353.6 45989.3 124205 106967 96071.8 66110.3 126710 45298.7 34130.4
threshold=224.50000000000003 235.50000000000003 54.500000000000007 141.24506215218949 60.500000000000007 321.50000000000006 -0.91023613416931226 3.9600000000000031 154.50000000000003 1.1046881681932554 326.50000000000006 204.50000000000003 116.50000000000001 203.50000000000003
decision_type=10 2 8 2 10 10 2 2 10 2 10 2 8 2
left_child=6 5 3 -3 -4 13 7 9 -9 -1 12 -12 -8 -2
right_child=1 2 4 -5 -6 -7 10 8 -10 -11 11 -13 -14 -15
leaf_value=-0.73004381216615499 -2.3047749025657427 -0.65327345084338873 -1.5483911712375071 -5.7683088948378467 -0.0088945709045975107 -0.29775603226562725 0.25967041554388287 -2.910920445667704 -0.20739021705046912 0.53592065157680102 -3.852341876464108 -0.39445799817264404 -0.031877385164512093 -8.4361822574014287
leaf_weight=592 14.999999999999998 69 275 39 11567 25 5496 181 447 4998 99 1403 33173 21
leaf_count=592 15 69 275 39 11567 25 5496 181 447 4998 99 1403 33173 21
internal_value=1.84257e-05 -0.0872718 -0.0679048 -2.5574 -0.0448555 -3.7829 0.0226244 0.260664 -0.99208 0.401662 -0.0142268 -0.626222 0.00956566 -6.0868
internal_weight=58400 12011 11950 108 11842 61 46389 6218 628 5590 40171 1502 38669 36
internal_count=58400 12011 11950 108 11842 61 46389 6218 628 5590 40171 1502 38669 36
is_linear=0
shrinkage=0.0940712


Tree=252
num_leaves=16
num_cat=0
split_feature=57 16 35 0 0 35 23 30 57 25 29 23 7 25 38
split_gain=12948.9 51462.4 72654.9 78056.7 63796.5 56714.1 53047.1 35882.1 27227.5 67659.2 66291.9 49549.1 17904.5 85344.5 37099.3
threshold=-322.49999999999994 -0.8783796973249266 103.1630657283109 156.50000000000003 188.50000000000003 116.10649005322576 108.50000000000001 130.50000000000003 -312.49999999999994 274.50000000000006 127.74584117974941 57.500000000000007 207.50000000000003 51.500000000000007 99.498125530663444
decision_type=8 2 2 2 2 2 8 2 8 8 2 10 2 8 2
left_child=1 5 3 -3 -4 6 -1 -7 9 11 -11 -2 14 -14 -10
right_child=8 2 4 -5 -6 7 -8 -9 12 10 -12 -13 13 -15 -16
leaf_value=5.2866355325993819 -2.0233166636266042 -5.2999448846986192 0.35117734444372567 2.3716602688967252 -2.6671034851523432 -4.8599599165516585 -1.953522899648654 -1.5752234813929904 0.10362355740219169 6.7892325130598179 -0.76633552504362323 1.247047045452726 -0.32820408633996262 0.25980688330569163 -0.080514385515848622
leaf_weight=15.999999999999998 58 42 897 14.999999999999998 65 43 17 95 13950 29 14.999999999999998 130 2945 8442 31641
leaf_count=16 58 42 897 15 65 43 17 95 13950 29 15 130 2945 8442 31641
internal_value=-4.76933e-05 -0.306979 -0.0523638 -3.26954 0.143117 -1.80932 1.63345 -2.64256 0.00634265 1.01996 4.27271 0.229084 0.00218543 0.107695 -0.0241672
internal_weight=58400 1190 1019 57 962 171 33 138 57210 232 44 188 56978 11387 45591
internal_count=58400 1190 1019 57 962 171 33 138 57210 232 44 188 56978 11387 45591
is_linear=0
shrinkage=0.0940712


Tree=253
num_leaves=16
num_cat=0
split_feature=39 36 1 55 10 44 37 64 71 45 47 38 7 8 39
split_gain=13469.2 81440.2 109870 117470 86810.1 105668 80830.4 79626.3 75565.7 64254.2 63932.7 63408.3 94449.5 53204.9 48378.9
threshold=388.50000000000006 378.50000000000006 116.11500000000002 -51.499999999999993 30.500000000000004 313.50000000000006 97.017857142857153 3.7613871635610772 102.50000000000001 279.50000000000006 301.41666666666669 87.48263622107406 204.50000000000003 10.850000000000003 389.50000000000006
decision_type=2 2 2 8 2 10 2 2 2 8 2 2 2 2 2
left_child=1 4 3 -3 8 -6 7 10 -1 -4 -2 12 -8 -9 -13
right_child=6 2 9 -5 5 -7 11 13 -10 -11 -12 14 -14 -15 -16
leaf_value=-0.514052741067207 -3.9989841952085077 -2.4309966799129472 -0.68529540076816098 -0.46392754581916523 -2.290325504608842 0.71706550230684529 -0.98899357337506855 4.7008037937223861 0.078341858850803123 0.7849660391664135 1.26718090466275 0.98696193173138835 4.0736528786113739 -1.2552230744841728 0.029047633018642032
leaf_weight=2092 113 446 498 675 305 155 53 21 21213 554 24 472 81 31 31667
leaf_count=2092 113 446 498 675 305 155 53 21 21213 554 24 472 81 31 31667
internal_value=-5.132e-05 -0.0505924 -0.601626 -1.24895 -0.00016608 -1.27769 0.040329 -1.8914 0.0251286 0.0888638 -3.07165 0.0517366 2.082 1.21465 0.043167
internal_weight=58400 25938 2173 1121 23765 460 32462 189 23305 1052 137 32273 134 52 32139
internal_count=58400 25938 2173 1121 23765 460 32462 189 23305 1052 137 32273 134 52 32139
is_linear=0
shrinkage=0.0940712


Tree=254
num_leaves=16
num_cat=0
split_feature=26 8 21 45 29 46 64 8 46 19 1 24 1 50 52
split_gain=13395.2 61009.1 110990 110836 77056 70558.7 114932 58830.8 89477.4 100637 92919.3 73160.1 139789 69814.5 57682.7
threshold=158.50000000000003 8.7500000000000018 -0.85421994577343285 84.500000000000014 18.610033136274996 181.50000000000003 0.51887368540088219 24.150000000000002 359.50000000000006 -0.9330127018922193 103.92500000000003 394.50000000000006 61.465000000000011 163.79727597981733 162.85762839611152
decision_type=8 2 2 10 2 10 2 2 10 2 2 10 2 2 2
left_child=7 2 3 -2 -4 6 -3 11 9 -9 -10 13 -13 -1 -7
right_child=1 5 4 -5 -6 14 -8 8 10 -11 -12 12 -14 -15 -16
leaf_value=-0.029140899241444067 3.7298440132145299 2.3707596469297196 1.0761332296041788 0.40499357994394131 -0.39085037795813882 0.14076181645562452 0.27976445791100762 0.93049019490215945 -1.4078171587245967 -0.18382635307592998 -0.1526265030398718 3.111937886235344 0.15880177990421598 0.54833541831761112 -1.3358965100453875
leaf_weight=23178 95 327 333 1104 6000 12501 799 784 1026 8242 1062 196 504 2012 237
leaf_count=23178 95 327 333 1104 6000 12501 799 784 1026 8242 1062 196 504 2012 237
internal_value=-4.62639e-05 0.0591984 -0.156287 0.673044 -0.313448 0.17628 0.889561 -0.0343065 -0.215329 -0.0868784 -0.770053 0.0434058 0.990946 0.01701 0.113117
internal_weight=58400 21396 7532 1199 6333 13864 1126 37004 11114 9026 2088 25890 700 25190 12738
internal_count=58400 21396 7532 1199 6333 13864 1126 37004 11114 9026 2088 25890 700 25190 12738
is_linear=0
shrinkage=0.0940712


Tree=255
num_leaves=14
num_cat=0
split_feature=27 30 55 20 58 2 0 40 46 36 27 29 55
split_gain=15321.7 100827 67603.8 65791.9 54245 36790.6 32930.4 25882.8 68276.3 79481.7 22936.1 100054 34359.8
threshold=428.50000000000006 50.500000000000007 -395.49999999999994 0.78574730703237894 1.2603601380396807 53.425000000000004 127.50000000000001 48.88633645625584 110.50000000000001 249.50000000000003 357.50000000000006 34.597687784013338 300.50000000000006
decision_type=8 2 8 2 2 2 2 2 10 2 10 2 8
left_child=7 4 -3 -4 5 -2 -6 8 -1 -10 12 -12 -9
right_child=1 2 3 -5 6 -7 -8 10 9 -11 11 -13 -14
leaf_value=3.3779892693025055 4.0684764872196677 -5.1223781000036608 -0.3660789873368292 1.7751474579038646 8.913549756690001 -1.4425576049837421 2.5218522583440515 0.020922195358788295 -4.2834579339012002 0.059654865141963241 -1.3558809630786288 0.56989392324426535 -0.30543762734764202
leaf_weight=24 17 24 2582 132 16.000000000000004 24 14.999999999999998 50289 66 83 273 1830 3025
leaf_count=24 17 24 2582 132 16 24 15 50289 66 83 273 1830 3025
internal_value=-1.76273e-05 -0.214271 -0.306484 -0.26093 3.22274 0.904964 6.09391 0.010816 -1.13286 -1.88777 0.0144204 0.31902 0.00239399
internal_weight=58400 2810 2738 2714 72 41 31 55590 173 149 55417 2103 53314
internal_count=58400 2810 2738 2714 72 41 31 55590 173 149 55417 2103 53314
is_linear=0
shrinkage=0.0940712


Tree=256
num_leaves=15
num_cat=0
split_feature=44 28 10 48 44 47 51 31 10 10 31 51 58 44
split_gain=14173.8 83389.5 104449 91990.1 64882.9 91467.2 81817.9 64541.5 84985.9 81565.1 56117 45217.5 58685.5 49843.7
threshold=363.50000000000006 27.166666666666668 17.500000000000004 51.390660630118383 383.50000000000006 338.83333333333343 335.60714285714295 230.6428571428572 1.5000000000000002 15.500000000000002 65.071428571428584 342.32142857142861 1.2141862492613409 351.50000000000006
decision_type=8 2 2 2 8 2 2 2 2 2 2 2 2 10
left_child=7 2 3 -2 5 -3 -6 11 -9 -10 -4 13 -13 -1
right_child=1 4 10 -5 6 -7 -8 8 9 -11 -12 12 -14 -15
leaf_value=0.010177751737779083 -0.37700257527457093 -0.2513979461377801 4.0689823928925524 4.9250463974394671 -0.077725859580900433 -1.663267308921327 0.7828479444118529 6.4323262099127936 -0.6536977154149628 1.9954429366992912 -2.0298159887696201 -1.7000288992555548 0.19318317785316147 0.58043214027851686
leaf_weight=38051 41 2069 14.999999999999998 95 14085 504 1049 24 182 233 68 305 274 1405
leaf_count=38051 41 2069 15 95 14085 504 1049 24 182 233 68 305 274 1405
internal_value=1.52365e-06 -0.0696297 1.74821 3.33958 -0.092272 -0.528845 -0.017993 0.0308459 1.16324 0.835252 -0.871349 0.0183807 -0.805777 0.0305095
internal_weight=58400 17926 219 136 17707 2573 15134 40474 439 415 83 40035 579 39456
internal_count=58400 17926 219 136 17707 2573 15134 40474 439 415 83 40035 579 39456
is_linear=0
shrinkage=0.0940712


Tree=257
num_leaves=16
num_cat=0
split_feature=27 8 8 26 32 8 24 55 40 25 52 27 32 34 33
split_gain=12887.5 104295 103997 109606 90317.1 87631.8 99417.1 88810.1 22506.9 54010.3 55663.1 48410.1 19830.2 73226.4 48081.5
threshold=428.50000000000006 8.5500000000000025 9.4500000000000011 354.50000000000006 102.51712980900535 6.0500000000000007 5.5000000000000009 -10.499999999999998 48.88633645625584 57.500000000000007 131.40393641421801 9.5000000000000018 134.38944828182181 120.73214285714288 370.50000000000006
decision_type=8 2 2 8 2 2 8 10 2 10 2 10 2 2 2
left_child=8 5 4 -4 -3 6 -2 -7 9 10 -1 -11 14 -14 -10
right_child=1 2 3 -5 -6 7 -8 -9 12 11 -12 -13 13 -15 -16
leaf_value=-5.6263315252428878 5.7016044717008176 6.3714227450136072 -0.80314291173945618 0.72336427861349195 0.16219795994853198 -4.442273234851803 -0.6365204024566653 -0.88484302200537501 0.0065920020830926235 -4.6562308532302179 0.5994786856404497 0.81414090908187198 -0.79187406494610801 -0.013437401237282608 0.31959128581929713
leaf_weight=35 21 43 719 984 39 111 752 141 40050 14.999999999999998 19 104 1207 9290 4870
leaf_count=35 21 43 719 984 39 111 752 141 40050 15 19 104 1207 9290 4870
internal_value=3.21526e-05 -0.196461 0.237793 0.0786594 3.47798 -0.952033 -0.453024 -2.47001 0.00997214 -1.05651 -3.47821 0.0721779 0.0133334 -0.103063 0.0405385
internal_weight=58400 2810 1785 1703 82 1025 773 252 55590 173 54 119 55417 10497 44920
internal_count=58400 2810 1785 1703 82 1025 773 252 55590 173 54 119 55417 10497 44920
is_linear=0
shrinkage=0.0940712


Tree=258
num_leaves=16
num_cat=0
split_feature=49 29 57 0 18 49 1 23 49 44 64 52 39 38 23
split_gain=14693.1 64124.7 111003 108832 107076 100760 122345 89309.8 63585.3 118057 103571 37184.9 84795.4 51182.7 26211.2
threshold=308.15476190476198 114.01900426390911 276.50000000000006 127.50000000000001 -0.24999999999999994 316.07142857142861 80.795000000000016 8.5000000000000018 307.61904761904765 167.50000000000003 1.5527385537013265 157.01894090260473 468.50000000000006 115.97491917784127 156.50000000000003
decision_type=2 2 10 2 2 2 2 10 2 8 2 2 2 2 10
left_child=8 2 3 -2 -4 6 -3 -7 11 14 -11 13 -13 -1 -10
right_child=1 5 4 -5 -6 7 -8 -9 9 10 -12 12 -14 -15 -16
leaf_value=-0.02381619067676579 0.32712684836862221 -2.4373773383598176 -0.18217427681995577 -0.38217366673976594 4.7037106801671866 -1.9196786630399902 -0.37514262981882923 -0.048315933813840431 -5.655977325022306 3.9690205087159867 -1.0262236509270104 -0.1626290112314496 -2.1174829382740166 0.21283742811290621 -0.46363889563690375
leaf_weight=30762 4766 399 71 3197 88 235 701 4914 18 131 50 1864 218 10970 15.999999999999998
leaf_count=30762 4766 399 71 3197 88 235 701 4914 18 131 50 1864 218 10970 16
internal_value=2.09879e-05 -0.0825627 0.091723 0.0423206 2.54062 -0.309073 -1.12568 -0.134305 0.026981 1.63494 2.59145 0.0190297 -0.36881 0.038395 -3.34372
internal_weight=58400 14371 8122 7963 159 6249 1100 5149 44029 215 181 43814 2082 41732 34
internal_count=58400 14371 8122 7963 159 6249 1100 5149 44029 215 181 43814 2082 41732 34
is_linear=0
shrinkage=0.0940712


Tree=259
num_leaves=15
num_cat=0
split_feature=51 53 53 59 27 64 27 63 67 38 26 64 10 43
split_gain=13974.7 57532.2 48363.4 88484.2 64585.8 48256.6 97990.4 114090 85313.2 46325.4 90733.3 50705.3 31835.8 21015.2
threshold=299.39285714285717 20.500000000000004 102.50000000000001 -4.9599999999999991 3.5000000000000004 0.14236081790216543 294.50000000000006 92.500000000000014 1.5000000000000002 117.90125397044473 103.50000000000001 0.20857255339391753 16.500000000000004 304.50000000000006
decision_type=2 2 2 2 8 2 10 2 2 2 10 2 2 8
left_child=5 12 3 -3 -4 6 8 -8 -1 11 -11 -7 13 -2
right_child=1 2 4 -5 -6 9 7 -9 -10 10 -12 -13 -14 -15
leaf_value=1.1139697529821035 1.007075524522892 5.7576252961582597 -2.1287661229866499 0.10012406651737493 -0.19135201738470672 -0.64809264127145305 8.6472975829848888 1.6301871520906164 -0.43052490290137119 0.48829169111275567 -0.09020803229129401 -0.021980602583080145 -5.0808125280884511 -3.4173992572081069
leaf_weight=607 21 23 154 6285 7274 1185 24 110 658 4654 4949 32412 29 14.999999999999998
leaf_count=607 21 23 154 6285 7274 1185 24 110 658 4654 4949 32412 29 15
internal_value=3.145e-06 -0.0827128 -0.0693259 0.122192 -0.231975 0.0256041 0.569051 2.97304 0.310948 0.00798215 0.190177 -0.0440971 -2.84178 -0.898518
internal_weight=58400 13801 13736 6308 7428 44599 1399 134 1265 43200 9603 33597 65 36
internal_count=58400 13801 13736 6308 7428 44599 1399 134 1265 43200 9603 33597 65 36
is_linear=0
shrinkage=0.0940712


Tree=260
num_leaves=16
num_cat=0
split_feature=34 34 28 44 34 44 25 13 35 0 56 40 30 31 69
split_gain=13912.3 81484.3 70689.7 82221 66236.6 96164.6 101054 91692.1 61012.8 54160.1 44855.4 41428.8 91076.7 86158.5 20114.6
threshold=113.89285714285715 112.65476190476191 209.83333333333334 62.500000000000007 115.80194805194806 329.50000000000006 288.50000000000006 3.5000000000000004 135.41919045111632 194.50000000000003 151.50000000000003 79.058280994068966 150.50000000000003 66.785714285714292 3.5000000000000004
decision_type=2 2 2 8 2 10 10 2 2 2 10 2 2 2 2
left_child=1 8 3 -3 5 7 -7 -2 9 -1 -4 12 -6 -13 -10
right_child=4 2 10 -5 11 6 -8 -9 14 -11 -12 13 -14 -15 -16
leaf_value=0.073974069175937837 -0.69226498908860656 5.5220833549379167 8.7280827534401482 0.61079368787118382 -0.52399288087078333 -2.3836608646424717 3.1871391646065912 1.6026414081428555 -5.631089928527536 -1.0245187223912458 1.8225542571744404 2.4364189314610409 -5.9737551086940766 -0.0025006459821178923 -1.1583081644375992
leaf_weight=12188 642 30 14.999999999999998 708 559 354 30 201 20 409 19 127 27 43054 17
leaf_count=12188 642 30 15 708 559 354 30 201 20 409 19 127 27 43054 17
internal_value=1.93822e-05 0.0841316 1.02136 0.821847 -0.0250412 -0.706275 -1.93697 -0.14298 0.0267333 0.0381756 5.12212 -0.00591549 -0.790514 0.00475739 -3.70942
internal_weight=58400 13406 772 738 44994 1227 384 843 12634 12597 34 43767 586 43181 37
internal_count=58400 13406 772 738 44994 1227 384 843 12634 12597 34 43767 586 43181 37
is_linear=0
shrinkage=0.0940712


Tree=261
num_leaves=16
num_cat=0
split_feature=26 56 59 29 44 44 38 44 21 59 53 64 53 58 27
split_gain=13719.7 76482.1 81399.5 98788.6 68739.4 52771.2 138408 75822.8 36064.3 75543.9 111577 70547.7 85334.5 64907.6 58593.1
threshold=158.50000000000003 -223.49999999999997 4.7200000000000024 48.644972333565157 311.50000000000006 365.50000000000006 96.153027835179458 289.50000000000006 -0.61559370248597534 3.4500000000000068 28.500000000000004 56.833333333333336 148.50000000000003 1.4172751224365669 428.50000000000006
decision_type=10 10 2 2 10 10 2 10 2 2 2 2 2 2 10
left_child=8 2 4 -4 -2 7 -7 -3 9 14 -11 13 -13 -10 -1
right_child=1 5 3 -5 -6 6 -8 -9 11 10 -12 12 -14 -15 -16
leaf_value=-0.042867913837817018 3.2922183799718487 -0.036990261036431417 9.8852888168742687 1.5178216471844308 0.37223438075582677 1.0615186476403833 -0.56113962428387132 0.50750921586137721 -0.072876226894356272 -3.9565146415808816 -0.56522713451507511 0.58055303236758826 4.9625415344844939 0.25878464355750369 -2.2720351187548191
leaf_weight=9096 72 10666 15.999999999999998 46 2424 544 3157 2871 20421 89 1684 143 53 7014 104
leaf_count=9096 72 10666 16 46 2424 544 3157 2871 20421 89 1684 143 53 7014 104
internal_value=3.39391e-05 0.0637054 0.543541 3.86894 0.458521 -0.00753433 -0.322248 0.078526 -0.0326145 -0.176886 -0.738864 0.0246816 1.79597 0.0119211 -0.0684622
internal_weight=58400 19796 2558 62 2496 17238 3701 13537 38604 10973 1773 27631 196 27435 9200
internal_count=58400 19796 2558 62 2496 17238 3701 13537 38604 10973 1773 27631 196 27435 9200
is_linear=0
shrinkage=0.0940712


Tree=262
num_leaves=16
num_cat=0
split_feature=58 28 57 58 53 26 32 56 47 39 5 28 35 45 64
split_gain=14476.9 81295 104384 81361.6 72665 65069 90253 86675.8 55835.4 72018.8 122495 80327.3 55120.4 69275.8 46111.2
threshold=1.0849328870280119 55.833333333333336 -210.49999999999997 1.0636010806668501 120.50000000000001 64.500000000000014 122.49664718197032 -378.49999999999994 132.83333333333334 305.50000000000006 62.965000000000011 94.166666666666671 46.608116149019303 134.50000000000003 33.225000000000009
decision_type=2 2 10 2 2 10 2 8 2 2 2 2 2 8 2
left_child=1 2 4 -4 -1 7 -7 -3 9 10 -2 -11 13 -10 -14
right_child=8 5 3 -5 -6 6 -8 -9 12 11 -12 -13 14 -15 -16
leaf_value=2.6407081388480091 5.2897650785926524 -3.0157502510289067 -1.2283386679556629 0.88991683213531603 -0.39471090481919219 0.17646711185915509 -0.40678812304233031 0.42454288771953269 2.2685142361414958 0.20493897900785454 -1.8534379139152972 4.1240351344914705 -0.054874076105268926 -2.3634878770908649 0.8083576329002593
leaf_weight=134 66 64 1121 186 143 7572 3401 5716 33 994 30 47 38170 169 554
leaf_count=134 66 64 1121 186 143 7572 3401 5716 33 994 30 47 38170 169 554
internal_value=6.85e-05 0.0692975 -0.574514 -0.92609 1.0798 0.130225 -0.00432917 0.385624 -0.0316162 0.617719 3.06228 0.387914 -0.0506101 -1.59456 -0.042489
internal_weight=58400 18337 1584 1307 277 16753 10973 5780 40063 1137 96 1041 38926 202 38724
internal_count=58400 18337 1584 1307 277 16753 10973 5780 40063 1137 96 1041 38926 202 38724
is_linear=0
shrinkage=0.0940712


Tree=263
num_leaves=14
num_cat=0
split_feature=23 55 46 39 50 35 64 40 53 41 40 47 51
split_gain=14149.2 87169.2 62375.9 101057 91577.8 88173.9 76377.8 93985.5 86055.7 48453.2 69068.4 69030.3 25409.8
threshold=53.500000000000007 407.50000000000006 437.50000000000006 283.50000000000006 165.02380773328809 73.051257781071044 0.46233857459339717 65.772237580270499 85.500000000000014 98.15367361087057 87.327028703928463 214.50000000000003 297.6785714285715
decision_type=8 10 10 2 2 2 2 2 2 2 2 2 2
left_child=2 9 6 5 -5 -4 7 -1 -8 11 -11 -2 -3
right_child=1 12 3 4 -6 -7 8 -9 -10 10 -12 -13 -14
leaf_value=5.9693423025194772 0.14561654537894378 -2.2822614324617181 -0.70021358860062466 0.61533204847574074 -1.5851831796387141 7.1046591672150079 -0.22748524506901222 -0.40947816703533202 0.33877081195332248 0.75392678334732488 -0.018433271802663319 -0.82028580757778391 -7.1941852971284188
leaf_weight=19 1135 27 19 2014 181 36 3746 3567 6483 1051 38563 1544 14.999999999999998
leaf_count=19 1135 27 19 2014 181 36 3746 3567 6483 1051 38563 1544 15
internal_value=8.11479e-05 -0.0284405 0.0752456 0.534377 0.432822 4.4613 0.000407409 -0.373062 0.131385 -0.0241045 0.00208395 -0.411173 -4.23441
internal_weight=58400 42335 16065 2250 2195 55 13815 3586 10229 42293 39614 2679 42
internal_count=58400 42335 16065 2250 2195 55 13815 3586 10229 42293 39614 2679 42
is_linear=0
shrinkage=0.0940712


Tree=264
num_leaves=13
num_cat=0
split_feature=63 42 44 35 27 34 56 25 42 2 64 64
split_gain=15672.3 64291.2 102969 133981 118778 70787.9 137925 56237.9 55482.7 55218.6 91634.5 55324.3
threshold=116.50000000000001 260.50000000000006 347.50000000000006 139.1365445216139 79.500000000000014 182.82142857142858 75.500000000000014 399.50000000000006 318.50000000000006 92.705000000000013 0.084270135994273951 43.125000000000007
decision_type=2 2 10 2 8 2 10 10 2 2 2 2
left_child=1 5 4 -4 -3 7 -7 -1 -2 11 -11 -10
right_child=8 2 3 -5 -6 6 -8 -9 9 10 -12 -13
leaf_value=0.016577522020933041 -4.8239178324777789 0.038342748622614262 0.38307905182139046 -2.265577461930091 -0.88992458384361617 0.47634726875422373 4.636036780818392 -0.9382898867694075 0.097048550679753653 -5.085642406375678 -0.32907059400813371 2.1264716685476266
leaf_weight=25936 19 2010 2443 180 3100 1074 74 556 20992 35 1863 118
leaf_count=25936 19 2010 2443 180 3100 1074 74 556 20992 35 1863 118
internal_value=7.71543e-05 -0.0392388 -0.278979 0.200031 -0.524869 0.0278421 0.750523 -0.00351208 0.0604766 0.0648427 -0.420959 0.108555
internal_weight=58400 35373 7733 2623 5110 27640 1148 26492 23027 23008 1898 21110
internal_count=58400 35373 7733 2623 5110 27640 1148 26492 23027 23008 1898 21110
is_linear=0
shrinkage=0.0940712


Tree=265
num_leaves=14
num_cat=0
split_feature=56 8 8 3 24 46 23 53 9 34 25 49 46
split_gain=16208.8 68044.3 100861 121028 58588.6 49272.7 80686.5 168363 85412 41528.3 124598 60331.5 35634.5
threshold=-77.499999999999986 1.0000000180025095e-35 0.55000000000000016 17.500000000000004 376.50000000000006 76.500000000000014 208.50000000000003 112.50000000000001 5.5000000000000009 176.10714285714289 120.50000000000001 265.9285714285715 307.50000000000006
decision_type=10 2 2 2 10 8 10 2 2 2 10 2 10
left_child=1 12 3 -3 -4 6 8 -8 -2 11 -11 -7 -1
right_child=5 2 4 -5 -6 9 7 -9 -10 10 -12 -13 -14
leaf_value=-6.1722969656463658 -0.99668839705788559 0.52611305585064738 -0.13884804153774974 4.1985404993009796 0.47146517268930921 -0.040569430927502093 -1.0389021563681109 2.2651137609536121 0.91710638198911043 0.51642019442471887 -0.69302328410614611 0.21636108011804223 -0.31015787179677473
leaf_weight=23 1423 396 18438 98 1504 15292 274 269 240 1178 2087 17163 14.999999999999998
leaf_count=23 1423 396 18438 98 1504 15292 274 269 240 1178 2087 17163 15
internal_value=5.34013e-05 -0.0673932 -0.0598371 1.26584 -0.0927794 0.0364684 -0.394829 0.599464 -0.719817 0.0631242 -0.256584 0.0953017 -3.96506
internal_weight=58400 20474 20436 494 19942 37926 2206 543 1663 35720 3265 32455 38
internal_count=58400 20474 20436 494 19942 37926 2206 543 1663 35720 3265 32455 38
is_linear=0
shrinkage=0.0940712


Tree=266
num_leaves=16
num_cat=0
split_feature=57 26 6 50 54 52 8 59 57 25 52 28 52 39 52
split_gain=15506 53932.3 54182.3 86648 73710.5 47500.5 36677.4 29261.6 21266.2 55060.4 71572.1 65295.9 18771.2 127472 71177
threshold=-322.49999999999994 19.500000000000004 8.5000000000000018 95.308521571547445 218.50000000000003 137.49105864963715 7.1500000000000012 1.750000000000002 -312.49999999999994 274.50000000000006 142.28162368830348 124.50000000000001 148.49558767981111 465.50000000000006 145.79414962737843
decision_type=8 8 2 2 2 2 2 2 8 8 2 2 2 2 2
left_child=1 5 4 -4 -3 6 -1 -7 9 10 -2 -11 14 -14 -10
right_child=8 2 3 -5 -6 7 -8 -9 12 11 -12 -13 13 -15 -16
leaf_value=3.078167481366326 1.280419905761391 0.51893428693838051 5.2960830884334804 0.27165805089612055 -1.6227730524196109 -5.877824075569678 -1.813220242009137 -1.1780680784592465 0.007040667551836936 6.4609381803146428 -2.8466803190500061 -0.91351974748896747 0.28495929529677655 -0.9640386954844673 -0.53867552094874205
leaf_weight=17 139 242 31 457 341 34 49 19 47514 28 49 15.999999999999998 6439 813 2212
leaf_count=17 139 242 31 457 341 34 49 19 47514 28 49 16 6439 813 2212
internal_value=4.7472e-05 -0.335821 -0.123171 0.606964 -0.734535 -2.22224 -0.509427 -4.27725 0.0070449 0.90285 0.189486 3.83714 0.00337056 0.144743 -0.0172485
internal_weight=58400 1190 1071 488 583 119 66 53 57210 232 188 44 56978 7252 49726
internal_count=58400 1190 1071 488 583 119 66 53 57210 232 188 44 56978 7252 49726
is_linear=0
shrinkage=0.0940712


Tree=267
num_leaves=16
num_cat=0
split_feature=53 46 27 64 58 50 48 54 46 54 7 52 38 38 1
split_gain=14022.7 131236 83090.5 104225 81608.2 99438.4 84039.7 72915.6 62147.4 98101.5 75311.8 58177 102204 84728.1 55073.3
threshold=78.500000000000014 494.50000000000006 274.50000000000006 0.98441547927461148 2.5001873280992291 142.36698051967943 168.36072384417164 405.50000000000006 495.50000000000006 191.50000000000003 205.50000000000003 124.08324261831054 126.0048867351418 122.53864523772386 151.15500000000003
decision_type=2 10 8 2 2 2 2 2 10 2 2 2 2 2 2
left_child=1 4 7 -4 6 -6 -1 -3 11 10 -10 13 -13 -2 -11
right_child=8 2 3 -5 5 -7 -8 -9 9 14 -12 12 -14 -15 -16
leaf_value=0.19439275837719089 -0.24495317047367274 1.9395805083399613 11.849891221880018 1.4884457176480594 -1.2477034439811561 0.54097252729588985 -0.31499849288965143 -4.3776588987843201 2.5887325838092847 -2.9963642966847956 -3.4429944216026351 0.14925052592608409 -0.40727875700245508 0.47367576134333128 -0.31649912640172245
leaf_weight=13943 13248 215 14.999999999999998 19 878 399 3606 15.999999999999998 82 193 22 20630 3400 1629 105
leaf_count=13943 13248 215 15 19 878 399 3606 16 82 193 22 20630 3400 1629 105
internal_value=4.64326e-05 0.0661906 2.13888 6.38281 0.0368332 -0.688753 0.0896962 1.47503 -0.0320756 -1.19346 1.27954 -0.0200252 0.0704807 -0.166215 -2.05911
internal_weight=58400 19091 265 34 18826 1277 17549 231 39309 402 104 38907 24030 14877 298
internal_count=58400 19091 265 34 18826 1277 17549 231 39309 402 104 38907 24030 14877 298
is_linear=0
shrinkage=0.0940712


Tree=268
num_leaves=15
num_cat=0
split_feature=41 38 46 56 61 26 61 34 25 51 58 36 56 36
split_gain=14381.3 129204 87311.3 82253.1 72359.1 67151.2 43257.8 28493.3 97465.5 89510.9 73436.5 30896.6 85536.2 46736.5
threshold=82.857489181270282 118.78721082239902 110.50000000000001 -9.4999999999999982 2.8980241778239964 69.500000000000014 16.945588235294121 93.171428571428592 220.50000000000003 292.59821428571433 1.6176015702262649 186.50000000000003 -110.49999999999999 212.50000000000003
decision_type=2 2 8 10 2 10 2 2 10 2 2 2 10 2
left_child=1 2 3 -1 -4 -3 -7 8 9 -2 -10 12 -9 -13
right_child=7 5 4 -5 -6 6 -8 11 10 -11 -12 13 -14 -15
leaf_value=3.9856270401686889 -0.31042643365816608 0.7568355378933177 0.97957272035745646 -0.040923108803623848 -0.67156631344598805 10.037167175557636 2.9433675342560051 0.34699414128712763 -4.051208837179777 2.3818363859801148 2.0806439129879575 1.016938838598096 -4.574511854758466 0.00329327418652158
leaf_weight=91 2371 25 328 87 816 19 14.999999999999998 87 95 113 20 404 47 53882
leaf_count=91 2371 25 328 87 816 19 15 87 95 113 20 404 47 53882
internal_value=5.66408e-05 0.299844 0.10498 2.03365 -0.197363 4.54877 7.17775 -0.00721002 -0.31141 -0.186482 -2.97013 0.00732424 -1.41108 0.0108682
internal_weight=58400 1381 1322 178 1144 59 34 57019 2599 2484 115 54420 134 54286
internal_count=58400 1381 1322 178 1144 59 34 57019 2599 2484 115 54420 134 54286
is_linear=0
shrinkage=0.0940712


Tree=269
num_leaves=14
num_cat=0
split_feature=56 44 30 23 50 26 10 47 44 1 35 22 29
split_gain=14006.4 59911.2 91004.8 88677.8 88350.6 62200.8 77460.7 67465.4 53601 75109.9 49284.3 110915 50589.5
threshold=-77.499999999999986 241.50000000000003 369.50000000000006 244.50000000000003 138.20137136277108 136.50000000000003 5.5000000000000009 397.41666666666669 498.50000000000006 86.655000000000015 70.914454685006206 51.500000000000007 65.046137471797635
decision_type=10 8 2 10 2 10 2 2 8 2 2 2 2
left_child=1 2 3 -1 -4 6 -3 -7 10 -10 11 -2 -12
right_child=8 5 4 -5 -6 7 -8 -9 9 -11 12 -13 -14
leaf_value=-0.63559135530604671 -0.69942897248306035 0.37723172438788483 -5.765721817647413 1.2598658781398098 -1.1455452464900102 0.22907179757467325 -0.26434840390291697 -3.0615812779670937 -6.8911033571834315 0.62283366852700284 -0.1642269750891919 0.8566412525443412 0.082764634214516464
leaf_weight=1503 537 2029 53 254 115 7210 9256 54 22 23 10321 1639 25384
leaf_count=1503 537 2029 53 254 115 7210 9256 54 22 23 10321 1639 25384
internal_value=8.95595e-05 -0.0626074 -0.561909 -0.360628 -2.64352 -0.0107406 -0.148947 0.203939 0.0339404 -3.15584 0.0378629 0.472345 0.0113609
internal_weight=58400 20474 1925 1757 168 18549 11285 7264 37926 45 37881 2176 35705
internal_count=58400 20474 1925 1757 168 18549 11285 7264 37926 45 37881 2176 35705
is_linear=0
shrinkage=0.0940712


Tree=270
num_leaves=15
num_cat=0
split_feature=48 23 20 1 52 55 49 1 48 44 40 23 44 22
split_gain=13800.3 75813.8 78411.7 165080 81639.2 72294.4 78001.5 66246.1 44153 187994 99368.9 28020.3 126365 42083.8
threshold=194.97777651141004 6.5000000000000009 0.8542199457734333 30.285000000000004 142.69514303616992 44.500000000000007 233.58571428571432 166.02000000000001 191.75244393547817 475.50000000000006 97.255940511623223 8.5000000000000018 285.50000000000006 1.0000000180025095e-35
decision_type=2 8 2 2 2 10 2 2 2 10 2 8 8 2
left_child=8 5 4 -4 -3 7 -7 -2 11 10 -10 12 -1 -13
right_child=1 2 3 -5 -6 6 -8 -9 9 -11 -12 13 -14 -15
leaf_value=0.97897322430068223 -6.0004296913828643 0.83971124388291707 3.4717543107207867 -1.0704555298780216 -0.0098979780167162967 3.3705197491736945 -1.5588335827205209 0.77035049460524652 -3.8775819751327991 7.5006051853986708 -0.58341272720040971 -1.2525849036909602 -0.40000803298569904 -0.013028942447086238
leaf_weight=1216 46 1921 77 718 2087 35 126 17 93 22 574 242 1136 50090
leaf_count=1216 46 1921 77 718 2087 35 126 17 93 22 574 242 1136 50090
internal_value=4.22986e-05 0.149025 0.228134 -0.624417 0.397449 -1.53652 -0.464377 -4.19699 -0.0139914 -0.761315 -1.05089 -0.00419321 0.313057 -0.01903
internal_weight=58400 5027 4803 795 4008 224 161 63 53373 689 667 52684 2352 50332
internal_count=58400 5027 4803 795 4008 224 161 63 53373 689 667 52684 2352 50332
is_linear=0
shrinkage=0.0940712


Tree=271
num_leaves=14
num_cat=0
split_feature=45 64 43 52 1 1 45 44 44 52 52 31 48
split_gain=13007.5 75731.3 67825.9 64308 94155 59895.5 25304.9 86738.7 103113 96027.1 19811.1 103458 34527
threshold=52.500000000000007 0.32881309184517798 236.50000000000003 140.40396976105106 22.505000000000006 34.07500000000001 58.500000000000007 159.50000000000003 92.500000000000014 159.08060884294954 157.01894090260473 207.78571428571431 235.74845351207156
decision_type=8 2 10 2 2 2 8 10 10 2 2 2 2
left_child=1 2 -1 4 -3 -5 7 8 -2 -9 12 -12 -8
right_child=6 3 -4 5 -6 -7 10 9 -10 -11 11 -13 -14
leaf_value=6.8084739545363666 1.5387241886390444 3.6547663800147632 -0.30574939930097728 -3.8609393985280938 -3.1726806281516953 1.3767697553502682 0.0047032441612337092 0.77928407833410118 -2.7871595295143754 5.3806049910434544 -0.40032431872848567 2.1720691551214486 1.5481579531394227
leaf_weight=20 78 19 26 22 146 106 54545 527 125 42 2472 145 127
leaf_count=20 78 19 26 22 146 106 54545 527 125 42 2472 145 127
internal_value=4.29531e-05 -0.579632 2.90671 -1.13991 -2.35884 0.439883 0.00344517 0.537887 -1.12532 1.13294 -0.00376899 -0.256537 0.00833502
internal_weight=58400 339 46 293 165 128 58061 772 203 569 57289 2617 54672
internal_count=58400 339 46 293 165 128 58061 772 203 569 57289 2617 54672
is_linear=0
shrinkage=0.0940712


Tree=272
num_leaves=16
num_cat=0
split_feature=2 27 48 23 48 1 28 2 31 28 0 2 64 55 26
split_gain=13102.5 75346.7 94969.7 95497.4 71544.3 59001.5 85555.1 51755.3 118228 111315 93668 68918.9 95645.6 43885.6 34042.8
threshold=95.615000000000023 25.500000000000004 38.682468035704737 240.50000000000003 217.03263957697922 146.98500000000004 125.83333333333336 91.745000000000019 148.07142857142858 122.50000000000001 196.50000000000003 87.545000000000016 27.414285714285715 -65.499999999999986 3.5000000000000004
decision_type=2 10 2 10 2 2 2 2 2 2 2 2 2 8 8
left_child=7 5 3 -3 -4 6 -2 11 10 -10 -9 14 -13 -7 -1
right_child=1 2 4 -5 -6 13 -8 8 9 -11 -12 12 -14 -15 -16
leaf_value=0.52158013324555885 -0.024165417713161826 1.5768907469016069 0.34194325982841095 7.7672679770346278 -2.836576241163467 2.5827925186808773 -3.1917966947169902 -0.061535658980179347 0.74981192576514977 -1.7631968432030443 4.2611799500345118 0.54516089046356575 -3.7112220512322978 -0.60674074338645456 -0.025768356168042163
leaf_weight=1025 145 139 2138 25 63 58 156 1680 195 762 44 2678 46 105 49141
leaf_count=1025 145 139 2138 25 63 58 156 1680 195 762 44 2678 46 105 49141
internal_value=7.15553e-05 0.197502 0.41265 2.58566 0.24896 -0.896536 -1.67428 -0.00998221 -0.413086 -1.25062 0.0524717 0.0104604 0.471152 0.541156 -0.0145664
internal_weight=58400 2829 2365 164 2201 464 301 55571 2681 957 1724 52890 2724 163 50166
internal_count=58400 2829 2365 164 2201 464 301 55571 2681 957 1724 52890 2724 163 50166
is_linear=0
shrinkage=0.0940712


Tree=273
num_leaves=16
num_cat=0
split_feature=10 36 36 43 0 36 30 35 45 48 26 35 45 10 42
split_gain=13004.2 81942.9 155447 125066 124730 116973 82685 37377.1 22495.3 57259.4 73676.1 45625.9 29742.3 68883.1 24284.7
threshold=1.5000000000000002 333.50000000000006 339.50000000000006 462.50000000000006 157.50000000000003 321.50000000000006 389.50000000000006 101.90978553768636 52.500000000000007 110.19225623124969 51.500000000000007 98.229771006603229 58.500000000000007 24.500000000000004 428.50000000000006
decision_type=2 2 2 10 2 2 2 2 8 2 10 2 8 2 2
left_child=1 3 7 5 -5 -1 -4 -3 9 10 -2 -11 13 -10 -14
right_child=8 2 6 4 -6 -7 -8 -9 12 11 -12 -13 14 -15 -16
leaf_value=-0.40738757991738395 1.2833517409377491 -7.4630906942775503 -0.79957103115297501 6.663198277797024 -2.6336527066209161 2.930057555600234 1.4818877858314761 -2.6234453315943487 0.13368741634565595 -1.5228029899793223 -3.7418985435460588 1.3796647587590403 0.03179975728824088 2.3424944248456816 -0.13890445807820595
leaf_weight=555 35 32 965 50 15.999999999999998 110 163 29 591 78 90 119 46652 157 8758
leaf_count=555 35 32 965 50 16 110 163 29 591 78 90 119 46652 157 8758
internal_value=8.00284e-05 -0.24058 -0.722136 0.542387 4.39877 0.150052 -0.468188 -5.28719 0.00826976 -0.77385 -2.33536 0.226891 0.0127779 0.601383 0.00481314
internal_weight=58400 1920 1189 731 66 665 1128 61 56480 322 125 197 56158 748 55410
internal_count=58400 1920 1189 731 66 665 1128 61 56480 322 125 197 56158 748 55410
is_linear=0
shrinkage=0.0940712


Tree=274
num_leaves=14
num_cat=0
split_feature=6 27 37 46 61 21 61 44 37 46 50 27 27
split_gain=12573 98638.4 90440.4 82678.1 78895.7 53947.1 23484.5 117814 87163.1 80096.1 27189.7 91778.5 41247.1
threshold=2.5000000000000004 428.50000000000006 162.83928571428575 301.50000000000006 48.309523809523817 -0.46472317204376873 48.309523809523817 487.50000000000006 136.86857142857147 86.500000000000014 93.591437335114719 196.50000000000003 428.50000000000006
decision_type=2 10 2 10 2 2 2 10 2 8 2 10 10
left_child=1 2 4 -4 -1 -3 10 9 -9 -8 11 -2 -12
right_child=6 5 3 -5 -6 -7 7 8 -10 -11 12 -13 -14
leaf_value=0.37149264667947846 -0.04294555335772323 0.27816979960295052 -2.9759374493771857 0.075625295844992904 -3.4947693007429907 7.4236803649573178 2.9126850697131634 9.7325060115532409 0.26470962451456803 -0.019682309488724667 -0.033904808196504752 0.77129901402630663 -0.87034081370693683
leaf_weight=2613 4870 14.999999999999998 149 164 46 24 89 19 14.999999999999998 917 47318 1635 526
leaf_count=2613 4870 15 149 164 46 24 89 19 15 917 47318 1635 526
internal_value=6.45383e-05 0.187225 0.124231 -1.3842 0.302548 4.79502 -0.0101124 0.432352 5.75411 0.243728 -0.0185937 0.161827 -0.0431314
internal_weight=58400 3011 2972 313 2659 39 55389 1040 34 1006 54349 6505 47844
internal_count=58400 3011 2972 313 2659 39 55389 1040 34 1006 54349 6505 47844
is_linear=0
shrinkage=0.0940712


Tree=275
num_leaves=13
num_cat=0
split_feature=57 51 55 63 0 24 27 8 28 10 27 59
split_gain=12613 51673.7 57376.5 66405.7 58181.9 19162.5 111397 110398 98362.9 23468.5 102538 44348.2
threshold=-322.49999999999994 213.03571428571431 -73.499999999999986 -48.499999999999993 110.50000000000001 394.50000000000006 232.50000000000003 21.250000000000004 94.166666666666671 25.500000000000004 152.50000000000003 -4.4099999999999966
decision_type=8 2 10 2 2 10 8 2 2 2 8 2
left_child=1 -1 3 -3 -4 9 7 -7 -8 11 -11 -2
right_child=5 2 4 -5 -6 6 8 -9 -10 10 -12 -13
leaf_value=4.059525121344552 -0.39821230222070958 -0.45962645752254944 -1.9769942967725749 1.6317384370603407 -0.085243277946543239 0.87328349404156103 9.1819888939658281 -1.7131162021148787 1.832029898291303 0.36666326943750349 -0.25017993266158706 -0.0053811788858524239
leaf_weight=22 2699 390 295 203 280 391 17 231 135 6216 3867 43654
leaf_count=22 2699 390 295 203 280 391 17 231 135 6216 3867 43654
internal_value=9.4869e-05 -0.302825 -0.39041 0.258497 -1.05874 0.00640607 0.470826 -0.0889424 2.73989 2.16341e-05 0.130079 -0.02827
internal_weight=58400 1190 1168 593 575 57210 774 622 152 56436 10083 46353
internal_count=58400 1190 1168 593 575 57210 774 622 152 56436 10083 46353
is_linear=0
shrinkage=0.0940712


Tree=276
num_leaves=14
num_cat=0
split_feature=56 36 36 58 17 44 44 36 44 46 53 46 46
split_gain=12487.2 55622.1 50324.6 54358.6 50793.1 18154.7 14341.3 141742 157651 69529.2 23310.9 117897 55927.3
threshold=409.50000000000006 287.50000000000006 414.50000000000006 1.766381336012316 -1.0000000180025095e-35 64.500000000000014 78.500000000000014 253.50000000000003 52.500000000000007 62.500000000000007 78.500000000000014 494.50000000000006 495.50000000000006
decision_type=10 2 2 2 2 10 8 2 10 10 2 10 10
left_child=6 5 3 -3 -4 -2 7 8 -1 -9 11 -8 -12
right_child=1 2 4 -5 -6 -7 10 9 -10 -11 12 -13 -14
leaf_value=8.5225580935661789 -1.6657319516282536 0.21692626647755034 -4.4011622813164637 5.5542504122682903 0.82034615524392307 -5.845843353346277 0.050488584085214554 -2.2072491938230043 1.3938333048404552 0.08719123578778884 -0.039832912088983548 2.1095508475558491 -1.1891903714888132
leaf_weight=29 20 125 37 18 28 19 17674 120 283 3031 36391 248 377
leaf_count=29 20 125 37 18 28 19 17674 120 283 3031 36391 248 377
internal_value=0.000118374 -0.665224 -0.0428617 0.942366 -2.18352 -3.85195 0.00296432 0.188571 2.09598 -0.00119815 -0.00879113 0.0791697 -0.0516713
internal_weight=58400 247 208 143 65 39 58153 3463 312 3151 54690 17922 36768
internal_count=58400 247 208 143 65 39 58153 3463 312 3151 54690 17922 36768
is_linear=0
shrinkage=0.0940712


Tree=277
num_leaves=15
num_cat=0
split_feature=50 54 44 24 0 40 59 41 38 59 24 50 34 52
split_gain=12307.3 101446 131070 126546 111798 105970 82671.8 49911.3 25789.8 73829.3 56484.8 26325 78952.3 34552.9
threshold=66.918392975352518 262.50000000000006 349.50000000000006 296.50000000000006 32.500000000000007 134.70609677281331 -1.53 103.95908685727387 60.178498743841438 -3.1899999999999999 146.50000000000003 90.303061172506702 207.67857142857147 113.79253820957506
decision_type=2 2 10 10 2 2 2 2 2 2 8 2 2 2
left_child=1 4 6 -4 7 -6 -3 -1 9 -2 -11 12 -10 -13
right_child=8 2 3 -5 5 -7 -8 -9 11 10 -12 13 -14 -15
leaf_value=0.078555751895515266 3.1472627424211299 -4.2494953179109967 2.7884225505332347 -3.2999133725423495 1.0916956488500833 -1.2741493909800738 -1.22221443564385 5.8312811525768513 0.169305490522728 -0.10833115484499291 -3.6747373718632916 -0.18981818769249431 2.9021949096859636 0.02341278731921994
leaf_weight=19 29 125 103 41 377 299 222 44 4480 78 78 7921 94 44490
leaf_count=19 29 125 103 41 377 299 222 44 4480 78 78 7921 94 44490
internal_value=0.00011601 -0.294109 -1.34009 1.03727 0.402042 0.0445531 -2.32725 4.14215 0.00645626 -1.09777 -1.91108 0.0100733 0.226468 -0.00881561
internal_weight=58400 1230 491 144 739 676 347 63 57170 185 156 56985 4574 52411
internal_count=58400 1230 491 144 739 676 347 63 57170 185 156 56985 4574 52411
is_linear=0
shrinkage=0.0940712


Tree=278
num_leaves=16
num_cat=0
split_feature=57 66 58 70 58 39 38 45 28 31 44 56 28 26 51
split_gain=12705.7 77179.6 114264 158859 102904 109475 104731 73185.1 36584 90964.1 82629.6 81041.7 59854.1 83079.1 45054.3
threshold=182.50000000000003 1.0000000180025095e-35 1.0963298131214214 4.5000000000000009 1.8376962948470184 418.50000000000006 113.4637146852961 411.50000000000006 186.50000000000003 120.92857142857144 152.50000000000003 -33.499999999999993 161.83333333333334 9.5000000000000018 334.25000000000006
decision_type=10 2 2 2 2 2 2 8 2 2 8 10 2 8 2
left_child=8 4 3 -3 6 -6 -2 -4 12 11 -11 -10 14 -14 -1
right_child=1 2 7 -5 5 -7 -8 -9 9 10 -12 -13 13 -15 -16
leaf_value=-0.040710388059942905 -1.3881550542914571 1.9235795493330101 -0.22950955619024566 0.11321849746727072 3.414628706224041 -0.8268889702275487 0.15493756268722728 0.8535728781821067 0.69811343820368932 0.56899218153612363 -0.26613282265070665 -2.9108007953966117 -1.2892299363330135 0.3961669622211404 0.57618314066262111
leaf_weight=36576 846 777 2736 956 118 97 719 690 76 1235 6890 193 271 5143 1077
leaf_count=36576 846 777 2736 956 118 97 719 690 76 1235 6890 193 271 5143 1077
internal_value=0.00011016 0.11959 0.303875 0.925977 -0.414255 1.50827 -0.679691 -0.0110493 -0.0160012 -0.195643 -0.139093 -1.89257 0.019015 0.311433 -0.0230387
internal_weight=58400 6939 5159 1733 1780 215 1565 3426 51461 8394 8125 269 43067 5414 37653
internal_count=58400 6939 5159 1733 1780 215 1565 3426 51461 8394 8125 269 43067 5414 37653
is_linear=0
shrinkage=0.0940712


Tree=279
num_leaves=16
num_cat=0
split_feature=45 43 69 47 71 54 45 2 69 35 44 43 8 21 43
split_gain=12526.8 58943.3 90591.9 75096.5 74439.8 130828 122228 74081.3 51152 111039 140359 82598.5 65031.9 63612.1 62176.8
threshold=321.50000000000006 118.50000000000001 4.5000000000000009 389.50000000000006 146.50000000000003 98.500000000000014 445.50000000000006 95.615000000000023 5.5000000000000009 64.625739881697299 243.50000000000003 66.500000000000014 82.550000000000011 0.91023613416931248 498.50000000000006
decision_type=10 10 2 2 2 2 10 2 2 2 8 10 2 2 8
left_child=8 4 3 -3 5 -2 -6 -4 12 10 -10 -11 14 -14 -1
right_child=1 2 7 -5 6 -7 -8 -9 9 11 -12 -13 13 -15 -16
leaf_value=-0.051967439397162397 0.94686034595088586 0.18160712646484667 -0.3650261747482309 -0.88198662193906918 0.11527403098953584 -1.5592336938899758 1.4870980414134705 0.78228098656161515 0.5649916052359224 -0.95522694732747715 -2.4155685778707277 0.27116530451651788 -1.8651207970968842 1.8876469417566661 1.6122392817879334
leaf_weight=21010 313 8071 9869 632 1899 444 823 523 247 503 319 13213 290 45 199
leaf_count=21010 313 8071 9869 632 1899 444 823 523 247 503 319 13213 290 45 199
internal_value=0.000104397 -0.0547777 -0.11967 0.104212 0.301252 -0.523046 0.530708 -0.307164 0.0346901 0.172739 -1.11667 0.226078 -0.0568258 -1.35422 -0.036229
internal_weight=58400 22574 19095 8703 3479 757 2722 10392 35826 14282 566 13716 21544 335 21209
internal_count=58400 22574 19095 8703 3479 757 2722 10392 35826 14282 566 13716 21544 335 21209
is_linear=0
shrinkage=0.0940712


Tree=280
num_leaves=15
num_cat=0
split_feature=0 45 27 45 23 27 19 0 34 1 23 0 8 5
split_gain=12345.7 59927.8 68155.2 76560.8 65482.7 72288 60060.6 16898.4 90222.2 99629.1 83379.4 31981.1 97917 42774.5
threshold=22.500000000000004 267.50000000000006 23.500000000000004 161.50000000000003 5.5000000000000009 276.50000000000006 -0.9330127018922193 32.500000000000007 123.8214285714286 68.075000000000003 95.500000000000014 51.500000000000007 2.7500000000000004 31.735000000000003
decision_type=2 8 8 10 8 10 2 2 2 2 10 2 2 2
left_child=1 2 3 -1 -3 -6 -4 8 9 -2 -10 12 -9 -13
right_child=7 4 6 -5 5 -7 -8 11 10 -11 -12 13 -14 -15
leaf_value=-0.16743322411446887 -1.7086761164093942 4.3035183629871341 -3.8184922982258569 6.5766623064038212 -1.7105300827422301 1.58801423754294 0.32683056017395617 -1.2036775001804603 1.3153033165978103 0.15936915020322154 0.093149218509236451 -0.13943484518218949 -0.06660528493791612 0.06872951893066874
leaf_weight=28 374 18 32 30 421 67 393 765 831 771 1216 11467 5335 36652
leaf_count=28 374 18 32 30 421 67 393 765 831 771 1216 11467 5335 36652
internal_value=9.4162e-05 -0.329179 0.419541 3.39973 -1.04321 -1.25378 0.00158124 0.00577744 0.216066 -0.45219 0.589981 -0.00660631 -0.209498 0.0191174
internal_weight=58400 989 483 58 506 488 425 57411 3192 1145 2047 54219 6100 48119
internal_count=58400 989 483 58 506 488 425 57411 3192 1145 2047 54219 6100 48119
is_linear=0
shrinkage=0.0940712


Tree=281
num_leaves=16
num_cat=0
split_feature=41 1 64 58 46 23 25 19 31 35 10 50 47 36 47
split_gain=12887.2 132165 123427 72542.7 101883 86649.4 66301.6 56311.4 22499.4 109138 160424 98906.6 34252.1 84790 34227.9
threshold=82.857489181270282 23.205000000000002 6.58477011494253 0.99999998892273634 124.50000000000001 16.500000000000004 88.500000000000014 0.25000000000000017 80.214285714285737 109.23788186738372 16.500000000000004 156.93811336779748 103.16666666666667 375.50000000000006 132.83333333333334
decision_type=2 2 2 2 10 8 8 2 2 2 2 2 2 2 2
left_child=1 2 6 4 -3 -5 -1 -4 9 11 -11 -2 13 -10 -14
right_child=8 3 7 5 -6 -7 -8 -9 12 10 -12 -13 14 -15 -16
leaf_value=-7.4188507047117218 -0.82409272544777368 1.9739167869872958 4.8415749565969488 2.668631091245631 -2.0169724781559228 0.49718213520638133 -2.2092036161999005 -2.3538277074331648 -2.1673847658016201 -0.51108785272904089 1.942311987040475 0.95521754771783485 0.59939061994834464 1.020497888341559 0.0039877959265455128
leaf_weight=37 2055 80 22 204 184 785 54 14.999999999999998 195 516 432 318 867 117 52519
leaf_count=37 2055 80 22 204 184 785 54 15 195 516 432 318 867 117 52519
internal_value=9.94322e-05 0.283888 -2.57687 0.579072 -0.802641 0.948713 -4.41819 1.94405 -0.0067793 -0.244338 0.60814 -0.585127 0.00791706 -0.972397 0.0136769
internal_weight=58400 1381 128 1253 264 989 91 37 57019 3321 948 2373 53698 312 53386
internal_count=58400 1381 128 1253 264 989 91 37 57019 3321 948 2373 53698 312 53386
is_linear=0
shrinkage=0.0940712


Tree=282
num_leaves=16
num_cat=0
split_feature=34 34 69 37 33 8 27 34 11 37 24 37 47 23 48
split_gain=13535.9 64955.8 69875.5 129687 74095.2 56110.6 76568.4 53220.1 95886.5 73665.1 68239.1 51967.2 31711.9 73923.6 38145.3
threshold=113.89285714285715 112.65476190476191 8.5000000000000018 134.89379699248124 220.50000000000003 85.750000000000014 133.50000000000003 115.80194805194806 37.500000000000007 131.23214285714289 46.500000000000007 152.76136363636365 103.16666666666667 38.500000000000007 61.554853586049326
decision_type=2 2 2 2 2 2 8 2 2 2 10 2 2 10 2
left_child=1 5 4 -4 -3 11 -7 8 10 -10 -2 -1 13 -9 -14
right_child=7 2 3 -5 -6 6 -8 12 9 -11 -12 -13 14 -15 -16
leaf_value=0.031092639978962739 0.073006793837030667 2.1520025287017526 5.3261511732398796 -2.2070881375938955 -0.040389366368110073 3.5366030438350871 -0.44526114989571547 0.73280303824434989 -0.27578878576355415 2.6087646710155799 -1.7207659384743055 -1.6270825983810107 0.19984357399813535 -2.5540940570215445 -0.04001831649774143
leaf_weight=12296 272 188 71 27 486 92 78 109 238 115 602 168 6988 133 36537
leaf_count=12296 272 188 71 27 486 92 78 109 238 115 602 168 6988 133 36537
internal_value=8.27378e-05 0.0830495 0.919841 3.24733 0.574512 0.0318 1.72147 -0.0246365 -0.635277 0.670932 -1.16324 0.00853126 -0.00749235 -1.07791 -0.00149946
internal_weight=58400 13406 772 98 674 12634 170 44994 1227 353 874 12464 43767 242 43525
internal_count=58400 13406 772 98 674 12634 170 44994 1227 353 874 12464 43767 242 43525
is_linear=0
shrinkage=0.0940712


Tree=283
num_leaves=14
num_cat=0
split_feature=42 64 54 55 17 67 44 55 1 54 49 56 63
split_gain=12792.2 102609 84746 78429.6 89695.4 91856.1 71616.4 70795.8 103773 60768.2 51869.8 45470.4 38415.1
threshold=136.50000000000003 0.22677087777032931 242.50000000000003 -307.49999999999994 0.81174490092936691 1.0000000180025095e-35 68.500000000000014 -258.49999999999994 87.595000000000013 193.50000000000003 245.6428571428572 -277.49999999999994 -46.499999999999993
decision_type=2 2 2 8 2 2 8 8 2 2 2 8 2
left_child=1 10 9 4 5 -2 -4 8 -5 -3 -1 -9 -6
right_child=3 2 6 7 12 -7 -8 11 -10 -11 -12 -13 -14
leaf_value=8.5316034083359256 4.1548073730200015 0.12169234098670124 -2.5167173629777628 -1.8557781799617177 -4.636482208715262 0.85771983384664108 1.1265637556739638 -0.67240218412831854 -0.003861155844196891 -0.4182116417668662 1.4745792013728241 -0.0019747561714262593 0.61819972020856762
leaf_weight=17 98 7902 49 459 29 306 884 912 640 2405 20 44659 20
leaf_count=17 98 7902 49 459 29 306 884 912 640 2405 20 44659 20
internal_value=8.92133e-05 0.0900844 0.0734433 -0.0214471 1.20824 1.67074 0.931203 -0.0334257 -0.778969 -0.00431901 4.93444 -0.0154172 -2.53636
internal_weight=58400 11277 11240 47123 453 404 933 46670 1099 10307 37 45571 49
internal_count=58400 11277 11240 47123 453 404 933 46670 1099 10307 37 45571 49
is_linear=0
shrinkage=0.0940712


Tree=284
num_leaves=11
num_cat=0
split_feature=26 25 32 36 59 24 59 26 39 52
split_gain=12064.7 104572 83436.3 67921.5 26279.8 96125.1 88299.1 37046.8 71335.4 35708.4
threshold=314.50000000000006 467.50000000000006 27.075727406942615 426.50000000000006 -4.1899999999999977 467.50000000000006 -4.4099999999999966 300.50000000000006 307.50000000000006 124.2896851064403
decision_type=10 8 2 2 2 10 2 10 2 2
left_child=4 2 -2 -4 5 6 -1 9 -9 -6
right_child=1 -3 3 -5 7 -7 -8 8 -10 -11
leaf_value=-0.044399661439972933 5.8146902410944055 7.3222433042880199 -0.039869019047795128 -1.0026618962719702 -0.11792926035311523 7.1832855524779484 0.9371233347401432 5.0277153689855716 0.4558197324827109 0.04782105494074336
leaf_weight=3147 19 14.999999999999998 4151 767 18787 15.999999999999998 1091 30 721 29656
leaf_count=3147 19 15 4151 767 18787 16 1091 30 721 29656
internal_value=9.76696e-05 -0.140346 -0.165353 -0.19032 0.013116 0.237388 0.208499 -0.00628201 0.648672 -0.0164588
internal_weight=58400 4952 4937 4918 53448 4254 4238 49194 751 48443
internal_count=58400 4952 4937 4918 53448 4254 4238 49194 751 48443
is_linear=0
shrinkage=0.0940712


Tree=285
num_leaves=13
num_cat=0
split_feature=58 36 16 28 31 58 33 25 23 22 45 22
split_gain=11745.2 106073 90610.2 134871 87111.8 17513.1 62736.5 102002 76914 18401.5 77841.5 60964.5
threshold=-2.7037042878373483 479.50000000000006 0.6078576107927941 72.500000000000014 212.6428571428572 1.0000000180025095e-35 315.50000000000006 8.5000000000000018 21.500000000000004 394.50000000000006 461.50000000000006 391.50000000000006
decision_type=2 2 2 2 2 2 2 10 10 2 10 2
left_child=1 2 4 -4 -1 6 7 -2 -8 11 -11 -7
right_child=5 -3 3 -5 -6 9 8 -9 -10 10 -12 -13
leaf_value=-0.53004465463625539 -5.6384668646779605 7.7640318246679421 -2.1086988026788385 2.3282595923389717 4.2895043046076449 -0.0045198111871030825 2.8707695101925008 0.74577159399098969 -1.8066819853223077 0.54535459124639896 -1.8972664554552034 -2.3001922079621799
leaf_weight=836 22 14.999999999999998 75 293 33 54861 33 368 322 1316 125 101
leaf_count=836 22 15 75 293 33 54861 33 368 322 1316 125 101
internal_value=0.000153234 0.284996 0.184529 1.41856 -0.339514 -0.00609252 -0.45873 0.364265 -1.36086 -9.90731e-05 0.331557 -0.00880594
internal_weight=58400 1252 1237 368 869 57148 745 390 355 56403 1441 54962
internal_count=58400 1252 1237 368 869 57148 745 390 355 56403 1441 54962
is_linear=0
shrinkage=0.0940712


Tree=286
num_leaves=16
num_cat=0
split_feature=49 25 28 64 45 0 49 46 1 52 46 45 51 53 51
split_gain=11997.1 61971.8 81593.2 77826.5 57807.7 53963.6 51677 101140 134683 47884.1 43812.9 37828.5 35029.2 177618 61175.9
threshold=308.15476190476198 388.50000000000006 114.41666666666667 2.7348345588235299 496.50000000000006 198.50000000000003 307.61904761904765 128.50000000000003 123.61500000000002 105.2037530044807 391.50000000000006 359.50000000000006 324.39610389610397 179.50000000000003 317.32142857142861
decision_type=2 10 2 2 10 2 2 8 2 2 10 10 2 2 2
left_child=6 4 3 -3 5 -2 12 11 -9 -4 -6 -8 14 -14 -1
right_child=1 2 9 -5 10 -7 7 8 -10 -11 -12 -13 13 -15 -16
leaf_value=0.020262111474269845 -0.045678645234320851 3.1360564311317209 -5.3826821901886204 -2.2717501190375233 -4.1641217269128186 1.7163021128469578 -5.755387527874027 4.7188270350324339 -0.39954368507015137 -1.5450754223066498 0.23632663387463934 0.41002102258563311 0.10495832828433777 4.3741862049853104 -0.87297702550765988
leaf_weight=42338 13723 62 31 36 51 154 19 97 84 282 32 14.999999999999998 691 97 688
leaf_count=42338 13723 62 31 36 51 154 19 97 84 282 32 15 691 97 688
internal_value=0.000149118 -0.0744742 -1.21077 1.14377 -0.0408796 -0.0259251 0.0245107 1.4741 2.35966 -1.95039 -2.49303 -3.13323 0.0173422 0.638256 0.00594483
internal_weight=58400 14371 411 98 13960 13877 44029 215 181 313 83 34 43814 788 43026
internal_count=58400 14371 411 98 13960 13877 44029 215 181 313 83 34 43814 788 43026
is_linear=0
shrinkage=0.0940712


Tree=287
num_leaves=15
num_cat=0
split_feature=61 59 46 18 26 58 54 61 1 1 1 39 54 37
split_gain=11141.4 50912.4 69678.4 128428 47709.7 31361.3 18609.2 15881.7 93626.9 145453 84522.6 16493.7 106922 59970.3
threshold=0.99676897379684737 1.9599999999999957 173.50000000000003 -0.5 45.500000000000007 1.241837950111053 78.500000000000014 1.0113895807388962 83.685000000000016 80.795000000000016 109.25500000000001 388.50000000000006 102.50000000000001 97.017857142857153
decision_type=2 2 8 2 10 2 2 2 2 2 2 2 2 2
left_child=1 2 5 -4 -3 -1 -6 8 9 -2 -10 12 -9 -13
right_child=7 4 3 -5 6 -7 -8 11 10 -11 -12 13 -14 -15
leaf_value=-4.6798193428449038 1.1243440218554521 0.48290387711126004 5.6632853033987933 -0.87235134759139166 -1.4698478374306041 0.22804207458425796 -5.666657699984226 -0.68759957389558102 -2.8775214048077498 9.6953347986743736 0.19252633599288271 -1.639620224573773 -0.00053110282259152244 0.051945793426899069
leaf_weight=27 331 27 41 70 14.999999999999998 19 32 2191 98 17 390 185 23358 31599
leaf_count=27 331 27 41 70 15 19 32 2191 98 17 390 185 23358 31599
internal_value=0.000120502 -0.649695 0.312252 1.58566 -2.65653 -2.70907 -4.42018 0.00272058 0.409396 1.58484 -0.430953 -0.00321814 -0.0594952 0.0420159
internal_weight=58400 231 157 111 74 46 47 58169 836 348 488 57333 25549 31784
internal_count=58400 231 157 111 74 46 47 58169 836 348 488 57333 25549 31784
is_linear=0
shrinkage=0.0940712


Tree=288
num_leaves=13
num_cat=0
split_feature=56 7 39 25 21 47 2 2 29 47 27 28
split_gain=11480.5 48035.4 42022.6 47118 43582.2 14178.9 80867.9 86719.4 70377.9 37396.1 96196.5 25684.1
threshold=409.50000000000006 208.50000000000003 417.50000000000006 93.500000000000014 -0.060268340127661524 416.16666666666669 24.135000000000002 13.855000000000002 196.08119062955308 411.50000000000006 234.50000000000003 283.16666666666669
decision_type=10 2 2 10 2 2 2 2 2 2 10 2
left_child=5 2 3 -2 -4 9 7 -7 -8 11 -11 -1
right_child=1 -3 4 -5 -6 6 8 -9 -10 10 -12 -13
leaf_value=0.0074930822507041465 -1.8416864371756079 4.2640140717859722 -4.5363328340209002 1.5174663560147081 -0.30674398788896046 1.2989271564914724 0.7576078041697466 -2.4084579810803106 -1.6867124319956972 -1.9379407929379073 2.6491485708310569 -0.55508314248589796
leaf_weight=55512 66 14.999999999999998 46 80 40 80 1277 177 112 221 48 726
leaf_count=55512 66 15 46 80 40 80 1277 177 112 221 48 726
internal_value=0.000107615 -0.637851 -0.98171 -0.00361855 -2.61107 0.00283652 0.274867 -1.25304 0.55875 -0.00509265 -1.1084 0.000213094
internal_weight=58400 247 232 146 86 58153 1646 257 1389 56507 269 56238
internal_count=58400 247 232 146 86 58153 1646 257 1389 56507 269 56238
is_linear=0
shrinkage=0.0940712


Tree=289
num_leaves=16
num_cat=0
split_feature=63 50 1 26 52 29 31 63 5 26 58 65 42 0 42
split_gain=11954.9 75388.3 97855.5 161680 60211.2 56810 80146.6 44040.3 70611.1 74716.1 36654.2 35537.6 23148 59803 27305.6
threshold=291.50000000000006 151.68207666250677 90.535000000000011 101.50000000000001 128.45336306812251 198.31960736639323 92.785714285714292 290.50000000000006 74.655000000000015 26.500000000000004 1.1126316197863695 1.5000000000000002 494.50000000000006 183.50000000000003 491.50000000000006
decision_type=2 2 2 8 2 2 2 2 2 10 2 2 2 2 2
left_child=7 2 3 -2 -4 6 -3 12 9 -9 -10 -7 14 -14 -1
right_child=1 5 4 -5 -6 11 -8 8 10 -11 -12 -13 13 -15 -16
leaf_value=0.0014629643018215131 6.549597599790669 2.2341394567214881 2.0959188033943592 0.13774598828506154 -1.397240799636513 5.3834143800076522 -2.4684277842782283 2.8850426664921289 5.1222734889763526 -4.0923819181337624 -0.745407913865617 -0.13568276340675942 1.8209241108065137 -3.3996033295354087 -0.88872806680437133
leaf_weight=57245 66 39 69 72 113 17 155 14.999999999999998 14.999999999999998 83 21 23 141 21 305
leaf_count=57245 66 39 69 72 113 17 155 15 15 83 21 23 141 21 305
internal_value=9.00942e-05 0.434391 1.37013 3.24416 -0.0656599 -0.845314 -1.51213 -0.0040787 -1.69765 -2.99464 1.8074 2.32102 -9.84187e-05 1.11742 -0.00327661
internal_weight=58400 554 320 138 182 234 194 57846 134 98 36 40 57712 162 57550
internal_count=58400 554 320 138 182 234 194 57846 134 98 36 40 57712 162 57550
is_linear=0
shrinkage=0.0940712


Tree=290
num_leaves=16
num_cat=0
split_feature=32 21 58 48 0 20 66 45 32 67 27 43 32 27 33
split_gain=11447.8 131217 103630 85912.2 76893.4 99776.6 74304.5 48781.3 37452.6 85189.8 100715 72746.1 37470 108083 27538.5
threshold=159.73661356750242 0.8542199457734333 0.99999998223801057 40.857475856119727 25.500000000000004 -0.46472317204376817 2.5000000000000004 275.50000000000006 156.24797141421405 2.5000000000000004 382.50000000000006 232.50000000000003 155.25309597131101 272.50000000000006 425.50000000000006
decision_type=2 2 2 2 2 2 2 8 2 2 8 10 2 8 2
left_child=8 4 7 -4 5 -2 -6 -3 12 11 -11 -10 14 -14 -1
right_child=1 2 3 -5 6 -7 -8 -9 9 10 -12 -13 13 -15 -16
leaf_value=0.010485347703951065 -1.462900315908106 9.7523531731732476 -4.4739004690671553 1.6886709471990975 0.11763848150094867 5.7421524362284551 -1.2773949378958893 3.0321919651488551 0.17121330940459961 0.36196310048193131 8.076113388942824 -2.1523270057391324 0.36737764794257982 6.2203617709321994 -0.29487644703197302
leaf_weight=52447 27 18 20 290 1427 42 441 23 187 159 14.999999999999998 326 198 31 2749
leaf_count=52447 27 18 20 290 1427 42 441 23 187 159 15 326 198 31 2749
internal_value=0.000114778 0.206302 1.87558 1.27025 -0.0973876 2.95101 -0.212427 6.23501 -0.00829587 -0.697813 1.09361 -1.30715 0.000267922 1.19701 -0.00472862
internal_weight=58400 2288 351 310 1937 69 1868 41 56112 687 174 513 55425 229 55196
internal_count=58400 2288 351 310 1937 69 1868 41 56112 687 174 513 55425 229 55196
is_linear=0
shrinkage=0.0940712


Tree=291
num_leaves=16
num_cat=0
split_feature=0 47 51 8 50 47 58 47 48 20 53 23 48 51 23
split_gain=11370.9 48272.9 87138.9 98275.6 75931.3 62647.6 76117.2 59417 14755.9 76579.2 90719.4 70378.2 56024.1 73220 34063.3
threshold=22.500000000000004 181.16666666666671 244.53571428571431 31.950000000000003 154.35935190629257 269.16666666666669 1.3818493948099408 320.83333333333343 193.88570515566869 -0.66312265824079508 82.500000000000014 133.50000000000003 191.75244393547817 253.37857142857146 204.50000000000003
decision_type=2 2 2 2 2 2 2 2 2 2 2 10 2 2 8
left_child=1 2 3 -1 -4 6 -3 -7 12 11 -11 -10 14 -14 -2
right_child=8 5 4 -5 -6 7 -8 -9 9 10 -12 -13 13 -15 -16
leaf_value=6.0212913088721693 -0.043812600878923913 -0.61669298558660601 -3.2003524641018299 -2.1476859591764796 4.1127654762520365 1.1620933186968472 -3.584880840438319 -0.88670064475905086 1.2703633016915361 -0.67954377776208508 0.28121479726181142 -0.1212578051479813 -3.0972034616054986 -0.34531424662174298 0.13347343820119795
leaf_weight=46 39091 262 43 17 15.999999999999998 246 107 252 870 1350 2438 509 114 332 12707
leaf_count=46 39091 262 43 17 16 246 107 252 870 1350 2438 509 114 332 12707
internal_value=0.000170084 -0.315836 1.42443 3.81638 -1.16014 -0.562984 -1.48921 0.12557 0.00562446 0.157251 -0.0612942 0.757057 -0.0093734 -1.05735 -0.000315932
internal_weight=58400 989 122 63 59 867 369 498 57411 5167 3788 1379 52244 446 51798
internal_count=58400 989 122 63 59 867 369 498 57411 5167 3788 1379 52244 446 51798
is_linear=0
shrinkage=0.0940712


Tree=292
num_leaves=16
num_cat=0
split_feature=71 2 2 39 35 44 71 55 71 24 24 71 66 58 51
split_gain=12081.5 75897.1 101070 106774 76585 89314.8 75344.6 52168.3 44935.2 78208.4 67612.2 63595.2 28580.6 86904.5 43790.2
threshold=81.500000000000014 33.415000000000006 59.445000000000007 398.50000000000006 133.6002010986183 177.50000000000003 69.500000000000014 -149.49999999999997 102.50000000000001 11.500000000000002 68.500000000000014 89.500000000000014 2.5000000000000004 25.490167461085658 243.46428571428575
decision_type=2 2 2 2 2 10 2 10 2 10 10 2 2 2 2
left_child=1 4 6 -4 7 -6 -3 -1 9 11 -11 -2 14 -14 -10
right_child=8 2 3 -5 5 -7 -8 -9 12 10 -12 -13 13 -15 -16
leaf_value=-1.9016095778716309 0.2377794760685383 0.6299524804506984 -0.84900825539878422 0.76835351479039171 6.3033804887678828 0.082744010834830781 2.4745935679556013 -0.28408598213409719 -0.15751120317167092 0.52586948987609627 -0.58885626964804361 -3.4522073388083738 -0.1278179175310809 3.5674934606510456 0.095667336684225862
leaf_weight=288 61 587 711 731 27 72 294 454 7442 690 1584 125 13095 55 32184
leaf_count=288 61 587 711 731 27 72 294 454 7442 690 1584 125 13095 55 32184
internal_value=0.000148686 0.178878 0.456078 -0.0290795 -0.586076 1.85207 1.24896 -0.914756 -0.0100917 -0.40296 -0.250431 -2.24947 0.0082297 -0.111931 0.0481114
internal_weight=58400 3164 2323 1442 841 99 881 742 55236 2460 2274 186 52776 13150 39626
internal_count=58400 3164 2323 1442 841 99 881 742 55236 2460 2274 186 52776 13150 39626
is_linear=0
shrinkage=0.0940712


Tree=293
num_leaves=16
num_cat=0
split_feature=51 25 27 51 29 38 63 59 49 41 69 29 30 53 52
split_gain=12381.3 62709.7 89851.2 110421 73280.7 65940.6 72119.5 71533.1 33124 74172.3 90074.1 80642.7 73717.7 65038.5 64106.7
threshold=299.39285714285717 19.500000000000004 34.500000000000007 311.75000000000006 35.795716689757334 125.14002209874199 -60.499999999999993 -4.9599999999999991 264.21428571428578 137.22372630278804 7.5000000000000009 148.39362070320024 39.500000000000007 130.50000000000003 100.1321606809154
decision_type=2 8 8 2 2 2 2 2 2 2 2 2 2 2 2
left_child=8 2 3 -2 -4 7 -7 -3 9 11 -11 -1 13 -10 -14
right_child=1 5 4 -5 -6 6 -8 -9 12 10 -12 -13 14 -15 -16
leaf_value=-0.015792247227634209 -1.8371578869222442 3.6876023037386916 1.2980558360024661 2.8242955097700801 -1.4178301320055759 -1.8046803418599169 -0.26366660716959134 0.068474750782019506 5.0714694761600523 -0.1559439872456353 -1.0741164994671251 0.71660486556196223 0.91064379306647536 -0.30166403109872014 0.066063642101120354
leaf_weight=16565 70 47 97 120 833 307 2093 10234 48 4645 1186 1445 827 33 19850
leaf_count=16565 70 47 97 120 833 307 2093 10234 48 4645 1186 1445 827 33 19850
internal_value=0.000153326 -0.077704 -0.751939 1.10528 -1.13272 -0.0180596 -0.461886 0.0855895 0.0242507 -0.0513921 -0.342955 0.0430203 0.111131 2.91658 0.0999159
internal_weight=58400 13801 1120 190 930 12681 2400 10281 44599 23841 5831 18010 20758 81 20677
internal_count=58400 13801 1120 190 930 12681 2400 10281 44599 23841 5831 18010 20758 81 20677
is_linear=0
shrinkage=0.0940712


Tree=294
num_leaves=16
num_cat=0
split_feature=47 64 56 32 54 64 1 28 32 45 56 35 32 37 26
split_gain=13370.5 65315.3 87159.2 102485 99709.4 61234.6 101501 58579.8 55004.6 66297.4 82839.1 69261.1 60380.7 125528 48917.6
threshold=263.16666666666669 2.0397368421052637 -75.499999999999986 109.37637070310096 445.50000000000006 1.7799082568807341 5.3650000000000011 82.166666666666671 162.31869003750998 92.500000000000014 -110.49999999999999 153.81283201739848 158.56424264886246 121.12500000000001 468.50000000000006
decision_type=2 2 8 2 2 2 2 2 2 8 8 2 2 2 10
left_child=8 5 4 -4 -3 7 -7 -2 12 10 -10 -11 14 -14 -1
right_child=1 2 3 -5 -6 6 -8 -9 9 11 -12 -13 13 -15 -16
leaf_value=0.063503193272285402 0.58751600608035071 -0.89506404198472933 -0.46879743280982827 0.46742666776301151 1.8818669267036501 -5.9130550098036787 0.94155980523113703 -0.035611907841394862 -1.2387675016466531 -1.6410212109811215 6.8038235298791507 1.4158561197942701 7.3197040166852148 0.73405339506801681 -2.4900577890879489
leaf_weight=25201 1414 2282 2284 1889 119 18 873 23480 23 432 20 76 28 196 65
leaf_count=25201 1414 2282 2284 1889 119 18 873 23480 23 432 20 76 28 196 65
internal_value=0.000158245 -0.0402177 -0.30487 -0.0449485 -0.756246 0.0272661 0.79284 -0.000178021 0.0503344 -0.878214 2.60647 -1.18051 0.0704637 1.60279 0.0567754
internal_weight=58400 32359 6574 4173 2401 25785 891 24894 26041 551 43 508 25490 224 25266
internal_count=58400 32359 6574 4173 2401 25785 891 24894 26041 551 43 508 25490 224 25266
is_linear=0
shrinkage=0.0940712


Tree=295
num_leaves=14
num_cat=0
split_feature=42 64 66 26 71 27 50 32 1 39 37 48 2
split_gain=14077.1 84353.8 87321.1 67842.3 89909 59931.5 36592.2 113528 113835 110856 80810.3 111312 101554
threshold=136.50000000000003 0.22677087777032931 1.5000000000000002 38.500000000000007 242.50000000000003 17.500000000000004 138.75861191115197 65.049431736833881 119.855 294.50000000000006 136.65476190476193 197.0448340647645 77.455000000000013
decision_type=2 2 2 8 2 8 2 2 2 2 2 2 2
left_child=1 2 -1 5 -5 -3 10 9 -9 -8 12 -12 -2
right_child=6 3 -4 4 -6 -7 7 8 -10 -11 11 -13 -14
leaf_value=0.55606250117750444 -0.25530632184152174 -1.9913799347538141 9.6485988369296631 0.10202232961571384 1.1723193878607985 -0.24225496940388255 -1.6723169128988835 -0.47684962172609324 0.059880971094767359 1.0107298740084723 0.15901350326788857 2.6718715000131787 0.2936448513997707
leaf_weight=22 11766 189 14.999999999999998 8363 756 1932 153 7310 6701 1156 15888 156 3993
leaf_count=22 11766 189 15 8363 756 1932 153 7310 6701 1156 15888 156 3993
internal_value=0.000162509 0.0945691 4.48693 0.0794778 0.190953 -0.399527 -0.0224296 -0.141861 -0.220162 0.695412 0.0351023 0.183712 -0.11619
internal_weight=58400 11277 37 11240 9119 2121 47123 15320 14011 1309 31803 16044 15759
internal_count=58400 11277 37 11240 9119 2121 47123 15320 14011 1309 31803 16044 15759
is_linear=0
shrinkage=0.0940712


Tree=296
num_leaves=15
num_cat=0
split_feature=53 46 8 50 53 43 8 48 43 48 25 26 55 42
split_gain=13069.1 90920 93784.4 84322.1 64052.7 122604 72840.6 43630.7 96888.6 98691.8 66456.8 52821.2 89923.4 47957
threshold=78.500000000000014 495.50000000000006 3.1500000000000008 98.54259412268199 61.500000000000007 376.50000000000006 0.55000000000000016 170.7093045250185 495.50000000000006 177.29824201995612 65.500000000000014 26.500000000000004 231.50000000000003 226.50000000000003
decision_type=2 10 2 2 2 8 2 2 10 2 10 8 10 2
left_child=1 4 -3 -4 6 -6 -1 11 9 -9 -10 12 -2 -13
right_child=7 2 3 -5 5 -7 -8 8 10 -11 -12 13 -14 -15
leaf_value=1.3315576749178741 0.10617654760076475 -3.3240454070092462 6.884352799863203 1.7337337843459477 0.039050899177836738 1.0351054739112493 -0.10377089377103792 0.89852360009370458 4.6863767415423192 -0.036452607634424067 1.032040059710589 0.031101732224646191 1.7493627098142981 -0.22445538839239901
leaf_weight=319 3946 25 33 163 3991 1505 13055 1192 63 6129 143 10515 317 17004
leaf_count=319 3946 25 33 163 3991 1505 13055 1192 63 6129 143 10515 317 17004
internal_value=0.000175586 0.0640311 1.95428 2.64912 0.0417265 0.312046 -0.0693742 -0.0308349 0.172788 0.115921 2.17708 -0.0790695 0.228991 -0.126806
internal_weight=58400 19091 221 196 18870 5496 13374 39309 7527 7321 206 31782 4263 27519
internal_count=58400 19091 221 196 18870 5496 13374 39309 7527 7321 206 31782 4263 27519
is_linear=0
shrinkage=0.0940712


Tree=297
num_leaves=16
num_cat=0
split_feature=57 34 28 61 57 46 8 5 64 48 36 67 64 25 5
split_gain=11914.1 66164.3 124501 112093 102925 64150.3 123182 61739.4 36775 92085.8 76296.1 63308.6 53328.4 137661 28433.8
threshold=182.50000000000003 114.25000000000001 192.50000000000003 1.0851888504040905 304.50000000000006 497.50000000000006 11.850000000000003 30.340000000000003 0.11292220113851993 67.144123594945754 472.50000000000006 1.5000000000000002 0.12054247139311014 52.500000000000007 88.875000000000014
decision_type=10 2 2 2 10 8 2 2 2 2 2 2 2 8 2
left_child=8 2 3 -2 -4 7 -7 -3 9 11 -11 -1 13 -10 -14
right_child=1 5 4 -5 -6 6 -8 -9 12 10 -12 -13 14 -15 -16
leaf_value=4.4572855615613847 -1.9171822178547104 -0.63937961076748773 4.6396626968861048 0.84603865065204509 -0.097859594374298906 -1.0154317218380562 4.5316528570389059 0.10752982079285422 6.6103337340463844 -1.638820673376586 4.8882752048965497 -0.64121805427959389 -0.039163574230881661 -0.03245185620519634 0.17296757279477926
leaf_weight=43 158 1249 119 698 61 65 75 4514 37 403 14.999999999999998 41 44430 97 6395
leaf_count=43 158 1249 119 698 61 65 75 4514 37 403 15 41 44430 97 6395
internal_value=0.000200126 0.115898 0.808688 0.333296 3.04644 -0.00584947 1.97254 -0.0544533 -0.0154012 -0.81537 -1.38697 2.00097 -0.00749343 1.85583 -0.0124654
internal_weight=58400 6939 1036 856 180 5903 140 5763 51461 502 418 84 50959 134 50825
internal_count=58400 6939 1036 856 180 5903 140 5763 51461 502 418 84 50959 134 50825
is_linear=0
shrinkage=0.0940712


Tree=298
num_leaves=15
num_cat=0
split_feature=43 35 58 1 1 61 54 34 51 44 33 34 29 61
split_gain=11995.5 73847.5 85882.8 110425 67808.6 116324 85057.8 21880.2 87153.3 107723 59421.7 38172.5 56247.9 23819
threshold=484.50000000000006 69.296385266352374 1.0875426586846879 149.74500000000003 31.795000000000005 1.3238535263668718 448.50000000000006 186.39285714285717 290.53571428571433 472.50000000000006 376.50000000000006 180.32142857142858 143.51422693702966 1.419061381778145
decision_type=10 2 2 2 2 2 2 2 2 8 2 2 2 2
left_child=7 2 -2 -4 5 -3 -6 11 9 -9 -10 13 -13 -1
right_child=1 4 3 -5 6 -7 -8 8 10 -11 -12 12 -14 -15
leaf_value=0.10707247132326549 -1.6376874492818645 -1.9902570223786891 10.408609265552746 0.14055385868118137 -0.36033755229536191 2.2446970456243216 -2.9535909910894977 2.3261289465438812 -0.45048636284146432 -2.9174016034113723 0.49443210830362272 -0.098287972798179274 -1.4690322037566819 -0.032939351981344407
leaf_weight=15103 21 79 19 17 1579 199 119 289 1066 38 1312 863 381 37315
leaf_count=15103 21 79 19 17 1579 199 119 289 1066 38 1312 863 381 37315
internal_value=0.000231981 -0.22417 3.06816 5.77057 -0.321552 1.03639 -0.5447 0.00833375 0.269303 1.70544 0.0707772 -0.00482633 -0.519523 0.0074013
internal_weight=58400 2033 57 36 1976 278 1698 56367 2705 327 2378 53662 1244 52418
internal_count=58400 2033 57 36 1976 278 1698 56367 2705 327 2378 53662 1244 52418
is_linear=0
shrinkage=0.0940712


Tree=299
num_leaves=16
num_cat=0
split_feature=2 5 38 1 1 53 46 25 27 56 4 1 61 5 5
split_gain=13011.8 97501.2 178740 102077 92824.7 81299.4 152246 76263.2 76032.4 96462.9 64733.4 60356.8 29628.8 86677.6 39549.9
threshold=91.065000000000012 88.875000000000014 101.82377595231317 222.09000000000003 71.625000000000014 52.500000000000007 291.50000000000006 278.50000000000006 12.500000000000002 337.50000000000006 1.0000000180025095e-35 45.155000000000008 40.527777777777786 84.375000000000014 87.555000000000021
decision_type=2 2 2 2 2 2 8 10 10 8 2 2 2 2 2
left_child=1 12 3 -3 -4 6 11 -8 9 -7 -10 -2 14 -14 -1
right_child=5 2 4 -5 -6 8 7 -9 10 -11 -12 -13 13 -15 -16
leaf_value=-0.0091434822217194185 -2.2462667722971741 2.7573089296319653 -1.1993452721392805 -0.33334352301774672 0.62793763580790829 -1.8698594727772757 2.2957073779485797 -1.1643039510775139 0.2029088434750774 1.8525581386873269 -0.51974606588792893 0.086343595331589362 0.29488410606817506 4.3991221475222497 -0.73706842365265246
leaf_weight=48961 124 438 363 120 755 451 422 64 2154 70 2232 449 1083 46 668
leaf_count=48961 124 438 363 120 755 451 422 64 2154 70 2232 449 1083 46 668
internal_value=0.000218931 0.0152005 0.720806 2.09335 0.0336847 -0.131399 0.615497 1.83754 -0.29276 -1.36544 -0.16487 -0.422957 -0.00811721 0.468064 -0.0189667
internal_weight=58400 52434 1676 558 1118 5966 1059 486 4907 521 4386 573 50758 1129 49629
internal_count=58400 52434 1676 558 1118 5966 1059 486 4907 521 4386 573 50758 1129 49629
is_linear=0
shrinkage=0.0940712


Tree=300
num_leaves=14
num_cat=0
split_feature=5 6 66 39 54 23 58 23 24 27 58 27 58
split_gain=12413.8 63586.6 66285.7 87751.5 70670.1 42374.4 20227.4 69331 63444 58076.8 26473.1 109659 35762.2
threshold=10.310000000000002 16.500000000000004 1.0000000180025095e-35 400.50000000000006 337.50000000000006 114.50000000000001 25.490167461085658 44.500000000000007 33.500000000000007 83.500000000000014 4.5842281583616442 135.50000000000003 4.1225614365825125
decision_type=2 2 2 2 2 10 2 10 10 10 2 8 2
left_child=1 2 4 -4 -1 -3 10 9 -9 -8 12 -12 -2
right_child=6 5 3 -5 -6 -7 7 8 -10 -11 11 -13 -14
leaf_value=0.95461980340384733 -0.0038331877801742187 -5.1036613808168134 1.0187659708625554 -1.1780628435384817 4.8119280240889761 0.79663980889680364 -6.3935120912534522 -2.6089526396363198 2.6032144938059099 0.51896906988636793 0.35503609823236953 -1.427860182664517 1.1991042706802242
leaf_weight=178 55824 29 356 291 54 15.999999999999998 17 23 136 25 684 549 218
leaf_count=178 55824 29 356 291 54 16 17 23 136 25 684 549 218
internal_value=0.000209295 0.341984 0.520704 0.0300502 1.87915 -3.0467 -0.00529212 0.93309 1.83043 -2.40492 -0.00861281 -0.439508 0.00087719
internal_weight=58400 924 879 647 232 45 57476 201 159 42 57275 1233 56042
internal_count=58400 924 879 647 232 45 57476 201 159 42 57275 1233 56042
is_linear=0
shrinkage=0.0940712


Tree=301
num_leaves=14
num_cat=0
split_feature=49 0 59 25 10 25 49 24 0 47 18 49 64
split_gain=11265.7 77472.9 77481.5 93087.9 72703.9 36363.4 25188.8 88289.8 71568 61529.5 101699 52816.4 29001.7
threshold=359.46428571428578 198.50000000000003 1.47 26.500000000000004 19.500000000000004 135.50000000000003 333.73214285714295 452.50000000000006 31.500000000000004 445.50000000000006 -0.6830127018922193 326.17142857142863 1.2168604651162791
decision_type=2 2 2 8 2 8 2 10 2 2 2 2 2
left_child=6 2 3 -2 -4 -3 9 8 -8 11 -11 -1 -9
right_child=1 5 4 -5 -6 -7 7 12 -10 10 -12 -13 -14
leaf_value=0.014786473016237677 -2.4918532765046266 1.1121940865378221 1.1267236108256873 -0.36412988203476204 -0.72030075061367127 7.4384788612581376 1.712770726154252 -6.1744959774114703 0.16698071289474892 1.4427943795181473 -3.8296335736071168 -0.48897665627120251 -0.91375367564177834
leaf_weight=49735 209 17 533 1348 290 14.999999999999998 283 23 3881 49 90 1911 15.999999999999998
leaf_count=49735 209 17 533 1348 290 15 283 23 3881 49 90 1911 16
internal_value=0.000178597 -0.198814 -0.261987 -0.652031 0.475604 4.2895 0.00875891 0.230196 0.272671 -0.00921745 -1.97473 -0.00386549 -4.13761
internal_weight=58400 2412 2380 1557 823 32 55988 4203 4164 51785 139 51646 39
internal_count=58400 2412 2380 1557 823 32 55988 4203 4164 51785 139 51646 39
is_linear=0
shrinkage=0.0940712


Tree=302
num_leaves=13
num_cat=0
split_feature=5 26 5 48 23 33 33 8 39 36 10 38
split_gain=11745.1 85717.6 75277.1 83465.1 68395.8 65990 96027.8 91748.4 60355.6 34852.8 92993.8 43357
threshold=21.895000000000003 1.0000000180025095e-35 22.685000000000006 204.44314613114338 32.500000000000007 449.50000000000006 425.50000000000006 7.3500000000000005 396.50000000000006 461.50000000000006 27.500000000000004 141.13075806853888
decision_type=2 8 2 2 8 2 2 2 2 2 2 2
left_child=1 8 3 4 -2 6 -3 -7 -1 11 -11 -4
right_child=2 5 9 -5 -6 7 -8 -9 -10 10 -12 -13
leaf_value=8.5568937539972509 -4.1862013735137769 0.097025117598682667 0.0043883107976572504 4.6662735952441672 -0.96760736535591918 3.5046910154719679 -1.590837846153484 0.25515307267637261 1.2576583777893486 -0.54664704841732581 1.3288406690874126 0.98844631743204892
leaf_weight=15.999999999999998 68 6999 47367 19 378 115 310 227 25 2218 260 398
leaf_count=16 68 6999 47367 19 378 115 310 227 25 2218 260 398
internal_value=0.000156643 0.108464 -0.016273 -1.20567 -1.47151 0.0850098 0.0250952 1.35916 4.31853 -0.00522547 -0.349101 0.0126226
internal_weight=58400 7692 50708 465 446 7651 7309 342 41 50243 2478 47765
internal_count=58400 7692 50708 465 446 7651 7309 342 41 50243 2478 47765
is_linear=0
shrinkage=0.0940712


Tree=303
num_leaves=16
num_cat=0
split_feature=2 2 57 26 5 49 50 56 2 8 29 70 26 23 39
split_gain=11823.4 68452.3 86407.2 93377.2 74379.5 79804.7 74192.4 65752.7 53011.4 152086 97070.9 71990.3 52870.1 106684 59807.4
threshold=55.185000000000009 64.00500000000001 -335.49999999999994 460.50000000000006 60.865000000000002 326.9285714285715 144.11239000263572 -215.49999999999997 49.115000000000002 5.9500000000000011 69.077251272623144 3.5000000000000004 4.5000000000000009 49.500000000000007 324.50000000000006
decision_type=2 2 10 8 2 2 2 8 2 2 2 2 8 10 2
left_child=8 2 6 -4 5 -3 -2 -6 12 10 -10 -11 13 -1 -14
right_child=1 4 3 -5 7 -7 -8 -9 9 11 -12 -13 14 -15 -16
leaf_value=-1.2589658141094828 -4.3449706002660688 1.376843400452558 -0.33371614274233802 2.211830289186449 0.42180700917660557 8.5246502752158939 0.069257665007489144 -0.044044355246642623 -1.7738343425685881 0.14030458716890792 0.079424065237594307 1.1050574981272714 0.36847179482665599 1.5921642705462562 -0.082573684050622639
leaf_weight=155 85 90 5494 129 3092 14.999999999999998 55 20113 388 1135 698 1726 2952 450 21823
leaf_count=155 85 90 5494 129 3092 15 55 20113 388 1135 698 1726 2952 450 21823
internal_value=0.00017634 -0.0423322 -0.332591 -0.274697 0.0294414 2.50909 -2.62828 0.0180478 0.042321 0.362965 -0.584178 0.722655 -0.00755862 0.860141 -0.0288056
internal_weight=58400 29073 5763 5623 23310 105 140 23205 29327 3947 1086 2861 25380 605 24775
internal_count=58400 29073 5763 5623 23310 105 140 23205 29327 3947 1086 2861 25380 605 24775
is_linear=0
shrinkage=0.0940712


Tree=304
num_leaves=15
num_cat=0
split_feature=33 33 54 50 39 31 11 34 11 68 54 32 35 34
split_gain=12102.9 67054.7 96193.3 73078.4 57931.6 122159 89981 63651 160002 60053.3 58792.2 41998.8 85218.6 45507.9
threshold=362.50000000000006 361.50000000000006 89.500000000000014 117.16400796239355 368.50000000000006 172.6428571428572 11.500000000000002 120.73214285714288 49.500000000000007 1.0000000180025095e-35 634.50000000000011 140.26556445246715 133.20353342384365 218.07142857142858
decision_type=2 2 2 2 2 2 2 2 2 2 2 2 2 2
left_child=1 11 -3 -4 5 6 -2 8 -6 -7 -9 13 -13 -1
right_child=4 2 3 -5 7 9 -8 10 -10 -11 -12 12 -14 -15
leaf_value=-0.0031483755591015638 6.5417265648798928 4.6426328339246519 0.41091634410102268 -3.4895150863395075 -0.71366638871897947 2.386816907848528 1.5732476307977865 0.11368304147113104 3.4382193504041045 -2.5860559279427409 -5.4944807148696109 -0.057329061895768446 -2.7929887247135099 -2.125946644811286
leaf_weight=41507 36 18 61 136 1612 27 245 14011 85 87 14.999999999999998 328 144 88
leaf_count=41507 36 18 61 136 1612 27 245 14011 85 87 15 328 144 88
internal_value=0.000180615 -0.026258 -1.67734 -2.2874 0.0695402 1.19248 2.24286 0.0412056 -0.502661 -1.39084 0.107066 -0.0177546 -0.898661 -0.00772212
internal_weight=58400 42282 215 197 16118 395 281 15723 1697 114 14026 42067 472 41595
internal_count=58400 42282 215 197 16118 395 281 15723 1697 114 14026 42067 472 41595
is_linear=0
shrinkage=0.0940712


Tree=305
num_leaves=16
num_cat=0
split_feature=39 10 23 50 50 50 45 56 37 57 0 48 36 38 3
split_gain=11464 68694.5 120875 138283 99345.9 121735 82173.1 76366 52842.4 79631.7 84736.9 51892.5 60590.6 47999.4 37925.9
threshold=388.50000000000006 13.500000000000002 9.5000000000000018 144.11239000263572 160.71003168802358 161.65483510623099 439.50000000000006 -367.49999999999994 97.017857142857153 26.500000000000004 40.500000000000007 15.044378795195003 343.50000000000006 87.48263622107406 12.500000000000002
decision_type=2 2 8 2 2 2 8 8 2 10 2 2 2 2 2
left_child=1 2 3 -1 6 -6 -3 -4 9 10 -2 12 -10 -13 -11
right_child=8 4 7 -5 5 -7 -8 -9 11 14 -12 13 -14 -15 -16
leaf_value=2.3322456263349398 -6.0376543333650892 -0.17429952768547038 -2.1020285813786597 -0.69617545863777563 3.8257059130721411 0.34101193738831093 -0.90336786617189535 0.082264151552020298 -0.72754710295552061 -1.3615622425459513 1.0342139678706808 1.8132140945914106 1.8875741450345582 0.026107808062526282 -5.7818289188212306
leaf_weight=431 15.999999999999998 11702 142 192 94 1248 1548 10581 109 31 101 132 271 31761 41
leaf_count=431 16 11702 142 192 94 1248 1548 10581 109 31 101 132 271 31761 41
internal_value=0.000167852 -0.0464555 0.127142 1.39932 -0.181444 0.589353 -0.259583 0.0530249 0.0374255 -1.52446 0 0.0466496 1.13721 0.0335967 -3.94967
internal_weight=58400 25938 11346 623 14592 1342 13250 10723 32462 189 117 32273 380 31893 72
internal_count=58400 25938 11346 623 14592 1342 13250 10723 32462 189 117 32273 380 31893 72
is_linear=0
shrinkage=0.0940712


Tree=306
num_leaves=15
num_cat=0
split_feature=26 46 49 25 2 6 30 57 33 33 12 57 47 49
split_gain=11782.1 85200.2 76678.5 83834.6 60517.7 53312.3 41000.1 19758.3 59325.3 87270.5 49297.8 42530.8 84134.3 30017.9
threshold=9.5000000000000018 473.50000000000006 332.9285714285715 150.50000000000003 55.185000000000009 9.5000000000000018 180.50000000000003 176.50000000000003 205.50000000000003 211.50000000000003 9.5000000000000018 143.50000000000003 268.16666666666669 376.64285714285717
decision_type=8 10 2 10 2 2 2 10 2 2 2 10 2 2
left_child=1 2 4 -4 -1 6 -3 11 10 -10 -9 13 -13 -2
right_child=7 5 3 -5 -6 -7 -8 8 9 -11 -12 12 -14 -15
leaf_value=0.54272618282088603 -0.0019588627687740184 2.4302896323609886 -2.7806850487654722 0.34407520653778267 -0.38118153193678878 -6.4939818429610208 -3.1433965921309421 -4.6061736022895028 4.8999351992457649 0.16061293697402379 0.92201752236556689 0.37705023372856505 -0.81402964800397803 0.5677148528016791
leaf_weight=1234 45413 15.999999999999998 182 129 1273 27 34 40 33 6844 21 799 1523 832
leaf_count=1234 45413 16 182 129 1273 27 34 40 33 6844 21 799 1523 832
internal_value=0.000135656 -0.184824 -0.099535 -1.48891 0.0735904 -3.24054 -1.33778 0.00978986 0.15827 0.184481 -2.72549 -0.0114229 -0.404147 0.0083063
internal_weight=58400 2895 2818 311 2507 77 50 55505 6938 6877 61 48567 2322 46245
internal_count=58400 2895 2818 311 2507 77 50 55505 6938 6877 61 48567 2322 46245
is_linear=0
shrinkage=0.0940712


Tree=307
num_leaves=16
num_cat=0
split_feature=50 63 1 0 54 47 5 2 49 21 1 53 50 20 49
split_gain=11572.8 84085.6 86915.7 76882.5 106316 79426.2 74415.8 49771.9 22927.9 117912 111580 40726.2 28440.7 72453.4 28367.1
threshold=66.918392975352518 20.500000000000004 18.635000000000002 34.500000000000007 420.50000000000006 312.41666666666669 82.265000000000015 62.285000000000004 157.6428571428572 -0.95297903005573326 63.925000000000004 102.50000000000001 90.303061172506702 0.8542199457734333 397.21428571428578
decision_type=2 2 2 2 2 2 2 2 2 2 2 2 2 2 2
left_child=1 2 7 5 -5 -3 -4 -1 9 11 -11 -2 13 -10 -14
right_child=8 3 6 4 -6 -7 -8 -9 12 10 -12 -13 14 -15 -16
leaf_value=8.8658073757438274 0.66889895191624504 5.7232883606670359 -0.24091711241965083 -1.5240478293374955 2.0788629985177307 -0.47396493193879174 3.0668657337571861 1.4327290540367348 0.058367093876750514 -4.2149575100445134 -0.24292375120009779 7.0791910707598564 -0.011379328760836275 1.0376965211771232 1.6194098484212136
leaf_weight=15.999999999999998 15.999999999999998 29 311 660 80 45 73 15.999999999999998 3611 85 227 19 52300 819 93
leaf_count=16 16 29 311 660 80 45 73 16 3611 85 227 19 52300 819 93
internal_value=0.000102834 -0.285206 0.800724 -0.840803 -1.13082 2.0211 0.397452 5.39259 0.00625103 -0.754371 -1.34105 4.30594 0.0109187 0.239752 -0.00843402
internal_weight=58400 1230 416 814 740 74 384 32 57170 347 312 35 56823 4430 52393
internal_count=58400 1230 416 814 740 74 384 32 57170 347 312 35 56823 4430 52393
is_linear=0
shrinkage=0.0940712


Tree=308
num_leaves=16
num_cat=0
split_feature=63 11 6 58 5 68 34 31 42 1 31 63 42 46 61
split_gain=11508.2 86453 62046.9 99759.6 60473.1 50110.8 63673.8 44780.2 35285.5 141674 92603 70703.1 42311.7 100885 24735.3
threshold=-126.49999999999999 2.5000000000000004 16.500000000000004 0.9999999810228678 90.925000000000026 1.0000000180025095e-35 148.39285714285717 133.58571428571432 90.500000000000014 46.725000000000001 76.214285714285737 -124.49999999999999 94.500000000000014 490.50000000000006 0.99676897379684737
decision_type=2 2 2 2 2 2 2 2 2 2 2 2 2 8 2
left_child=1 5 4 -4 -3 7 -7 -1 9 11 -11 -2 13 -10 -14
right_child=8 2 3 -5 -6 6 -8 -9 12 10 -12 -13 14 -15 -16
leaf_value=3.6674487366296105 -5.0770898695439284 0.29997288080559043 -3.9053187929382767 3.0041303530811856 -1.0115172042380607 -4.568680060649644 0.84816510886168706 -2.8445040088611058 0.5378479298266744 -2.3264767121145802 0.30331017043979186 -1.5011752461385526 -1.214083663848027 6.4891978922756364 -0.0025770035036452653
leaf_weight=20 58 3042 20 135 345 75 25 14.999999999999998 507 131 1115 292 148 25 52447
leaf_count=20 58 3042 20 135 345 75 25 15 507 131 1115 292 148 25 52447
internal_value=0.000156452 0.161221 0.250694 2.08173 0.165943 -2.1614 -3.22101 0.870866 -0.0106679 -0.446273 0.0241568 -2.11403 0.00242853 0.835925 -0.00602447
internal_weight=58400 3677 3542 155 3387 135 100 35 54723 1596 1246 350 53127 532 52595
internal_count=58400 3677 3542 155 3387 135 100 35 54723 1596 1246 350 53127 532 52595
is_linear=0
shrinkage=0.0940712


Tree=309
num_leaves=16
num_cat=0
split_feature=27 43 28 40 7 28 49 32 43 19 27 46 43 32 0
split_gain=11269.1 66870.5 69710.2 124703 68019.7 97897 64406.5 41778.8 37460.4 63668.6 102888 68785.6 41318.8 73751.9 39347.8
threshold=44.500000000000007 493.50000000000006 236.16666666666671 166.91351824362542 203.50000000000003 23.500000000000004 181.21428571428575 146.84312971376153 479.50000000000006 -0.9330127018922193 242.50000000000003 86.500000000000014 476.50000000000006 61.383261251784155 123.50000000000001
decision_type=8 10 2 2 2 2 2 2 10 2 10 8 10 2 2
left_child=1 4 3 -3 6 -6 -1 -4 12 10 -10 -11 14 -14 -2
right_child=8 2 7 -5 5 -7 -8 -9 9 11 -12 -13 13 -15 -16
leaf_value=-1.8120270049958835 0.066602657237497545 2.3087044732453568 8.5065720609596198 -3.9103548308900549 -3.2234287130028076 -0.062293590398023069 0.44238780939959182 1.7903349392465149 0.0443095419670686 1.2558908561100772 5.2390555801212564 -0.7517588196070295 7.1788100212151233 0.72337457031995267 -0.1153416850337053
leaf_weight=114 24602 129 18 35 86 8804 3819 15.999999999999998 150 164 42 1730 14.999999999999998 304 18372
leaf_count=114 24602 129 18 35 86 8804 3819 16 150 164 42 1730 15 304 18372
internal_value=0.000122761 0.0772633 1.78605 0.956342 0.0506538 -0.0934486 0.376317 5.56692 -0.022011 -0.411233 1.21441 -0.57696 -0.00323989 1.0608 -0.0111796
internal_weight=58400 13021 198 164 12823 8890 3933 34 45379 2086 192 1894 43293 319 42974
internal_count=58400 13021 198 164 12823 8890 3933 34 45379 2086 192 1894 43293 319 42974
is_linear=0
shrinkage=0.0940712


Tree=310
num_leaves=15
num_cat=0
split_feature=0 53 49 31 42 27 27 24 64 61 0 42 8 49
split_gain=12013.8 73170.7 76842 101603 85267.6 72886.3 101196 68290.9 42264.8 49859.7 34987.3 115041 35306.5 27144.3
threshold=51.500000000000007 161.50000000000003 238.34285714285718 147.21428571428575 318.50000000000006 37.500000000000007 48.500000000000007 33.500000000000007 0.13491590890802288 1.0715199123127512 61.500000000000007 497.50000000000006 0.65000000000000002 301.78571428571433
decision_type=2 2 2 2 2 8 8 10 2 2 2 2 2 2
left_child=1 2 4 -4 -1 7 -7 -3 9 13 11 -10 -12 -2
right_child=8 5 3 -5 -6 6 -8 -9 10 -11 12 -13 -14 -15
leaf_value=0.25210178406236755 -1.7600724301711381 0.86737234755457826 -0.48987363759990599 0.27334208033753632 1.8446709133300707 2.3371263872646382 -0.49664733983423476 -2.2258017047244989 0.28053394116640912 0.95272368330738233 0.46812646626217308 7.7089236182051657 -0.013238364715328351 -6.8287117241181718
leaf_weight=1531 20 76 3200 2979 368 118 1658 351 3177 24 1390 17 43472 19
leaf_count=1531 20 76 3200 2979 368 118 1658 351 3177 24 1390 17 43472 19
internal_value=0.000156294 -0.0921397 0.0389327 -0.121918 0.562048 -0.572503 -0.306409 -1.67381 0.019881 -2.3854 0.0231143 0.323858 0.00168916 -4.40034
internal_weight=58400 10281 8078 6179 1899 2203 1776 427 48119 63 48056 3194 44862 39
internal_count=58400 10281 8078 6179 1899 2203 1776 427 48119 63 48056 3194 44862 39
is_linear=0
shrinkage=0.0940712


Tree=311
num_leaves=16
num_cat=0
split_feature=10 36 36 43 23 27 30 33 36 48 64 25 6 40 48
split_gain=11117.4 65762 129419 98996.2 114112 97268.6 71519.7 33354.8 16453.6 69314 97864.1 62867 51293.3 58662.3 49015.5
threshold=1.5000000000000002 333.50000000000006 339.50000000000006 462.50000000000006 252.50000000000003 18.500000000000004 394.50000000000006 274.50000000000006 328.50000000000006 21.779194965224736 0.17714514877644741 40.500000000000007 18.500000000000004 143.62478666769672 61.554853586049326
decision_type=2 2 2 10 10 10 2 2 2 2 2 8 2 2 2
left_child=1 3 7 5 -5 -1 -4 -3 9 10 -2 -11 14 -14 -10
right_child=8 2 6 4 -6 -7 -8 -9 12 11 -12 -13 13 -15 -16
leaf_value=-3.0486963114809065 4.4335800171188948 -0.84531422731858552 -0.7158512149456272 5.992666978623526 -3.0606555568526965 0.53517943608687368 1.4803548928127828 -6.0420053207701185 0.29337223266450302 0.28806586810371593 -1.3080717590292052 -0.12152618389000905 7.707797761608532 -0.039794477978909046 -0.0053877231329869813
leaf_weight=74 26 14.999999999999998 978 51 14.999999999999998 591 150 46 5763 4267 580 14860 14.999999999999998 18 30951
leaf_count=74 26 15 978 51 15 591 150 46 5763 4267 580 14860 15 18 30951
internal_value=0.00014997 -0.222366 -0.653765 0.479046 3.91004 0.129975 -0.422048 -4.81914 0.00772244 -0.0615592 -1.05076 -0.0301285 0.0449309 3.66731 0.0415157
internal_weight=58400 1920 1189 731 66 665 1128 61 56480 19733 606 19127 36747 33 36714
internal_count=58400 1920 1189 731 66 665 1128 61 56480 19733 606 19127 36747 33 36714
is_linear=0
shrinkage=0.0940712


Tree=312
num_leaves=16
num_cat=0
split_feature=32 28 54 43 22 22 30 6 33 32 43 65 71 71 58
split_gain=10916.8 65712.9 80064.7 72397 58194.7 56400 79642.1 78183.1 54631.6 113516 109694 98714.9 42240 91021.5 65687.3
threshold=88.746160211126949 211.83333333333334 305.50000000000006 248.50000000000003 264.50000000000006 254.50000000000003 241.50000000000003 6.5000000000000009 233.50000000000003 94.170817433640607 456.50000000000006 1.0000000180025095e-35 309.50000000000006 353.50000000000006 1.3775009047517679
decision_type=2 2 2 8 2 2 2 2 2 2 10 2 2 2 2
left_child=1 5 3 -3 -4 6 -1 -7 9 10 -2 -11 14 -14 -10
right_child=8 2 4 -5 -6 7 -8 -9 12 11 -12 -13 13 -15 -16
leaf_value=0.04386507635562803 -3.2187037818770046 2.7727683470595785 -4.9796168768006233 -1.0858399741390365 1.2290276992796212 -2.4228974299257819 0.68413117610693297 -0.042623350201861455 -0.048591224834899041 -4.9412548975095598 4.5864381983822478 1.9965557492320409 -0.61278594098319061 0.0035602107777682633 0.26888190762878522
leaf_weight=16557 191 50 65 259 15.999999999999998 185 1917 354 20660 20 15.999999999999998 114 3050 6947 7999
leaf_count=16557 191 50 65 259 16 185 1917 354 20660 20 16 114 3050 6947 7999
internal_value=0.000149195 0.0578092 -1.14848 -0.450262 -3.75164 0.0826519 0.110363 -0.864473 -0.0285375 -1.2113 -2.58498 0.915143 -0.0180522 -0.184535 0.040024
internal_weight=58400 19403 390 309 81 19013 18474 539 38997 341 207 134 38656 9997 28659
internal_count=58400 19403 390 309 81 19013 18474 539 38997 341 207 134 38656 9997 28659
is_linear=0
shrinkage=0.0940712


Tree=313
num_leaves=16
num_cat=0
split_feature=41 1 24 10 1 31 39 43 31 52 10 31 1 40 44
split_gain=11794.1 109783 131836 126928 77913.3 116165 65514.5 51284.1 21009.3 96711.4 91925.3 42217.8 32136.6 137147 32718.9
threshold=82.857489181270282 42.795000000000009 12.500000000000002 18.500000000000004 89.590000000000018 83.928571428571445 432.50000000000006 352.50000000000006 80.214285714285737 87.863483634988611 18.500000000000004 73.785714285714292 17.855000000000004 107.27368314706322 363.50000000000006
decision_type=2 2 8 2 2 2 2 10 2 2 2 2 2 2 8
left_child=1 2 3 -1 5 -3 -6 -4 9 11 -11 -2 13 -10 -14
right_child=8 4 7 -5 6 -7 -8 -9 12 10 -12 -13 14 -15 -16
leaf_value=-0.44784569115151629 -6.4114919642809713 2.4982874228282119 -1.6693749100491844 9.8482940231968943 -0.066536944871065568 -5.0248982863241096 2.7299668357347699 -5.6192374790654398 1.4134557135225023 -0.58260570672270517 0.4329492968928671 -0.95665807712018813 0.039739690329903897 -0.012561476723496796 -0.12384501717085929
leaf_weight=29 30 274 206 14.999999999999998 725 18 81 33 746 1944 1325 22 34159 2959 15834
leaf_count=29 30 274 206 15 725 18 81 33 746 1944 1325 22 34159 2959 15834
internal_value=0.000120451 0.271607 -1.37551 3.27664 0.697604 2.00984 0.21908 -2.24821 -0.00646 -0.236018 -0.170929 -4.2012 0.0077413 0.275007 -0.0120713
internal_weight=58400 1381 283 44 1098 292 806 239 57019 3321 3269 52 53698 3705 49993
internal_count=58400 1381 283 44 1098 292 806 239 57019 3321 3269 52 53698 3705 49993
is_linear=0
shrinkage=0.0940712


Tree=314
num_leaves=16
num_cat=0
split_feature=58 38 43 55 61 45 39 38 27 1 1 50 55 48 58
split_gain=11636.9 63302.2 94865.3 110913 68307.4 63299.6 61023.1 57086.1 113210 142494 96643.1 46988.5 91868.1 45478.3 45041.7
threshold=1.0849328870280119 85.58390712447833 479.50000000000006 -240.49999999999997 166.33333333333334 237.50000000000003 482.50000000000006 84.237162053873845 236.50000000000003 57.585000000000008 44.405000000000008 183.48777044940218 40.500000000000007 69.514986393821729 1.2168726792672151
decision_type=2 2 10 8 2 10 2 2 8 2 2 2 8 2 2
left_child=1 2 3 -1 6 -4 -3 8 9 -2 -10 14 -13 -6 -9
right_child=7 4 5 -5 13 -7 -8 11 10 -11 -12 12 -14 -15 -16
leaf_value=2.5321719651304968 1.8833646102965482 0.14850626043553936 0.31878957345613029 -0.62376998604125167 0.85605219183452252 -6.800565603508443 -1.2655175844744402 -0.22665224096093839 -3.3949578972339505 0.20695495482121831 -0.21412328246735476 1.9603845582528336 -0.72391011324874377 -4.5555754236377677 -0.0013113024772189274
leaf_weight=105 625 16536 15.999999999999998 1311 19 33 273 11335 104 1583 426 278 188 44 25524
leaf_count=105 625 16536 16 1311 19 33 273 11335 104 1583 426 278 188 44 25524
internal_value=9.81639e-05 0.0621664 -0.530641 -0.387128 0.113692 -4.53533 0.125418 -0.0283089 0.386165 0.682535 -0.846664 -0.0587312 0.878379 -2.94031 -0.070619
internal_weight=58400 18337 1465 1416 16872 49 16809 40063 2738 2208 530 37325 466 63 36859
internal_count=58400 18337 1465 1416 16872 49 16809 40063 2738 2208 530 37325 466 63 36859
is_linear=0
shrinkage=0.0940712


Tree=315
num_leaves=16
num_cat=0
split_feature=44 67 55 29 71 57 52 0 49 49 63 34 45 34 69
split_gain=12655.9 69510.8 107483 118721 80603 60313.4 122600 54569.1 42162.6 129538 115679 66187.6 53423 56862.4 51989.6
threshold=239.50000000000003 1.0000000180025095e-35 -220.49999999999997 58.943475748664376 203.50000000000003 -121.49999999999999 130.71947986994641 20.500000000000004 271.07142857142861 264.75714285714292 264.50000000000006 181.17857142857147 498.50000000000006 126.8214285714286 1.0000000180025095e-35
decision_type=8 2 10 2 2 10 2 2 2 2 2 2 10 2 2
left_child=1 2 3 -1 -4 6 -3 -7 9 11 -11 -2 14 -14 -10
right_child=8 5 4 -5 -6 7 -8 -9 12 10 -12 -13 13 -15 -16
leaf_value=3.1133264025811664 0.024596487598208622 0.08780227619926248 -0.41664743895454981 0.55947571704502219 0.34102011844847607 -2.4533073279931097 -2.564527179446964 -0.099014751492772751 -0.60557474223144325 1.1098280886774681 -3.082170679858653 1.7455156734570858 2.6913711079568063 -3.4657018687432068 0.0048112738257786638
leaf_weight=213 10542 360 1958 651 3394 86 268 17798 1315 1575 59 200 14.999999999999998 71 19895
leaf_count=213 10542 360 1958 651 3394 86 268 17798 1315 1575 59 200 15 71 19895
internal_value=6.34195e-05 -0.0510344 0.221104 1.1937 0.0637673 -0.142431 -1.04744 -0.110556 0.037593 0.175668 0.955589 0.0568982 -0.0426493 -2.36151 -0.0330679
internal_weight=58400 24728 6216 864 5352 18512 628 17884 33672 12376 1634 10742 21296 86 21210
internal_count=58400 24728 6216 864 5352 18512 628 17884 33672 12376 1634 10742 21296 86 21210
is_linear=0
shrinkage=0.0940712


Tree=316
num_leaves=13
num_cat=0
split_feature=6 27 9 20 38 35 69 45 53 63 42 1
split_gain=12558.3 79850.2 72610.2 94066.6 66986.4 39174.3 25860.5 111437 80799.4 18295.1 71515.7 57064
threshold=2.5000000000000004 434.50000000000006 3.5000000000000004 -0.46472317204376817 119.52537863383544 105.46127094969712 1.0000000180025095e-35 56.500000000000007 133.50000000000003 116.50000000000001 312.50000000000006 24.725000000000005
decision_type=2 10 2 2 2 2 2 10 2 2 2 2
left_child=1 2 3 -1 -4 -3 7 -2 -9 10 -8 -11
right_child=6 5 4 -5 -6 -7 9 8 -10 11 -12 -13
leaf_value=-0.476971689010107 5.2322809870244935 1.4534247142221977 -0.035312885562296045 1.0191681825962311 -1.6661552969459104 7.7779643651522719 -0.02075517505040466 -1.2658162645083164 0.43135411465947909 -0.38208856904286198 -0.83518889189981615 0.11910744724987934
leaf_weight=548 28 19 992 1150 286 15.999999999999998 31899 655 398 2244 982 19183
leaf_count=548 28 19 992 1150 286 16 31899 655 398 2244 982 19183
internal_value=5.00895e-05 0.187101 0.133305 0.536246 -0.401961 4.55679 -0.0101209 -0.465385 -0.624532 -0.0010434 -0.0451208 0.0665884
internal_weight=58400 3011 2976 1698 1278 35 55389 1081 1053 54308 32881 21427
internal_count=58400 3011 2976 1698 1278 35 55389 1081 1053 54308 32881 21427
is_linear=0
shrinkage=0.0940712


Tree=317
num_leaves=14
num_cat=0
split_feature=6 1 50 53 24 38 21 5 45 18 53 37 24
split_gain=12212.4 73449.8 67790.2 92079.4 80838.9 54195.9 46757.7 38283.4 67957.9 89181.1 37316.2 66113.3 38432.1
threshold=5.5000000000000009 -3.3849999999999993 108.848627943606 34.500000000000007 415.50000000000006 117.3653990951133 -0.29696027566504651 102.50500000000001 435.50000000000006 0.68301270189221941 20.500000000000004 137.29670329670333 394.50000000000006
decision_type=2 2 2 2 8 2 2 2 8 2 2 2 8
left_child=1 5 3 -3 -4 6 -1 10 9 -9 11 -2 -12
right_child=7 2 4 -5 -6 -7 -8 8 -10 -11 12 -13 -14
leaf_value=-4.3542981069966427 0.21639469081923893 1.3356021924878985 0.2412697375071518 -0.39433701158451923 -1.4510315060527266 -6.6431312892602712 0.79496528161106095 0.59987495209425168 -6.4106735707357059 -5.2541539914042295 -0.030207272365940559 -2.9223501820678766 0.46372812275395653
leaf_weight=24 132 294 11072 3457 254 21 39 103 20 28 41409 106 1441
leaf_count=24 132 294 11072 3457 254 21 39 103 20 28 41409 106 1441
internal_value=7.35194e-05 0.0727195 0.0883158 -0.258213 0.203112 -2.67569 -1.22257 -0.0253973 -1.51296 -0.697564 -0.0201266 -1.19094 -0.0135775
internal_weight=58400 15161 15077 3751 11326 84 63 43239 151 131 43088 238 42850
internal_count=58400 15161 15077 3751 11326 84 63 43239 151 131 43088 238 42850
is_linear=0
shrinkage=0.0940712


Tree=318
num_leaves=16
num_cat=0
split_feature=56 58 51 41 47 32 38 35 56 58 42 1 64 12 27
split_gain=11063.2 83463.5 112157 155646 102702 79879.4 103467 87171.8 28441.6 120594 111132 98339.5 25272.3 75875.1 22818.1
threshold=280.50000000000006 1.1175364165925648 323.60714285714295 159.46086293752384 251.16666666666671 160.87950237884573 138.47498477737966 70.914454685006206 265.50000000000006 0.99999998515329258 473.50000000000006 52.195000000000007 0.071550463188688448 7.5000000000000009 129.50000000000003
decision_type=10 2 2 2 2 2 2 2 10 2 2 2 2 2 8
left_child=8 2 4 -4 -2 7 -7 -3 12 11 -11 -10 13 -1 -14
right_child=1 5 3 -5 -6 6 -8 -9 9 10 -12 -13 14 -15 -16
leaf_value=2.9192348835435724 2.3640176619545086 1.9076309776158629 9.2323712951671979 0.86384552519146396 -0.092967799262468828 2.6459508645117156 -4.1406307426948263 -0.71732671184761065 -6.9521465014728374 1.6394247855337203 -1.7419393545891126 -0.64208731320803747 0.055445238113877929 -1.1887511713526921 -0.06816817573334906
leaf_weight=92 170 116 28 60 1228 129 22 2372 27 537 101 95 29257 68 24098
leaf_count=92 170 116 28 60 1228 129 22 2372 27 537 101 95 29257 68 24098
internal_value=6.11247e-06 -0.14848 0.415104 3.6425 0.208021 -0.465935 1.62409 -0.593771 0.0112976 0.582136 1.10099 -2.1098 0.00317164 1.17794 -0.000383251
internal_weight=58400 4125 1486 88 1398 2639 151 2488 54275 760 638 122 53515 160 53355
internal_count=58400 4125 1486 88 1398 2639 151 2488 54275 760 638 122 53515 160 53355
is_linear=0
shrinkage=0.0940712


Tree=319
num_leaves=16
num_cat=0
split_feature=40 46 46 71 57 40 23 69 31 46 40 0 59 43 55
split_gain=11177.2 65198.7 97847 129880 109904 89001.5 84673.2 63565.9 63479.7 102927 134021 114816 80038.6 136086 61053.1
threshold=131.68963813430824 297.50000000000006 207.50000000000003 152.50000000000003 -215.49999999999997 129.49074654294785 33.500000000000007 8.5000000000000018 138.78571428571431 313.50000000000006 135.1156230008157 20.500000000000004 4.6200000000000037 108.50000000000001 -334.49999999999994
decision_type=2 8 10 2 10 2 10 2 2 8 2 2 2 10 8
left_child=1 2 3 -1 -4 6 -3 -7 9 10 -2 -11 14 -14 -10
right_child=8 5 4 -5 -6 7 -8 -9 12 11 -12 -13 13 -15 -16
leaf_value=-0.75810953083450439 1.2275700228735988 -0.5733202617774521 1.6286382825169921 0.084155161396485975 0.2613710095870882 -1.7791289395835745 -0.0069553863542417289 1.2203843864557971 0.81831288820678905 8.5340016394274141 -0.27538015850319753 0.67486579508832745 4.6784505016740638 0.49044649030374904 -0.095178174925811029
leaf_weight=2036 628 3088 579 7907 5025 466 9579 71 666 14.999999999999998 3161 2859 74 760 21486
leaf_count=2036 628 3088 579 7907 5025 466 9579 71 666 15 3161 2859 74 760 21486
internal_value=2.0636e-05 -0.0417682 0.0887735 -0.0883923 0.403073 -0.195476 -0.145089 -1.37992 0.0405482 0.296176 -0.0258404 0.72054 -0.0335607 0.870243 -0.0676526
internal_weight=58400 28751 15547 9943 5604 13204 12667 537 29649 6663 3789 2874 22986 834 22152
internal_count=58400 28751 15547 9943 5604 13204 12667 537 29649 6663 3789 2874 22986 834 22152
is_linear=0
shrinkage=0.0940712


Tree=320
num_leaves=15
num_cat=0
split_feature=59 47 51 28 6 1 8 59 31 21 31 14 29 29
split_gain=12562.8 74955.2 105975 73572.1 73610.5 71108.3 54037 21773.1 79822.7 108042 98188 17468.9 74701.1 48450.2
threshold=4.8300000000000001 182.83333333333334 274.30952380952385 158.50000000000003 14.500000000000002 93.575000000000017 29.250000000000004 4.6900000000000039 144.21428571428575 -0.1799261722714405 87.928571428571445 2022.5000000000002 32.807519463277494 53.125637251079333
decision_type=2 2 2 2 2 2 2 2 2 2 2 2 2 2
left_child=7 2 6 5 -5 -3 -2 11 10 -10 -9 12 -1 -13
right_child=1 3 -4 4 -6 -7 -8 8 9 -11 -12 13 -14 -15
leaf_value=0.46346089206117141 -0.81224013144236717 -2.5518463125314237 7.5447153358282266 1.235817664382298 -2.7166410832636139 -0.3358928240640458 4.6690961349239073 2.6759238846184488 -0.20400207466844603 3.2130984825403113 -0.88547000715371171 -0.26409636994689906 -0.0057023187225160692 0.018146338238021455
leaf_weight=3415 69 231 22 237 49 287 19 81 153 174 401 7208 24822 21232
leaf_count=3415 69 231 22 237 49 287 19 81 153 174 401 7208 24822 21232
internal_value=5.98744e-05 -0.345658 1.94023 -0.661715 0.547135 -1.32903 0.430588 0.00556806 0.489674 1.62052 -0.280009 -0.00135308 0.0510566 -0.053393
internal_weight=58400 914 110 804 286 518 88 57486 809 327 482 56677 28237 28440
internal_count=58400 914 110 804 286 518 88 57486 809 327 482 56677 28237 28440
is_linear=0
shrinkage=0.0940712


Tree=321
num_leaves=16
num_cat=0
split_feature=59 53 21 57 64 8 23 22 59 47 57 53 34 38 22
split_gain=11484.2 92237.1 148056 122779 79483.6 71601.3 136678 98678 29105.7 110053 82763.5 81516.9 29894.7 85018.4 31679.7
threshold=3.3799999999999977 143.50000000000003 -0.98182534576205283 -115.49999999999999 17.866071428571434 4.2500000000000009 23.500000000000004 40.500000000000007 3.2599999999999993 293.83333333333343 -43.499999999999993 169.50000000000003 204.67857142857147 112.08850374570254 1.0000000180025095e-35
decision_type=2 2 2 10 2 2 10 2 2 2 8 2 2 2 2
left_child=8 5 3 -3 -4 7 -7 -2 12 10 -10 -11 14 -14 -1
right_child=1 2 4 -5 -6 6 -8 -9 9 11 -12 -13 13 -15 -16
leaf_value=-1.0670881119424369 0.64553596823455783 2.1701842597639969 0.40595542235748322 -3.6263726244429724 3.0872166779381987 1.1118941174579291 -0.32527388638372096 -1.3604404133229282 3.1511369430253104 -1.6762249802383937 0.44075718644205775 2.7154160818044359 3.2246153344860033 0.21117900117029287 0.0063405777941073597
leaf_weight=243 276 41 2723 137 100 671 4527 999 172 209 236 44 94 626 47302
leaf_count=243 276 41 2723 137 100 671 4527 999 172 209 236 44 94 626 47302
internal_value=8.41268e-05 -0.0947038 0.336249 -2.28325 0.502633 -0.294554 -0.13945 -0.925848 0.0184438 0.637705 1.59133 -0.899994 0.00993993 0.610901 0.000816822
internal_weight=58400 9474 3001 178 2823 6473 5198 1275 48926 661 408 253 48265 720 47545
internal_count=58400 9474 3001 178 2823 6473 5198 1275 48926 661 408 253 48265 720 47545
is_linear=0
shrinkage=0.0940712


Tree=322
num_leaves=15
num_cat=0
split_feature=37 70 24 56 23 1 53 37 47 45 34 35 40 35
split_gain=11554.5 49554.4 86278 131305 83586.8 48050.4 41766.1 15850.3 80496.3 75111.2 74900.2 26907.3 101231 61953.9
threshold=188.87500000000003 6.5000000000000009 143.50000000000003 254.50000000000003 168.50000000000003 26.285000000000004 176.50000000000003 167.76785714285717 193.50000000000003 431.50000000000006 133.19805194805198 146.29596072675258 107.27368314706322 144.24246985474588
decision_type=2 2 8 8 8 2 2 2 2 8 2 2 2 2
left_child=7 2 3 -2 -4 -3 -7 11 9 -9 -10 13 -13 -1
right_child=1 5 4 -5 -6 6 -8 8 10 -11 -12 12 -14 -15
leaf_value=-0.0060888362731904375 3.8290471410181528 -5.9974472021573293 -2.7660977364571111 -3.5466473917462888 0.64152093685309541 -0.56167930600445792 -5.1090348032605535 -2.2981151081820559 -2.0837752298425793 1.3402550886023976 0.40702414411225857 2.0047808336033586 -0.67146919695137808 1.2096766508744767
leaf_weight=52491 96 19 108 26 151 142 19 197 109 66 3181 137 1286 372
leaf_count=52491 96 19 108 26 151 142 19 197 109 66 3181 137 1286 372
internal_value=0.000100153 -0.424171 0.184295 2.2312 -0.786993 -1.7033 -1.14302 0.00422883 0.196677 -1.38207 0.323515 -0.00836981 -0.411808 0.00249966
internal_weight=58400 561 381 122 259 180 161 57839 3553 263 3290 54286 1423 52863
internal_count=58400 561 381 122 259 180 161 57839 3553 263 3290 54286 1423 52863
is_linear=0
shrinkage=0.0940712


Tree=323
num_leaves=16
num_cat=0
split_feature=53 46 52 46 23 58 21 48 46 54 52 44 53 10 11
split_gain=10911.9 73637.7 98460.2 95617.3 89821.5 65174 75626.1 68203.5 41483.4 74118.5 69432.5 58507.2 42926 101776 51746.4
threshold=78.500000000000014 495.50000000000006 135.47064886275197 497.50000000000006 84.500000000000014 3.5327141547187577 0.98182534576205305 168.36072384417164 495.50000000000006 191.50000000000003 127.185574377064 179.50000000000003 80.500000000000014 28.500000000000004 50.500000000000007
decision_type=2 10 2 10 10 2 2 2 10 2 2 10 2 2 2
left_child=1 5 4 -4 -3 7 -7 -1 12 10 -10 -11 13 -2 -14
right_child=8 2 3 -5 -6 6 -8 -9 9 11 -12 -13 14 -15 -16
leaf_value=0.1666385600494838 -1.1230701125667348 5.9973628451831464 3.1634427329854207 -3.1627058280586038 1.1167849457735672 -1.051329353658716 2.9891609486412474 -0.28539279988946237 4.0531532155507213 -3.7948887716821988 -0.82970264634168955 -0.88339359393223593 0.016414434075078629 3.5940885144040662 -0.54288731449764993
leaf_weight=14405 577 60 33 53 75 709 42 3714 42 85 62 213 36765 42 1523
leaf_count=14405 577 60 33 53 75 709 42 3714 42 85 62 213 36765 42 1523
internal_value=5.56936e-05 0.0584038 1.75954 -0.720664 3.33063 0.0383299 -0.819462 0.0739584 -0.0282799 -0.977138 1.17181 -1.72973 -0.0184339 -0.794563 -0.00585111
internal_weight=58400 19091 221 86 135 18870 751 18119 39309 402 104 298 38907 619 38288
internal_count=58400 19091 221 86 135 18870 751 18119 39309 402 104 298 38907 619 38288
is_linear=0
shrinkage=0.0940712


Tree=324
num_leaves=13
num_cat=0
split_feature=0 41 45 45 26 45 35 52 26 45 52 52
split_gain=11277.3 49019.7 47880.6 55580.2 47014.4 13378.9 59485.1 54301.9 25264.6 16280.3 69956.1 18349.6
threshold=22.500000000000004 204.78731208136088 484.50000000000006 267.50000000000006 129.50000000000003 52.500000000000007 74.311140502409231 144.59068791727017 123.50000000000001 58.500000000000007 158.34948821187493 155.84704744164898
decision_type=2 2 10 8 10 8 2 2 10 8 2 2
left_child=1 2 3 -1 -4 6 8 -8 -2 10 -7 -11
right_child=5 -3 4 -5 -6 9 7 -9 -10 11 -12 -13
leaf_value=0.36176037068456696 -6.9422780815499987 -4.9777516237919839 6.633333162839075 -1.0845645115964104 -0.27570647707816603 0.15657872939592712 -1.1415066911777085 1.4413316759461536 -1.708286355450324 0.015924611721221681 3.3079674390810334 -0.22286226572773268
leaf_weight=479 14.999999999999998 18 15.999999999999998 459 17 690 187 115 19 53311 67 3007
leaf_count=479 15 18 16 459 17 690 187 115 19 53311 67 3007
internal_value=7.39525e-05 -0.314629 -0.220203 -0.346475 3.21882 0.00550584 -0.584976 -0.155205 -4.22438 0.00900012 0.441901 0.00316694
internal_weight=58400 989 971 938 33 57411 336 302 34 57075 757 56318
internal_count=58400 989 971 938 33 57411 336 302 34 57075 757 56318
is_linear=0
shrinkage=0.0940712


Tree=325
num_leaves=14
num_cat=0
split_feature=1 56 35 21 35 6 1 36 63 69 63 43 2
split_gain=10627 148743 145104 91952.1 145889 100374 39170.5 182385 118251 102004 26684.5 62087 50530.1
threshold=17.855000000000004 -391.49999999999994 106.12339904155418 -0.61559370248597534 146.29596072675258 17.500000000000004 20.265000000000004 247.50000000000003 132.50000000000003 6.5000000000000009 116.50000000000001 74.500000000000014 89.285000000000011
decision_type=2 8 2 2 2 2 2 2 2 2 2 8 2
left_child=1 2 -1 4 -3 -5 7 9 -9 -2 11 -8 -12
right_child=6 3 -4 5 -6 -7 10 8 -10 -11 12 -13 -14
leaf_value=0.54200610177492858 6.9367747293901054 1.0112919180696514 12.642723131547667 -0.25469389443485907 -4.735350519897044 4.8460194574559718 0.48118921088209654 -0.15002002698205916 -2.7791731559446955 -1.3160981992227712 0.13514263453005421 -0.08670653381429469 -0.30609026814480772
leaf_weight=19 39 1098 14.999999999999998 2806 39 33 1802 388 247 19 18537 30738 2620
leaf_count=19 39 1098 15 2806 39 33 1802 388 247 19 18537 30738 2620
internal_value=5.54314e-05 0.147816 6.20481 0.0935737 0.807843 -0.192729 -0.0108401 -0.712765 -1.17721 4.2675 -0.00175842 -0.0552321 0.0804776
internal_weight=58400 4010 34 3976 1137 2839 54390 693 635 58 53697 32540 21157
internal_count=58400 4010 34 3976 1137 2839 54390 693 635 58 53697 32540 21157
is_linear=0
shrinkage=0.0940712


Tree=326
num_leaves=16
num_cat=0
split_feature=55 25 48 38 53 66 56 25 43 27 52 54 32 13 45
split_gain=10830.4 77796.6 79185.2 90827.4 79322.9 73311.6 105868 83671.8 36245.8 113349 166320 93610.2 38307.6 144392 41629
threshold=138.50000000000003 54.500000000000007 102.23502335305663 76.254480228649257 190.50000000000003 2.5000000000000004 247.50000000000003 95.500000000000014 74.500000000000014 360.50000000000006 136.75174024933662 307.50000000000006 49.65763733230397 3.5000000000000004 321.50000000000006
decision_type=10 10 2 2 2 2 10 8 8 10 2 2 2 2 10
left_child=8 2 4 -4 -2 7 -7 -3 9 11 -11 -1 13 -10 -14
right_child=1 5 3 -5 -6 6 -8 -9 12 10 -12 -13 14 -15 -16
leaf_value=0.5213926109031678 -1.611289422962739 0.77277931025931113 2.5066623736783216 -0.32195508969971737 3.0937284415124542 -0.70583437706138263 0.75714154992342231 0.038372290270521268 0.03899478544131766 11.992147384207319 -0.20904889403815699 -4.9397464700302427 0.10485384091136452 -1.8107275338413495 -0.089097033381102989
leaf_weight=1014 614 1821 102 3354 32 1913 566 5566 1651 17 21 27 25209 481 16012
leaf_count=1014 614 1821 102 3354 32 1913 566 5566 1651 17 21 27 25209 481 16012
internal_value=9.26866e-05 -0.0721531 -0.416379 -0.237341 -1.37113 0.0709968 -0.371494 0.219556 0.022809 0.560976 5.50406 0.372442 0.00939212 -0.379281 0.0295114
internal_weight=58400 13968 4102 3456 646 9866 2479 7387 44432 1079 38 1041 43353 2132 41221
internal_count=58400 13968 4102 3456 646 9866 2479 7387 44432 1079 38 1041 43353 2132 41221
is_linear=0
shrinkage=0.0940712


Tree=327
num_leaves=16
num_cat=0
split_feature=44 8 8 23 36 30 61 28 44 8 8 34 50 25 50
split_gain=10787.6 88187.4 155102 75631.8 89741 85820.5 65462.7 33071.8 24710.8 67901.7 99741.9 85266.1 23956.7 39244.9 22793.1
threshold=60.500000000000007 16.450000000000003 22.050000000000004 274.50000000000006 375.50000000000006 375.50000000000006 1.1847533482515618 67.500000000000014 78.500000000000014 30.450000000000003 23.750000000000004 160.39285714285717 191.77621664589068 192.50000000000003 167.1675093678185
decision_type=8 2 2 10 2 2 2 2 8 2 2 2 2 10 2
left_child=1 3 7 4 -1 -5 -4 -3 9 10 -2 -11 14 -14 -10
right_child=8 2 6 5 -6 -7 -8 -9 12 11 -12 -13 13 -15 -16
leaf_value=1.6259125559187426 0.29252470326233937 0.049936117672996369 -2.915394568679095 -3.664884734530836 -0.64547552097255978 2.6981775662745351 0.14986790191706936 -4.4984126236704807 -0.017209738953560733 0.80682504352424678 -1.8583285037700166 4.5193623155988378 -0.40412606021407538 -3.9435690884203427 0.25486435831788234
leaf_weight=412 1602 15.999999999999998 71 71 244 24 409 115 51659 450 215 61 143 33 2875
leaf_count=412 1602 16 71 71 244 24 409 115 51659 450 215 61 143 33 2875
internal_value=0.000109668 -0.261376 -1.09924 0.420995 0.781348 -2.03843 -0.311256 -3.94789 0.00636284 0.306424 0.0365744 1.26267 -0.00641134 -1.09733 -0.00285695
internal_weight=58400 1362 611 751 656 95 480 131 57038 2328 1817 511 54710 176 54534
internal_count=58400 1362 611 751 656 95 480 131 57038 2328 1817 511 54710 176 54534
is_linear=0
shrinkage=0.0940712


Tree=328
num_leaves=16
num_cat=0
split_feature=0 46 45 25 29 34 46 58 46 27 41 45 24 56 0
split_gain=10461.5 75735.3 107172 111187 95968.4 86139.8 88058 80273.4 33951.5 118813 116130 86201.4 62033.1 73329.5 41841.3
threshold=165.50000000000003 442.50000000000006 94.500000000000014 66.500000000000014 101.72511980823613 170.74603174603178 76.500000000000014 1.0849328870280119 435.50000000000006 3.5000000000000004 116.92970281806551 463.50000000000006 452.50000000000006 -267.49999999999994 164.50000000000003
decision_type=2 10 10 10 2 2 8 2 10 8 2 10 10 10 2
left_child=8 5 3 -3 -4 7 -7 -2 12 10 -10 -11 14 -14 -1
right_child=1 2 4 -5 -6 6 -8 -9 9 11 -12 -13 13 -15 -16
leaf_value=-0.035165008221133408 0.70510520272027111 0.91194828599501931 -1.5092708387126457 9.1072510086095644 0.14091881630041883 -3.7973551668986913 -0.37092729506828964 0.086310512435046491 -1.8550508228823896 0.016509545906287931 4.5923010044531143 1.2497998143337858 0.70936246045443407 -2.8712861178120299 -1.2288619013292161
leaf_weight=40043 2678 132 759 14.999999999999998 528 69 1133 6034 32 5853 97 547 77 143 260
leaf_count=40043 2678 132 759 15 528 69 1133 6034 32 5853 97 547 77 143 260
internal_value=8.01625e-05 0.0811491 -0.557454 1.83598 -0.832822 0.173605 -0.572395 0.27663 -0.0194714 0.179577 2.98893 0.122216 -0.0515506 -1.62132 -0.0429161
internal_weight=58400 11348 1434 147 1287 9914 1202 8712 47052 6529 129 6400 40523 220 40303
internal_count=58400 11348 1434 147 1287 9914 1202 8712 47052 6529 129 6400 40523 220 40303
is_linear=0
shrinkage=0.0940712


Tree=329
num_leaves=16
num_cat=0
split_feature=0 36 1 38 1 41 38 50 0 42 10 45 10 24 24
split_gain=10865.7 69677.7 112667 93485.7 92022.9 79855.2 68627 65749.3 45591.3 108994 91709.9 62353.4 19609.1 131439 40913.7
threshold=192.50000000000003 440.50000000000006 51.455000000000005 74.940783464934654 38.060000000000009 147.62521981968186 111.91525280104834 175.81199371482168 189.50000000000003 472.50000000000006 4.5000000000000009 285.50000000000006 25.500000000000004 335.50000000000006 370.50000000000006
decision_type=2 2 2 2 2 2 2 2 2 2 2 8 2 10 10
left_child=8 2 3 -2 5 -3 -6 -4 12 10 -10 -11 14 -14 -1
right_child=1 4 7 -5 6 -7 -8 -9 9 11 -12 -13 13 -15 -16
leaf_value=-0.047133300655256088 5.2673527112468781 0.25606823505756021 0.11549475318959665 -1.7180876542909391 3.7671517530860785 8.1546653870866912 -0.4096476522447523 -3.4674174749140856 3.2902759263858181 -5.8516474136650745 0.54280148151821772 -0.27183883608043663 0.20815270613519715 -1.2066063339462503 0.4091845501426235
leaf_weight=43266 15.999999999999998 19 1704 549 42 27 172 45 123 32 795 38 9143 619 1810
leaf_count=43266 16 19 1704 549 42 27 172 45 123 32 795 38 9143 619 1810
internal_value=8.75405e-05 -0.188821 -0.353154 -1.50608 1.26664 5.01037 0.430862 0.0202274 0.00880493 0.641644 0.916026 -2.8964 -0.00261238 0.118253 -0.0287938
internal_weight=58400 2574 2314 565 260 46 214 1749 55826 988 918 70 54838 9762 45076
internal_count=58400 2574 2314 565 260 46 214 1749 55826 988 918 70 54838 9762 45076
is_linear=0
shrinkage=0.0940712


Tree=330
num_leaves=15
num_cat=0
split_feature=44 26 32 52 14 46 54 35 55 48 34 32 34 36
split_gain=10774.2 68054.6 94107.5 98798.7 63435 92728.3 77421.4 40601.9 152949 103320 88743.6 91414.9 88309.3 64622.4
threshold=239.50000000000003 284.50000000000006 32.135499478604018 129.87920211739183 2022.5000000000002 476.50000000000006 100.50000000000001 66.779796411466734 -272.49999999999994 106.50039123558763 71.035714285714292 72.721255159356033 102.10714285714288 219.50000000000003
decision_type=8 8 2 2 2 8 2 2 8 2 2 2 2 2
left_child=1 4 -3 -4 6 -6 -1 8 12 -10 11 -9 -2 -12
right_child=7 2 3 -5 5 -7 -8 10 9 -11 13 -13 -14 -15
leaf_value=-0.62582028991479077 4.8179756618978891 4.7582701966699945 0.030128822940745894 -0.99088324057819666 -0.19387545886940213 1.2747070964163627 0.26527603585056808 7.6541673264975101 -0.0021360817556232304 -1.807179752834021 1.4696849937189269 0.24613833306964022 -1.7920403171305102 0.035750186451741724
leaf_weight=949 69 29 1658 1695 10656 393 9348 26 639 499 279 32 23 32105
leaf_count=949 69 29 1658 1695 10656 393 9348 26 639 499 279 32 23 32105
internal_value=0.000102241 -0.047044 -0.439011 -0.486194 0.0150799 -0.141456 0.183055 0.0347298 -0.495429 -0.79513 0.0548569 3.6827 3.16179 0.0481782
internal_weight=58400 24728 3382 3353 21346 11049 10297 33672 1230 1138 32442 58 92 32384
internal_count=58400 24728 3382 3353 21346 11049 10297 33672 1230 1138 32442 58 92 32384
is_linear=0
shrinkage=0.0940712


Tree=331
num_leaves=14
num_cat=0
split_feature=56 42 37 34 2 5 8 8 44 44 24 2 59
split_gain=10732.8 63257.5 106483 140807 60828.5 52673.6 65042.3 48198.8 44890.9 52962.3 84843.3 79272 41385.2
threshold=-83.499999999999986 346.50000000000006 121.65476190476191 162.5192307692308 82.065000000000012 8.7350000000000012 36.750000000000007 1.0000000180025095e-35 498.50000000000006 415.50000000000006 343.50000000000006 12.075000000000001 -0.20499999999999827
decision_type=8 2 2 2 2 2 2 2 10 10 10 2 2
left_child=1 5 4 -4 -3 6 -1 -7 9 10 -2 -11 -10
right_child=8 2 3 -5 -6 7 -8 -9 12 11 -12 -13 -14
leaf_value=-2.6524304208766023 0.016039286125300513 0.52679965044027832 -2.4764794202512501 0.5743298770087707 5.720429539113983 -3.5187835921182993 2.409651567970764 -0.0024698264398634183 -6.0413186516910056 -2.8931887353081525 -1.3833433211370489 0.49264783545879426 -0.40864085655700277
leaf_weight=125 35750 109 396 201 23 33 26 18417 19 61 386 2827 27
leaf_count=125 35750 109 396 201 23 33 26 18417 19 61 386 2827 27
internal_value=0.000131107 -0.0571982 -0.915859 -1.45029 1.48899 -0.0234652 -1.76424 -0.00906324 0.0284993 0.0320215 0.00102865 0.419564 -2.85979
internal_weight=58400 19330 729 597 132 18601 151 18450 39070 39024 36136 2888 46
internal_count=58400 19330 729 597 132 18601 151 18450 39070 39024 36136 2888 46
is_linear=0
shrinkage=0.0940712


Tree=332
num_leaves=16
num_cat=0
split_feature=37 37 32 31 43 47 36 53 27 46 2 44 43 43 6
split_gain=10910.1 78724.7 138644 98675.3 74769.3 69385.6 77222.1 60492 45718.3 178245 164494 70999 40497.6 67443.4 58061
threshold=132.78759398496243 128.86607142857147 137.76100768296666 189.92857142857147 110.50000000000001 339.83333333333343 377.50000000000006 185.50000000000003 5.5000000000000009 453.50000000000006 87.205000000000013 373.50000000000006 483.50000000000006 482.50000000000006 4.5000000000000009
decision_type=2 2 2 2 10 2 2 2 8 10 2 10 10 10 2
left_child=1 5 3 -3 -4 7 -7 -1 9 11 -11 -2 13 -10 -14
right_child=8 2 4 -5 -6 6 -8 -9 12 10 -12 -13 14 -15 -16
leaf_value=0.14575101063731144 0.84754426109746694 -0.54541190176305188 -1.5579665484815024 -3.1817713970878625 1.3873803327098495 -0.091207402404540436 -1.1364391126021613 -0.46095469771466457 0.033441136129409653 2.5154822185894217 12.212668107867495 -1.1879630277333988 -1.7230323325327972 2.709683690154665 -0.175101373193425
leaf_weight=17086 479 3412 89 129 487 2205 872 1588 30332 81 18 220 268 82 1052
leaf_count=17086 479 3412 89 129 487 2205 872 1588 30332 81 18 220 268 82 1052
internal_value=9.39281e-05 -0.0454996 -0.422626 -0.642851 0.929083 0.0259018 -0.387886 0.094117 0.0363522 0.738899 4.44211 0.205498 0.0186461 0.0407995 -0.491138
internal_weight=58400 25868 4117 3541 576 21751 3077 18674 32532 798 99 699 31734 30414 1320
internal_count=58400 25868 4117 3541 576 21751 3077 18674 32532 798 99 699 31734 30414 1320
is_linear=0
shrinkage=0.0940712


Tree=333
num_leaves=16
num_cat=0
split_feature=5 10 25 19 56 55 49 8 58 51 28 53 58 67 58
split_gain=10944.1 52113.8 104071 96915.2 72836.1 66203.8 87121.9 59716 16924.9 50063.5 65176.2 57879.9 19997 98969 30380
threshold=10.310000000000002 5.5000000000000009 84.500000000000014 -0.24999999999999994 -184.49999999999997 -94.499999999999986 228.92857142857147 18.450000000000003 25.490167461085658 297.23214285714295 205.16666666666671 129.50000000000003 4.5842281583616442 1.0000000180025095e-35 4.1225614365825125
decision_type=2 2 10 2 8 10 2 2 2 2 2 2 2 2 2
left_child=1 2 4 -4 -1 7 -7 -3 12 10 -10 -11 14 -14 -2
right_child=8 5 3 -5 -6 6 -8 -9 9 11 -12 -13 13 -15 -16
leaf_value=4.0711974788728496 -0.0041875890178792695 -2.4085005314964705 7.4745492597330268 1.3187422996511764 -3.0474464015531999 -1.7157514074104374 1.2527616571876536 0.52021505519009403 -0.67297392431096781 6.5647739854550817 5.0000599077688159 -0.17244216266506757 1.0168525859665472 -0.8887108120204783 1.104539775313979
leaf_weight=15.999999999999998 55824 152 37 57 45 110 405 102 138 24 19 20 327 906 218
leaf_count=16 55824 152 37 57 45 110 405 102 138 24 19 20 327 906 218
internal_value=0.00010911 0.321016 1.88543 3.82563 -1.12324 0.00234649 0.615196 -1.23592 -0.00505626 0.853309 0.0552517 3.59867 -0.00809397 -0.382593 0.000153693
internal_weight=58400 924 155 94 61 769 515 254 57476 201 157 44 57275 1233 56042
internal_count=58400 924 155 94 61 769 515 254 57476 201 157 44 57275 1233 56042
is_linear=0
shrinkage=0.0940712


Tree=334
num_leaves=15
num_cat=0
split_feature=55 46 1 43 27 61 20 27 43 52 0 43 1 55
split_gain=10306.6 100047 90938.9 87224.8 82575.1 75475.8 125096 92911.4 45038.2 89108 86394.8 63844.8 186304 43855.9
threshold=246.50000000000003 110.50000000000001 32.525000000000013 176.50000000000003 252.50000000000003 1.848554350847929 0.78574730703237894 143.50000000000003 74.500000000000014 96.265087110347494 44.500000000000007 84.500000000000014 30.285000000000004 234.50000000000003
decision_type=10 8 2 10 8 2 2 10 8 2 2 8 2 10
left_child=8 2 3 -2 -4 7 -7 -3 9 -1 -11 12 -10 -13
right_child=1 5 4 -5 -6 6 -8 -9 11 10 -12 13 -14 -15
leaf_value=-4.6570476157615133 -5.0008287774652116 -0.81222453242875126 -0.26395195356760792 2.5814387496343465 -3.018592245117643 0.68328285288594637 -0.8404469217745395 0.40459139806197025 2.7186621537258011 -0.99310630298446179 0.81939872199324393 0.00044846324999765801 -1.4080365032949682 0.8072431594267373
leaf_weight=28 81 1488 581 14.999999999999998 114 2242 604 884 111 272 1562 49123 693 602
leaf_count=28 81 1488 581 15 114 2242 604 884 111 272 1562 49123 693 602
internal_value=0.000147875 -0.116524 -1.1013 -3.79245 -0.721727 0.0330202 0.359577 -0.358719 0.013535 0.467698 0.549902 -0.00321234 -0.833984 0.0102436
internal_weight=58400 6009 791 96 695 5218 2846 2372 52391 1862 1834 50529 804 49725
internal_count=58400 6009 791 96 695 5218 2846 2372 52391 1862 1834 50529 804 49725
is_linear=0
shrinkage=0.0940712


Tree=335
num_leaves=15
num_cat=0
split_feature=22 8 46 49 69 5 0 40 22 53 45 0 0 0
split_gain=10795.6 88136.6 122601 90879.5 84260.3 73767.3 166125 58245.3 50753.7 87793.6 69519.7 31066.2 74641.7 74515.4
threshold=34.500000000000007 0.35000000000000003 189.50000000000003 298.30952380952385 4.5000000000000009 53.305000000000007 143.50000000000003 158.67972454896093 37.500000000000007 197.50000000000003 417.50000000000006 133.50000000000003 137.50000000000003 131.50000000000003
decision_type=2 2 8 2 2 2 2 2 2 2 10 2 2 2
left_child=1 2 4 -4 -1 7 -7 -3 9 10 -2 13 -13 -10
right_child=8 5 3 -5 -6 6 -8 -9 11 -11 -12 12 -14 -15
leaf_value=11.256791475358517 0.95712140491896336 0.060898108220938822 -1.18745381121852 5.0915724033304519 2.5772325007787731 -0.71980919257676668 0.41125943731994702 1.4334582180703459 0.04422250197055911 6.8001002374044957 -1.2709552560730568 -0.88284298618704049 -0.045942656886688263 1.1744359117488821
leaf_weight=17 724 4695 77 26 24 3638 1678 289 29112 19 148 999 16430 524
leaf_count=17 724 4695 77 26 24 3638 1678 289 29112 19 148 999 16430 524
internal_value=0.000110975 -0.0865479 2.21205 0.448699 6.45998 -0.119026 -0.362747 0.140936 0.0189886 0.721725 0.577221 0.00565876 -0.0939944 0.0642711
internal_weight=58400 10444 144 103 41 10300 5316 4984 47956 891 872 47065 17429 29636
internal_count=58400 10444 144 103 41 10300 5316 4984 47956 891 872 47065 17429 29636
is_linear=0
shrinkage=0.0940712


Tree=336
num_leaves=16
num_cat=0
split_feature=7 9 56 20 23 20 58 58 24 48 52 46 1 31 33
split_gain=10375.9 71925.4 110080 113491 75007.3 64074.3 169093 65778.2 36571.9 78640.8 89561.1 60060.9 35411.6 157355 43147.5
threshold=207.50000000000003 2.5000000000000004 -262.49999999999994 -0.40966402954315195 1.5000000000000002 -0.98182534576205283 1.7289957694659297 2.6899029049270324 3.5000000000000004 96.005208192055449 119.34432823262411 118.50000000000001 17.035000000000004 68.357142857142875 297.50000000000006
decision_type=2 2 8 2 10 2 2 2 8 2 2 10 2 2 2
left_child=8 2 3 -2 -4 6 -3 -7 9 10 -1 -11 13 -10 -14
right_child=1 5 4 -5 -6 7 -8 -9 12 11 -12 -13 14 -15 -16
leaf_value=-1.4838327256346917 -0.66228648607236529 0.59676564219349637 2.6783315574901345 2.5194578071119329 -0.37052401265611795 0.28473450493715535 5.9795362027334491 -1.0188540172816221 -3.3334418280418574 0.99232995124302092 1.651396949818297 -1.6250228028212392 0.072352342716486343 0.43420229878537436 -0.11710706830562861
leaf_weight=124 162 324 71 252 4523 5926 60 362 100 90 224 520 19796 2878 22988
leaf_count=124 162 324 71 252 4523 5926 60 362 100 90 224 520 19796 2878 22988
internal_value=0.000165986 0.0794655 -0.189932 1.27631 -0.322483 0.281691 1.45896 0.209433 -0.0196582 -0.594422 0.532247 -1.2371 -0.00760323 0.305963 -0.0294425
internal_weight=58400 11680 5008 414 4594 6672 384 6288 46720 958 348 610 45762 2978 42784
internal_count=58400 11680 5008 414 4594 6672 384 6288 46720 958 348 610 45762 2978 42784
is_linear=0
shrinkage=0.0940712


Tree=337
num_leaves=13
num_cat=0
split_feature=40 57 64 39 31 58 23 8 58 58 12 36
split_gain=11201.2 55372.7 57708.6 56325.4 51977.6 107889 126486 108368 56987.2 119144 76123.3 43414.7
threshold=131.68963813430824 299.50000000000006 0.11292220113851993 482.50000000000006 138.78571428571431 1.3218365797530456 340.50000000000006 31.350000000000005 1.2627832940283141 1.1175364165925648 9.5000000000000018 301.50000000000006
decision_type=2 10 2 2 2 2 10 2 2 2 2 2
left_child=1 2 11 -4 5 7 -7 -2 9 -6 -10 -1
right_child=4 -3 3 -5 8 6 -8 -9 10 -11 -12 -13
leaf_value=-0.080421038962639468 0.30152580533780177 -4.3348917604337478 -0.016302234413340375 -1.2093848612551297 0.071507833297514187 -0.11221577822122496 -3.7006255215003443 1.4449262659661011 0.30432357784546649 -0.50105561191634096 -0.31557816621200885 -4.7903064464334841
leaf_weight=31 3473 25 28304 353 8319 2172 89 929 7100 5241 2326 38
leaf_count=31 3473 25 28304 353 8319 2172 89 929 7100 5241 2326 38
internal_value=0.000167169 -0.0416666 -0.0376904 -0.0310683 0.0407382 0.27205 -0.255979 0.543285 -0.0263211 -0.149813 0.151314 -2.72466
internal_weight=58400 28751 28726 28657 29649 6663 2261 4402 22986 13560 9426 69
internal_count=58400 28751 28726 28657 29649 6663 2261 4402 22986 13560 9426 69
is_linear=0
shrinkage=0.0940712


Tree=338
num_leaves=15
num_cat=0
split_feature=33 45 45 11 51 8 26 49 33 71 44 35 45 34
split_gain=10884.7 61400.1 85191.7 98200.1 90720.5 68404.7 100255 86190.8 52445.4 80535.6 64081.3 33685.9 94888.9 39278.7
threshold=362.50000000000006 399.50000000000006 421.50000000000006 50.500000000000007 336.96428571428578 13.65 184.50000000000003 359.46428571428578 361.50000000000006 89.500000000000014 86.500000000000014 131.9461678401743 491.50000000000006 218.07142857142858
decision_type=2 8 10 2 2 2 8 2 2 2 10 2 10 2
left_child=8 5 4 -4 -3 6 -2 -7 11 -10 -11 13 -13 -1
right_child=1 2 3 -5 -6 7 -8 -9 9 10 -12 12 -14 -15
leaf_value=0.0057871386049603542 0.43296811502791066 1.53093027906491 0.034861691458228941 3.1850107992420114 -1.2362948470394641 -0.14807820803571739 -0.40823432024297313 -1.4252363967192769 4.2962171440517949 3.6052648106679919 -2.5366130766495254 -0.52536197775023252 2.5727426790853585 -2.1132257436381363
leaf_weight=39930 4348 817 2657 89 119 5821 1760 507 18 14.999999999999998 182 1971 90 76
leaf_count=39930 4348 817 2657 89 119 5821 1760 507 18 15 182 1971 90 76
internal_value=0.000117682 0.065894 0.40324 0.138758 1.17751 -0.0340139 0.190515 -0.250751 -0.0249549 -1.48514 -2.04365 -0.0174343 -0.388167 0.00167614
internal_weight=58400 16118 3682 2746 936 12436 6108 6328 42282 215 197 42067 2061 40006
internal_count=58400 16118 3682 2746 936 12436 6108 6328 42282 215 197 42067 2061 40006
is_linear=0
shrinkage=0.0940712


Tree=339
num_leaves=15
num_cat=0
split_feature=1 29 52 26 32 21 32 27 5 47 44 45 43 66
split_gain=10474.9 11028.2 41607.9 46039.1 18716.7 113783 31760.5 3865.61 3856.34 3812.76 3538.27 3378.83 2387.41 1568.67
threshold=434.28000000000003 238.62907020697114 114.32589094450033 99.500000000000014 159.73661356750242 0.8542199457734333 156.24797141421405 114.50000000000001 81.645000000000024 207.83333333333334 247.50000000000003 413.50000000000006 447.50000000000006 1.5000000000000002
decision_type=2 2 2 8 2 2 2 8 2 2 10 10 8 2
left_child=1 4 -3 -4 6 -6 -1 9 12 11 -11 -2 -9 -10
right_child=7 2 3 -5 5 -7 -8 8 13 10 -12 -13 -14 -15
leaf_value=-0.0041986356056870856 -0.084152261024215497 3.2774238589443714 0.5963435396072162 -2.2524943437120664 -0.018014139012987328 1.9145604101306488 -0.65653060790393358 0.6379546304799284 -0.60567967403148615 -0.093823639322413291 0.57348553482726361 -1.6198144729170869 1.5288303444766183 0.35620727766846888
leaf_weight=54731 47 20 85 119 1784 316 667 242 27 120 166 15.999999999999998 30 30
leaf_count=54731 47 20 85 119 1784 316 667 242 27 120 166 16 30 30
internal_value=0.000124898 -0.00419561 -0.660685 -1.06935 -0.001618 0.273939 -0.0120734 0.367305 0.598082 0.147698 0.294067 -0.50586 0.74484 -0.101268
internal_weight=58400 57722 224 204 57498 2100 55398 678 329 349 286 63 272 57
internal_count=58400 57722 224 204 57498 2100 55398 678 329 349 286 63 272 57
is_linear=0
shrinkage=0.0940712


Tree=340
num_leaves=15
num_cat=0
split_feature=29 47 53 1 45 2 29 46 29 50 36 35 25 33
split_gain=10125.9 53004.4 87010.9 118571 47055.8 56042.9 71618.5 50205.6 40649.1 92016.2 49321.1 39077.8 124715 67660.6
threshold=63.445514682547831 132.83333333333334 39.500000000000007 91.545000000000016 494.50000000000006 72.395000000000024 27.934447074056113 163.50000000000003 60.052754585725204 155.61391477979882 320.50000000000006 89.373337216582456 65.500000000000014 168.50000000000003
decision_type=2 2 2 2 10 2 2 10 2 2 2 2 10 2
left_child=4 2 -2 -4 8 7 -7 -6 10 -10 -1 12 -3 -13
right_child=1 11 3 -5 5 6 -8 -9 9 -11 -12 13 -14 -15
leaf_value=-0.19677875660135238 -3.4442757148215541 0.76396295658482183 5.1689966971710444 0.44063558294794669 -5.1241243111277486 5.4018572794914235 -0.97383157850041513 -1.3514551872107845 -0.25786860284333002 -2.7035320450998941 0.12602410832798111 -1.4527987239578186 -0.081122750514444966 -0.010785703930155459
leaf_weight=6890 27 2427 71 134 40 20 55 134 1206 152 10678 289 4248 32029
leaf_count=6890 27 2427 71 134 40 20 55 134 1206 152 10678 289 4248 32029
internal_value=0.000121669 0.0275113 1.44043 2.10557 -0.0558985 -1.33663 0.800195 -2.25731 -0.038933 -0.534493 -0.000575109 0.0190441 0.226235 -0.0237542
internal_weight=58400 39225 232 205 19175 249 75 174 18926 1358 17568 38993 6675 32318
internal_count=58400 39225 232 205 19175 249 75 174 18926 1358 17568 38993 6675 32318
is_linear=0
shrinkage=0.0940712


Tree=341
num_leaves=15
num_cat=0
split_feature=6 1 7 44 34 45 2 58 47 61 1 52 52 48
split_gain=10437.3 61594.7 60576 65209.8 64024.5 52187.7 44674 34361 103977 82492.4 67795.5 35936.2 75912.2 71350.7
threshold=5.5000000000000009 -3.3849999999999993 201.50000000000003 62.500000000000007 96.392857142857153 201.50000000000003 74.905000000000015 -2.7037042878373483 181.16666666666671 10.233687943262412 43.675000000000004 142.28162368830348 148.49558767981111 186.95186546274417
decision_type=2 2 2 8 2 8 2 2 2 2 2 2 2 2
left_child=1 5 3 -3 -4 -1 -7 8 10 -10 -2 13 -13 -9
right_child=7 2 4 -5 -6 6 -8 11 9 -11 -12 12 -14 -15
leaf_value=0.92018147574934206 -6.7500569098555507 3.3916779358117553 0.8439830790314925 -0.70182896934301298 0.078199021477103406 -6.1989583240142601 -0.84608320753212651 -0.029149062448931513 1.2599029005604512 -1.7414145461533872 -0.95691732022638043 -0.50009455921428714 0.034159454977834472 0.48974473399441648
leaf_weight=27 21 34 1043 1111 12889 33 24 30187 713 90 90 4131 5466 2541
leaf_count=27 21 34 1043 1111 12889 33 24 30187 713 90 90 4131 5466 2541
internal_value=9.97101e-05 0.0672588 0.0815418 -0.575712 0.135626 -2.44959 -4.02992 -0.0234471 0.546709 0.920632 -2.13247 -0.0357822 -0.195839 0.0111554
internal_weight=58400 15161 15077 1145 13932 84 57 43239 914 803 111 42325 9597 32728
internal_count=58400 15161 15077 1145 13932 84 57 43239 914 803 111 42325 9597 32728
is_linear=0
shrinkage=0.0940712


Tree=342
num_leaves=16
num_cat=0
split_feature=39 36 1 55 44 31 44 44 43 50 51 50 2 39 49
split_gain=10546.1 62552.7 83463.8 97559.9 62348.2 164487 71632.2 59083.7 45924.3 80255 101198 77960.1 65628.6 81815.4 47508.4
threshold=388.50000000000006 378.50000000000006 116.11500000000002 -51.499999999999993 459.50000000000006 90.071428571428584 399.50000000000006 76.500000000000014 206.50000000000003 117.8051256016748 181.60714285714289 115.82591613390547 99.675000000000026 418.50000000000006 186.6428571428572
decision_type=2 2 2 8 10 2 10 8 10 2 2 2 2 2 2
left_child=1 4 3 -3 6 -6 -1 -4 9 11 -11 -2 14 -14 -10
right_child=8 2 7 -5 5 -7 -8 -9 12 10 -12 -13 13 -15 -16
leaf_value=-0.023275277117980202 0.14801984921079489 -2.1689701241635748 -2.6606030496177633 -0.37648525255647586 2.1050222844206532 -0.86880562939696571 0.48259596653156694 0.25542897541155651 -1.1163386588146258 -5.9636091101389095 -0.25308919735410063 1.8376968721760316 -0.85319844509200904 5.3432665654867506 0.1224672970931517
leaf_weight=19217 2691 446 64 675 183 1523 2842 988 276 26 8090 264 31 45 21039
leaf_count=19217 2691 446 64 675 183 1523 2842 988 276 26 8090 264 31 45 21039
internal_value=6.2995e-05 -0.0446548 -0.527582 -1.09178 -0.000460372 -0.548101 0.0419231 0.0742278 0.0357981 -0.119715 -0.272542 0.299909 0.116293 2.84784 0.10634
internal_weight=58400 25938 2173 1121 23765 1706 22059 1052 32462 11071 8116 2955 21391 76 21315
internal_count=58400 25938 2173 1121 23765 1706 22059 1052 32462 11071 8116 2955 21391 76 21315
is_linear=0
shrinkage=0.0940712


Tree=343
num_leaves=15
num_cat=0
split_feature=36 25 46 41 44 28 44 46 46 52 40 5 24 0
split_gain=10946.7 55725.7 85734.2 78961.8 68232.1 229924 128249 41427.5 152935 106491 71413.5 64922.3 117376 69539.9
threshold=328.50000000000006 40.500000000000007 52.500000000000007 86.990594347674573 447.50000000000006 40.166666666666679 444.50000000000006 271.50000000000006 263.50000000000006 137.30224540386726 111.13376727665063 99.195000000000007 36.500000000000007 47.500000000000007
decision_type=2 8 8 2 10 2 10 10 10 2 2 2 10 2
left_child=1 2 -1 -4 6 -6 -3 8 10 -10 -2 13 -13 -9
right_child=7 4 3 -5 5 -7 -8 11 9 -11 -12 12 -14 -15
leaf_value=5.3728404361280262 0.43582802180402402 -0.099663702601829135 -1.0658859994836198 0.32382736077861501 4.4133941201325833 -1.066590184314554 3.7358447210011296 -0.5193993914181374 2.4224693860776751 -0.023109058312609659 -0.018381245350219445 4.7117945321232835 0.36736606130213389 -0.015566349439253961
leaf_weight=27 3868 14438 395 4128 70 1281 76 2872 424 250 14698 66 299 15508
leaf_count=27 3868 14438 395 4128 70 1281 76 2872 424 250 14698 66 299 15508
internal_value=4.64271e-05 -0.0555038 0.234652 0.202108 -0.138742 -0.777793 -0.0791713 0.0299062 0.126873 1.51721 0.0762696 -0.0696168 1.17 -0.094338
internal_weight=58400 20415 4550 4523 15865 1351 14514 37985 19240 674 18566 18745 365 18380
internal_count=58400 20415 4550 4523 15865 1351 14514 37985 19240 674 18566 18745 365 18380
is_linear=0
shrinkage=0.0940712


Tree=344
num_leaves=15
num_cat=0
split_feature=8 49 61 23 1 47 49 49 64 5 42 8 59 25
split_gain=10515.2 68348.2 122364 100094 93848.1 178843 99280.7 31739.5 114353 118635 68299.6 50230.3 168104 45975.3
threshold=2.8500000000000001 240.35714285714286 74.250000000000014 222.50000000000003 17.035000000000004 262.16666666666669 346.50000000000006 245.07142857142858 0.17714514877644741 27.735000000000003 234.50000000000003 4.1500000000000012 2.4400000000000035 116.50000000000001
decision_type=2 2 2 8 2 2 2 2 2 2 2 2 2 8
left_child=1 2 3 -1 5 -3 -6 8 9 -2 -10 12 -9 -13
right_child=7 4 -4 -5 6 -7 -8 11 10 -11 -12 13 -14 -15
leaf_value=0.57946231294904782 -1.6528129530689211 4.2549395535536911 7.2767057100425809 -1.4278261066776052 -0.49354942695027371 -0.18356634932124613 0.86226992916517364 0.95336341913550982 0.0063427260449055202 2.0300307970070492 -0.42739739187506276 -0.071973617195858874 -0.83552009448053066 0.14693064872486486
leaf_weight=1611 95 114 21 253 4908 263 528 1753 8737 393 5079 17697 631 16317
leaf_count=1611 95 114 21 253 4908 263 528 1753 8737 393 5079 17697 631 16317
internal_value=8.97815e-05 -0.10234 0.389662 0.305979 -0.261966 1.17026 -0.361625 0.0156466 -0.103071 1.30984 -0.153129 0.0623073 0.47959 0.0330361
internal_weight=58400 7698 1885 1864 5813 377 5436 50702 14304 488 13816 36398 2384 34014
internal_count=58400 7698 1885 1864 5813 377 5436 50702 14304 488 13816 36398 2384 34014
is_linear=0
shrinkage=0.0940712


Tree=345
num_leaves=15
num_cat=0
split_feature=57 39 38 31 52 8 23 3 57 37 9 52 39 52
split_gain=10606.1 51530.6 68885.8 85456.7 56842.4 87048.8 57351.9 56033.9 18147.3 109115 84970.8 18262.3 98922.4 43218.6
threshold=-322.49999999999994 442.50000000000006 117.00991032262458 165.73214285714289 109.8524109783019 8.7500000000000018 298.50000000000006 12.500000000000002 -301.49999999999994 171.01785714285717 5.5000000000000009 148.49558767981111 465.50000000000006 146.26711414795327
decision_type=8 2 2 2 2 2 10 2 8 2 2 2 2 2
left_child=1 4 3 -3 5 -1 -6 -4 9 10 -2 13 -13 -10
right_child=8 2 7 -5 6 -7 -8 -9 11 -11 -12 12 -14 -15
leaf_value=2.2874912382633696 1.5144303441927836 0.37256806592936459 0.96112804999908563 6.5510223873210771 -0.75243780519056358 -5.3244019587600357 2.3259091948867074 -1.4154972349022983 -0.0025124483872186148 -4.8668537568861421 -1.9036268847393991 0.26475919320903929 -0.83765692687767423 -0.4772462450968053
leaf_weight=17 380 47 209 33 629 49 57 149 47753 29 76 6404 810 1758
leaf_count=17 380 47 209 33 629 49 57 149 47753 29 76 6404 810 1758
internal_value=0.000109044 -0.277668 0.532095 2.99935 -0.749605 -3.35434 -0.491772 -0.0295263 0.0058966 0.577953 0.939926 0.0009875 0.140806 -0.019386
internal_weight=58400 1190 438 80 752 66 686 358 57210 485 456 56725 7214 49511
internal_count=58400 1190 438 80 752 66 686 358 57210 485 456 56725 7214 49511
is_linear=0
shrinkage=0.0940712


Tree=346
num_leaves=16
num_cat=0
split_feature=26 58 12 52 69 22 33 24 24 1 55 45 24 49 2
split_gain=10511.6 42138.3 101722 96126 69882.2 42152.9 94432.1 75451.6 36715.7 152738 143989 83929.4 54960.2 88588.1 37739.9
threshold=158.50000000000003 -3.7942487299370922 4.5000000000000009 122.72478814923841 6.5000000000000009 62.500000000000007 327.50000000000006 76.500000000000014 376.50000000000006 60.635000000000012 288.50000000000006 58.500000000000007 358.50000000000006 290.9285714285715 99.045000000000016
decision_type=8 2 2 2 2 2 2 8 10 2 10 10 8 2 2
left_child=8 2 3 -2 -4 6 -3 -7 12 10 -10 -11 14 -14 -1
right_child=1 5 4 -5 -6 7 -8 -9 9 11 -12 -13 13 -15 -16
leaf_value=-0.025510190638707173 0.25591817851241555 -0.035599354454642212 1.0502864830355261 5.3324643703397854 -2.3434456170048015 0.22471758467749162 0.70184367517661539 -0.22125145816910716 1.5774629145908405 4.7532221524560416 9.6825468804401496 -0.33636573711632478 -2.5274539402465201 0.12315974985053611 -0.99027787608463558
leaf_weight=34820 59 4253 152 74 81 5341 2404 9032 376 28 19 952 203 245 361
leaf_count=34820 59 4253 152 74 81 5341 2404 9032 376 28 19 952 203 245 361
internal_value=9.51034e-05 0.052581 1.05114 3.1105 -0.136717 0.0351196 0.230792 -0.0555144 -0.0302502 0.446452 2.00423 -0.183491 -0.0486695 -1.08223 -0.035457
internal_weight=58400 21396 366 133 233 21030 6657 14373 37004 1375 395 980 35629 448 35181
internal_count=58400 21396 366 133 233 21030 6657 14373 37004 1375 395 980 35629 448 35181
is_linear=0
shrinkage=0.0940712


Tree=347
num_leaves=15
num_cat=0
split_feature=55 48 20 32 68 29 41 42 2 2 37 42 1 42
split_gain=10755.1 127034 87835 59345.4 43879.6 32626.7 19992.1 15220.4 82036.5 84481.4 51163.3 35178.5 108353 38637.3
threshold=-395.49999999999994 205.84864989609358 -0.61559370248597534 158.56424264886246 1.0000000180025095e-35 81.430952346144153 149.44571922158772 78.500000000000014 92.375000000000014 83.145000000000024 136.86857142857147 90.500000000000014 46.725000000000001 94.500000000000014
decision_type=8 2 2 2 2 2 2 2 2 2 2 2 2 2
left_child=1 5 3 -3 -4 -1 -7 8 9 -2 -10 12 -9 -13
right_child=7 2 4 -5 -6 6 -8 11 10 -11 -12 13 -14 -15
leaf_value=-0.63163347926630209 0.15490553617738811 1.4332264479880736 1.405850505785526 7.1731249504686625 -1.2650259597555626 -6.1969654218468575 -1.907288817571432 -2.0004622288769909 -2.2932242900997677 1.6733542833328552 0.42751176160771248 0.81019056721144855 -0.03970043454875772 -0.0034829754630004064
leaf_weight=20 2703 94 70 18 227 40 14.999999999999998 316 178 367 92 520 1163 52577
leaf_count=20 2703 94 70 18 227 40 15 316 178 367 92 520 1163 52577
internal_value=0.000129673 -0.440757 0.216465 2.44276 -0.631043 -3.95778 -5.11423 0.0038281 0.19872 0.337226 -1.36857 -0.00810214 -0.460386 0.00450686
internal_weight=58400 484 409 112 297 75 55 57916 3340 3070 270 54576 1479 53097
internal_count=58400 484 409 112 297 75 55 57916 3340 3070 270 54576 1479 53097
is_linear=0
shrinkage=0.0940712


Tree=348
num_leaves=14
num_cat=0
split_feature=63 49 59 52 8 8 7 45 52 9 24 48 55
split_gain=11043.8 66867.9 98071.8 64423.3 91053.8 54714.4 12603 73608.1 99522.6 84865 32295.5 64946 26116.8
threshold=-152.49999999999997 289.35714285714295 -0.38999999999999962 123.32219036842208 4.8500000000000005 17.650000000000002 207.50000000000003 429.50000000000006 147.05086209027584 2.5000000000000004 3.5000000000000004 91.122627833183458 246.50000000000003
decision_type=2 2 2 2 2 2 2 10 2 2 8 2 8
left_child=1 3 -3 5 -5 -1 10 9 -9 -8 11 -2 -12
right_child=6 2 -4 4 -6 -7 7 8 -10 -11 12 -13 -14
leaf_value=-0.74382461975583147 0.50186111051238247 -1.6506962967758916 7.386392244202665 2.0062303998513964 -2.8215881894531103 4.7049915935812088 -0.12465705565977669 -0.83556388774145007 0.84291601280111583 0.43597808939919186 0.01727541584766281 -1.1239796943509983 -0.21352911890247736
leaf_weight=39 332 20 20 42 171 26 4210 1399 401 5521 40741 624 4854
leaf_count=39 332 20 20 42 171 26 4210 1399 401 5521 40741 624 4854
internal_value=0.0001139 -0.551385 2.97255 -1.07265 -1.86136 1.49305 0.00315028 0.0911901 -0.461159 0.193432 -0.0186574 -0.559328 -0.00729951
internal_weight=58400 318 40 278 213 65 58082 11531 1800 9731 46551 956 45595
internal_count=58400 318 40 278 213 65 58082 11531 1800 9731 46551 956 45595
is_linear=0
shrinkage=0.0940712


Tree=349
num_leaves=14
num_cat=0
split_feature=57 59 25 45 41 55 24 59 63 15 24 42 57
split_gain=10736.5 45262.2 86633.7 78685.8 49903.2 55406.7 15826.1 61684.6 94342.8 64311.2 44815.4 73803 31736.7
threshold=-322.49999999999994 -4.2799999999999994 33.500000000000007 221.50000000000003 92.815485093160945 101.50000000000001 264.50000000000006 -4.7900000000000036 92.500000000000014 1.0000000180025095e-35 254.50000000000003 138.50000000000003 -220.49999999999997
decision_type=8 2 8 10 2 10 10 2 2 2 10 2 8
left_child=1 2 -1 -4 -3 -6 10 8 -8 -9 12 -12 -2
right_child=6 4 3 -5 5 -7 7 9 -10 -11 11 -13 -14
leaf_value=6.7590197209959584 1.0055777861346691 4.6694993440030332 -3.2783574933007835 2.5941416208255719 -0.2293127555344662 -2.0286743102034563 -0.12592278520579345 0.27422260474652516 4.2984231503222423 -0.34846361304831286 1.0439506667248577 -1.1226087703259811 -0.0068190040846362295
leaf_weight=21 274 14.999999999999998 33 47 893 181 93 5040 77 2069 173 687 48797
leaf_count=21 274 15 33 47 893 181 93 5040 77 2069 173 687 48797
internal_value=0.000124063 -0.279355 1.61039 0.153801 -0.456791 -0.535179 0.00594706 0.135519 1.89819 0.0929418 -0.0129431 -0.685529 -0.00113165
internal_weight=58400 1190 101 80 1089 1074 57210 7279 170 7109 49931 860 49071
internal_count=58400 1190 101 80 1089 1074 57210 7279 170 7109 49931 860 49071
is_linear=0
shrinkage=0.0940712


Tree=350
num_leaves=15
num_cat=0
split_feature=22 8 67 5 46 45 22 34 22 25 0 25 17 25
split_gain=10728.1 73071 104883 122593 66922.8 69568.3 63771.6 56243.7 41062.1 61505.8 63482.9 31404.5 92589.2 66368
threshold=34.500000000000007 0.35000000000000003 1.5000000000000002 81.645000000000024 54.500000000000007 132.50000000000003 27.500000000000004 109.30952380952382 37.500000000000007 407.50000000000006 190.50000000000003 290.50000000000006 -0.22252093395631442 224.50000000000003
decision_type=2 2 2 2 8 8 2 2 2 10 2 10 2 10
left_child=1 2 3 -1 7 -6 -4 -3 9 10 -2 13 -13 -10
right_child=8 4 6 -5 5 -7 -8 -9 11 -11 -12 12 -14 -15
leaf_value=7.1972761309295761 0.57469570088275068 1.5093914394975017 -1.6168666480997418 -2.1186915473843717 0.43717070387354495 -0.20526964248692928 4.6292341418565419 -3.5620298980645875 0.020461186983800169 -4.7110177069698445 4.1845931786806592 0.67506203206346194 -0.11935342770144708 -0.36461757930046212
leaf_weight=47 830 24 64 15.999999999999998 1813 8379 17 84 37344 17 44 2279 3013 4429
leaf_count=47 830 24 64 16 1813 8379 17 84 37344 17 44 2279 3013 4429
internal_value=0.000146152 -0.0862416 2.0067 4.83534 -0.115814 -0.0909275 -0.241671 -2.42844 0.0189648 0.651056 0.763712 0.00697459 0.222836 -0.020376
internal_weight=58400 10444 144 63 10300 10192 81 108 47956 891 874 47065 5292 41773
internal_count=58400 10444 144 63 10300 10192 81 108 47956 891 874 47065 5292 41773
is_linear=0
shrinkage=0.0940712


Tree=351
num_leaves=16
num_cat=0
split_feature=63 50 1 31 6 29 18 47 63 5 36 58 42 49 63
split_gain=10748.6 61059.5 84648.5 87202.1 51172.4 65591.4 55402.3 42662.2 33845.7 61147.2 43845.7 29767.4 18506.4 53115.4 20446.1
threshold=291.50000000000006 151.68207666250677 179.88500000000002 113.21428571428574 13.500000000000002 198.31960736639323 -1.0000000180025095e-35 416.16666666666669 290.50000000000006 68.715000000000018 301.50000000000006 1.1126316197863695 494.50000000000006 269.9285714285715 277.50000000000006
decision_type=2 2 2 2 2 2 2 2 2 2 2 2 2 2 2
left_child=8 2 3 -2 5 -3 -6 -4 12 10 -10 -11 14 -14 -1
right_child=1 4 7 -5 6 -7 -8 -9 9 11 -12 -13 13 -15 -16
leaf_value=0.0060186621160459117 6.7882714904076389 -2.1832324721546912 -1.9462080863881952 1.4911501542744281 -0.97442885808989765 2.1930323130481288 5.918007051725211 2.8509810122717085 1.3048397841093535 3.5655585869934021 -4.0445077528094782 -0.92989916173504006 4.3994213857442128 0.1509051021987349 -0.3457280839066556
leaf_weight=56050 31 159 81 189 21 36 18 19 15.999999999999998 22 68 28 31 131 1500
leaf_count=56050 31 159 81 189 21 36 18 19 16 22 68 28 31 131 1500
internal_value=0.000148827 0.411956 1.25406 2.28071 -0.739778 -1.36366 2.30894 -1.00368 -0.00380394 -1.48848 -3.01889 1.09373 -0.000314349 0.998902 -0.0031563
internal_weight=58400 554 320 220 234 195 39 100 57846 134 84 50 57712 162 57550
internal_count=58400 554 320 220 234 195 39 100 57846 134 84 50 57712 162 57550
is_linear=0
shrinkage=0.0940712


Tree=352
num_leaves=14
num_cat=0
split_feature=42 63 39 1 1 52 59 39 47 1 56 63 56
split_gain=11043 124690 163615 109506 105911 72188.6 83255.9 70781.5 52653.3 48287 44497.8 75769.3 44242.5
threshold=358.50000000000006 160.50000000000003 446.50000000000006 92.565000000000012 140.39500000000001 113.54111662606839 2.4400000000000035 280.50000000000006 426.50000000000006 90.535000000000011 276.50000000000006 150.50000000000003 265.50000000000006
decision_type=2 2 2 2 2 2 2 2 2 2 10 2 10
left_child=8 2 4 -4 -2 6 -3 -7 10 -10 12 -12 -1
right_child=1 5 3 -5 -6 7 -8 -9 9 -11 11 -13 -14
leaf_value=-0.023285376008443999 2.6542080531276135 -0.13879054952957601 -4.9377932682101369 0.42009318351570701 0.32762940105367128 -1.1788894819765523 -1.3659874473553453 0.11916983126424512 -6.5872993231405275 -0.54437464941165525 -2.9757462406455728 2.5327092533223934 1.8443475489348173
leaf_weight=39883 435 1897 56 81 288 380 658 14438 19 28 99 27 111
leaf_count=39883 435 1897 56 81 288 380 658 14438 19 28 99 27 111
internal_value=0.000181324 0.0608959 1.16553 -1.80004 1.73032 0.00610706 -0.455526 0.0857525 -0.027377 -3.12312 -0.0236258 -1.77782 -0.018027
internal_weight=58400 18233 860 137 723 17373 2555 14818 40167 47 40120 126 39994
internal_count=58400 18233 860 137 723 17373 2555 14818 40167 47 40120 126 39994
is_linear=0
shrinkage=0.0940712


Tree=353
num_leaves=11
num_cat=0
split_feature=56 63 56 2 25 44 1 56 56 61
split_gain=10284 54017.8 50326.2 108177 48757.4 35907 53958.9 38066.6 70195.1 57695.3
threshold=-81.499999999999986 202.50000000000003 -87.499999999999986 96.985000000000014 407.50000000000006 498.50000000000006 86.655000000000015 42.500000000000007 63.500000000000007 2.4750690607734813
decision_type=8 2 10 2 8 10 2 8 8 2
left_child=1 2 4 -4 -1 7 -7 9 -9 -2
right_child=5 -3 3 -5 -6 6 -8 8 -10 -11
leaf_value=-0.0058891768195800344 -0.0030637548676735477 5.1594024897229289 -1.1186986199941029 5.1281736961097302 -0.90042420285687597 -5.7550580222237668 0.54581022769253129 -0.52497676375448754 0.011925691081052837 0.37732862263995054
leaf_weight=18335 8710 15.999999999999998 623 24 554 22 24 2390 21773 5929
leaf_count=18335 8710 16 623 24 554 22 24 2390 21773 5929
internal_value=0.000138873 -0.0555006 -0.0601901 -0.874993 -0.0322041 0.0281463 -2.555 0.0313146 -0.0412054 0.151016
internal_weight=58400 19552 19536 647 18889 38848 46 38802 24163 14639
internal_count=58400 19552 19536 647 18889 38848 46 38802 24163 14639
is_linear=0
shrinkage=0.0940712


Tree=354
num_leaves=16
num_cat=0
split_feature=59 59 54 46 5 57 61 39 66 26 11 23 57 59 50
split_gain=10320.5 103289 110363 178967 95267.6 94108.4 87850.4 95152.7 67968.2 56392.7 120203 44457.5 40177 95652.5 40994.3
threshold=-2.550000000000002 -2.1249999999999996 315.50000000000006 375.50000000000006 85.765000000000015 320.50000000000006 1.1306742424242426 404.50000000000006 1.5000000000000002 120.50000000000001 29.500000000000004 206.50000000000003 353.50000000000006 1.9900000000000058 93.591437335114719
decision_type=2 2 2 10 2 10 2 2 2 8 2 10 10 2 2
left_child=5 2 4 -4 -2 6 7 -1 -8 10 -7 -11 14 -14 -3
right_child=1 12 3 -5 -6 9 8 -9 -10 11 -12 -13 13 -15 -16
leaf_value=-0.043558684479236526 0.65408591652955772 0.23185650769805224 -1.3693747906410692 2.0077835279407652 2.3725729426361246 -2.6569106135336793 0.10221370693089932 1.4395223132265593 -0.33550177474406356 -3.8822592168527916 2.8337132630336082 -0.16648521461714952 -0.280089551449138 2.3862793466540824 -0.057694934846721536
leaf_weight=835 1497 4915 490 192 352 83 6284 705 6270 115 59 38 284 203 36078
leaf_count=835 1497 4915 490 192 352 83 6284 705 6270 115 59 38 284 203 36078
internal_value=0.000132731 0.0227469 0.605972 -0.416021 0.983034 -0.0690224 -0.0341137 0.636073 -0.116404 -1.72744 -0.368707 -2.97121 -0.0128584 0.83517 -0.0229676
internal_weight=58400 44011 2531 682 1849 14389 14094 1540 12554 295 142 153 41480 487 40993
internal_count=58400 44011 2531 682 1849 14389 14094 1540 12554 295 142 153 41480 487 40993
is_linear=0
shrinkage=0.0940712


Tree=355
num_leaves=16
num_cat=0
split_feature=56 56 64 59 61 56 43 43 54 46 30 43 46 45 36
split_gain=10347 62991.4 61785.5 94535.1 64855.5 58664.4 132108 63360.1 51097.4 77857.3 86304.5 84954.5 63647.7 96422.3 62144.5
threshold=-15.499999999999998 42.500000000000007 14.03846153846154 0.77999999999999858 2.5278640441683922 63.500000000000007 140.50000000000003 414.50000000000006 193.50000000000003 187.50000000000003 124.50000000000001 444.50000000000006 494.50000000000006 419.50000000000006 487.50000000000006
decision_type=8 8 2 2 2 8 8 10 2 8 2 10 10 10 2
left_child=8 2 4 -4 -2 6 -3 -7 12 11 -11 -10 14 -14 -1
right_child=1 5 3 -5 -6 7 -8 -9 9 10 -12 -13 13 -15 -16
leaf_value=0.053603157409016958 0.10755753132833153 -1.9022953213528908 0.22285943349671075 -3.4968383212955927 0.69793610566932296 -0.06327920714437088 -0.13481719675145432 0.35213386944820191 0.33657699559957083 0.20510455041089762 -0.4700232486435173 -0.92418933437579043 0.77067755986706576 6.4228037787839334 3.5726577660687489
leaf_weight=13087 4306 463 164 94 2666 17800 1927 3973 3596 2164 7408 543 134 32 43
leaf_count=13087 4306 463 164 94 2666 17800 1927 3973 3596 2164 7408 543 134 32 43
internal_value=0.000128183 0.036856 0.280432 -1.14478 0.333434 -0.0360343 -0.478291 0.0125368 -0.0425593 -0.169975 -0.317371 0.170859 0.0888285 1.91069 0.0655609
internal_weight=58400 31393 7230 258 6972 24163 2390 21773 27007 13711 9572 4139 13296 166 13130
internal_count=58400 31393 7230 258 6972 24163 2390 21773 27007 13711 9572 4139 13296 166 13130
is_linear=0
shrinkage=0.0940712


Tree=356
num_leaves=16
num_cat=0
split_feature=29 47 2 1 53 20 31 32 63 58 1 45 70 17 2
split_gain=10845.8 43549.9 89781.7 132586 73272.5 43194.7 90404.8 120722 88618.1 61426 173209 57003.8 36258.8 108541 46628.7
threshold=63.445514682547831 132.83333333333334 30.345000000000002 176.62500000000003 45.500000000000007 -0.98182534576205283 120.07142857142858 101.11238443184129 264.50000000000006 7.2272953675098313 22.505000000000006 488.50000000000006 7.5000000000000009 0.81174490092936691 95.615000000000023
decision_type=2 2 2 2 2 2 2 2 2 2 2 10 2 2 2
left_child=5 2 3 -2 -4 6 7 -1 -8 11 -11 -7 14 -14 -3
right_child=1 12 4 -5 -6 9 8 -9 -10 10 -12 -13 13 -15 -16
leaf_value=0.64136053265820514 8.8196791468693103 0.039801361284016415 -4.2009077927609706 -1.4815890780207237 1.1265853752095778 -0.086017861762668166 -0.82959486008068706 4.0678506728655845 5.2255117061710763 8.8539736069703743 0.55717037852918727 -1.1520490172002775 -0.018159829644932447 -1.0287446626895462 0.57272476090468571
leaf_weight=520 28 29761 25 17 162 17393 413 109 21 23 242 454 6611 1095 1526
leaf_count=520 28 29761 25 17 162 17393 413 109 21 23 242 454 6611 1095 1526
internal_value=0.000131196 0.0284776 1.3092 5.00619 0.384796 -0.0578461 0.524497 1.24394 -0.518634 -0.0920733 1.32539 -0.113242 0.0208022 -0.161957 0.0658256
internal_weight=58400 39225 232 45 187 19175 1063 629 434 18112 265 17847 38993 7706 31287
internal_count=58400 39225 232 45 187 19175 1063 629 434 18112 265 17847 38993 7706 31287
is_linear=0
shrinkage=0.0940712


Tree=357
num_leaves=16
num_cat=0
split_feature=45 59 44 29 59 52 44 58 45 58 7 34 8 45 38
split_gain=10938.1 102786 105042 102479 74360.7 98443.7 76668.4 62022 48771.7 114006 145802 115449 22943.4 75655.1 44709.9
threshold=472.50000000000006 4.0700000000000047 144.50000000000003 93.299696281142403 3.8900000000000001 120.18581081317986 102.50000000000001 1.4662910041469888 454.50000000000006 1.3988830853944034 204.50000000000003 99.598214285714292 32.850000000000001 444.50000000000006 106.8811923830428
decision_type=10 2 10 2 2 2 10 2 10 2 2 2 2 8 2
left_child=8 4 7 -4 6 -6 -2 -3 12 10 -10 -11 14 -14 -1
right_child=1 2 3 -5 5 -7 -8 -9 9 11 -12 -13 13 -15 -16
leaf_value=0.13928680978587188 1.3571203386901065 -2.8798067234680045 0.6437397387078535 4.3693048253638462 3.6945394907715832 -4.5036020898540468 -0.10160741392822328 3.1389007465776197 0.055316602791823065 5.8050493761620645 -1.7150324865511584 0.34409120276293315 -0.16992429758463945 1.1348643348912286 -0.054142818794020865
leaf_weight=20334 359 57 125 137 14.999999999999998 62 2754 19 812 35 833 550 9871 408 22029
leaf_count=20334 359 57 125 137 15 62 2754 19 812 35 833 550 9871 408 22029
internal_value=0.000172143 0.160695 1.71666 2.60666 -0.00488867 -2.86327 0.0671727 -1.3406 -0.0101506 -0.440897 -0.841858 0.685614 0.00810661 -0.117957 0.038701
internal_weight=58400 3528 338 262 3190 77 3113 76 54872 2230 1645 585 52642 10279 42363
internal_count=58400 3528 338 262 3190 77 3113 76 54872 2230 1645 585 52642 10279 42363
is_linear=0
shrinkage=0.0940712


Tree=358
num_leaves=16
num_cat=0
split_feature=40 40 34 55 56 46 28 39 40 46 28 54 46 50 41
split_gain=10501.6 50353.4 80989.4 135654 101025 46539.4 81865.7 152451 84727.8 78262.2 110625 107784 45694.1 100361 98346.4
threshold=131.68963813430824 132.9774770919222 109.30952380952382 -94.499999999999986 11.500000000000002 297.50000000000006 169.83333333333334 442.50000000000006 129.49074654294785 207.50000000000003 111.83333333333336 152.50000000000003 341.50000000000006 61.097107303167277 141.72526203475255
decision_type=2 2 2 10 10 8 2 2 2 8 2 2 8 2 2
left_child=5 2 3 -2 -4 9 8 -8 -7 11 -11 -1 13 -3 -14
right_child=1 12 4 -5 -6 6 7 -9 -10 10 -12 -13 14 -15 -16
leaf_value=-0.69856990523641016 11.329366356291837 -2.3544808353450102 -0.4967414302864443 1.4900670441953394 1.9363090266476517 -0.15038558302253063 3.1610449649284336 -3.7215293122817217 -1.4156966357764926 0.61995321349514065 -0.29820799899967515 0.068711118932635012 0.72644071703963053 -0.048397440066709374 0.027171849467816839
leaf_weight=2036 14.999999999999998 167 370 52 253 12541 144 34 485 3963 1641 7907 2257 18135 8400
leaf_count=2036 15 167 370 52 253 12541 144 34 485 3963 1641 7907 2257 18135 8400
internal_value=0.000184876 0.0394686 0.832762 3.90258 0.493488 -0.0403213 -0.170185 1.82476 -0.197671 0.0699691 0.351061 -0.0884752 0.0205187 -0.0696457 0.175364
internal_weight=58400 29649 690 67 623 28751 13204 178 13026 15547 5604 9943 28959 18302 10657
internal_count=58400 29649 690 67 623 28751 13204 178 13026 15547 5604 9943 28959 18302 10657
is_linear=0
shrinkage=0.0940712


Tree=359
num_leaves=16
num_cat=0
split_feature=37 59 8 26 63 51 5 44 5 10 38 71 31 56 63
split_gain=11945 59255.6 59865.9 101545 92022.9 56262.8 112326 139564 53235.6 82375.4 55205.1 43303.4 91916.5 76531.9 33128.9
threshold=135.32738095238099 -4.9199999999999999 6.1500000000000012 22.500000000000004 -60.499999999999993 209.53571428571431 83.345000000000013 114.50000000000001 99.825000000000003 21.500000000000004 119.34864005615165 140.50000000000003 87.214285714285737 -367.49999999999994 -24.499999999999996
decision_type=2 2 2 10 2 2 2 10 2 2 2 2 2 8 2
left_child=1 2 3 -1 -4 6 7 -2 10 -10 -3 12 -7 -13 -8
right_child=5 8 4 -5 -6 11 14 -9 9 -11 -12 13 -14 -15 -16
leaf_value=-5.836680851334183 6.4485060578301088 -0.051252978133366052 1.5198241275834221 2.4641167279711937 -3.6189553749303043 1.7542553491642301 -0.54939985599400942 0.71784455908827782 -0.15876893441993978 -3.0601489464642579 0.46791809400022261 -1.6096360066539162 -0.26546348821807836 0.10535952834076687 -5.7662081312106253
leaf_weight=14.999999999999998 56 26126 39 60 133 205 29 110 262 128 1946 231 5752 23292 15.999999999999998
leaf_count=15 56 26126 39 60 133 205 29 110 262 128 1946 231 5752 23292 16
internal_value=0.00019287 -0.0430699 -1.48924 0.717131 -2.44985 0.042029 1.56703 2.69391 -0.0304342 -1.11974 -0.0152346 0.0310273 -0.195496 0.0884069 -2.53814
internal_weight=58400 28709 247 75 172 29691 211 166 28462 390 28072 29480 5957 23523 45
internal_count=58400 28709 247 75 172 29691 211 166 28462 390 28072 29480 5957 23523 45
is_linear=0
shrinkage=0.0940712


Tree=360
num_leaves=15
num_cat=0
split_feature=44 25 39 55 21 39 38 51 34 20 51 44 27 35
split_gain=11204 56729.5 72608.1 74944.7 50218.4 79647.1 50975.2 39072.8 98459.1 89239.7 84868.5 75165.2 110253 86978.6
threshold=239.50000000000003 3.5000000000000004 477.50000000000006 -289.49999999999994 0.91023613416931248 457.50000000000006 81.491219049922961 231.14835164835168 79.607142857142875 -0.88545602565320969 230.39285714285717 323.50000000000006 47.500000000000007 67.643477955279423
decision_type=8 10 2 10 2 2 2 2 2 2 2 8 8 2
left_child=1 2 3 -1 6 -6 -3 8 9 -2 -10 12 -9 -13
right_child=7 4 -4 -5 5 -7 -8 11 10 -11 -12 13 -14 -15
leaf_value=2.3517919482055309 5.9135227061947351 0.69038682557415598 4.4355368795404821 -1.2374485588700745 -0.56467680841526802 0.97189701590682065 -0.0035975681986869083 0.84973554894087233 -0.40359591268685541 0.72472146858116615 -3.2839490765872998 -1.0984376160398046 0.10372177905311065 0.00035849836205070328
leaf_weight=54 32 981 21 718 2584 336 20034 2308 2157 239 93 656 7281 20906
leaf_count=54 32 981 21 718 2584 336 20034 2308 2157 239 93 656 7281 20906
internal_value=0.00015541 -0.047922 -0.829926 -0.981984 -0.0219554 -0.387397 0.0288412 0.0354668 -0.320622 1.36825 -0.524901 0.0643032 0.283404 -0.0331424
internal_weight=58400 24728 793 772 23935 2920 21015 33672 2521 271 2250 31151 9589 21562
internal_count=58400 24728 793 772 23935 2920 21015 33672 2521 271 2250 31151 9589 21562
is_linear=0
shrinkage=0.0940712


Tree=361
num_leaves=15
num_cat=0
split_feature=53 50 27 54 54 7 37 29 53 55 51 54 11 71
split_gain=10556 103279 102418 99524.2 85597.2 76066.2 74039.8 38516.3 37895.1 138072 82990.5 29929.1 77034.8 34571.7
threshold=26.500000000000004 164.43148812082936 97.500000000000014 357.50000000000006 417.50000000000006 201.50000000000003 153.06203007518801 109.03745533568984 28.500000000000004 341.50000000000006 305.60714285714295 43.500000000000007 13.500000000000002 78.500000000000014
decision_type=2 2 8 2 2 2 2 2 2 10 2 2 2 2
left_child=1 3 7 5 -5 -1 -4 -3 9 10 -2 12 -10 -13
right_child=8 2 6 4 -6 -7 -8 -9 11 -11 -12 13 -14 -15
leaf_value=2.0941795902761671 -1.5011081003461564 -5.4142169488845262 -0.99468780380591437 4.2762928236657007 -0.88211604114781605 0.034572559205832624 5.2122050745319157 -1.6035454204681112 2.104250036404026 6.8606042442859358 1.2670770843802153 0.40440576233029674 -2.2173228582896805 -0.0092768323960094237
leaf_weight=173 503 60 79 99 39 1747 20 41 47 19 117 1848 147 53461
leaf_count=173 503 60 79 99 39 1747 20 41 47 19 117 1848 147 53461
internal_value=0.000164962 0.199522 -1.83286 0.398333 2.82402 0.221768 0.319434 -3.9165 -0.00785614 -0.727266 -0.976651 0.000444297 -1.16126 0.00455399
internal_weight=58400 2258 200 2058 138 1920 99 101 56142 639 620 55503 194 55309
internal_count=58400 2258 200 2058 138 1920 99 101 56142 639 620 55503 194 55309
is_linear=0
shrinkage=0.0940712


Tree=362
num_leaves=14
num_cat=0
split_feature=22 1 1 1 0 34 22 45 20 36 34 59 49
split_gain=10902.8 60578.8 94493.4 94400.4 51620.9 45232.9 32423.8 84228.5 85409 31842 15283.5 74029.5 23737.4
threshold=454.50000000000006 31.795000000000005 65.595000000000013 52.995000000000012 54.500000000000007 153.96428571428575 436.50000000000006 461.50000000000006 0.95297903005573359 448.50000000000006 204.67857142857147 -4.4099999999999966 359.46428571428578
decision_type=2 2 2 2 2 2 2 8 2 2 2 2 2
left_child=6 5 3 -3 -4 -2 10 8 -8 -9 12 -12 -1
right_child=1 2 4 -5 -6 -7 7 9 -10 -11 11 -13 -14
leaf_value=0.004583286417823928 0.06069883454018922 0.64968345485498691 2.4598315284808869 9.22587931190726 -1.5950632656161639 -5.9087333660526502 2.3991639457123042 -6.2913279445776231 -3.8673929667731795 -0.26942814434235524 3.7158970858106821 0.16106541705719293 -0.31668141790033416
leaf_weight=54928 18 33 32 15.999999999999998 162 28 188 15.000000000000002 20 14.999999999999998 54 779 2112
leaf_count=54928 18 33 32 16 162 28 188 15 20 15 54 779 2112
internal_value=0.000173668 -0.574633 0.0256141 3.651 -0.911269 -3.64491 0.00304986 1.0952 1.77168 -3.44667 -0.00146881 0.398183 -0.0073182
internal_weight=58400 289 243 49 194 46 58111 238 208 30 57873 833 57040
internal_count=58400 289 243 49 194 46 58111 238 208 30 57873 833 57040
is_linear=0
shrinkage=0.0940712


Tree=363
num_leaves=15
num_cat=0
split_feature=61 28 25 25 46 66 8 6 67 2 6 46 50 3
split_gain=10552.5 51511.2 87280.1 87177.5 50358.3 67939.1 47952.8 29456.9 116749 107338 76467.6 27553 87477.5 79068.5
threshold=5.3351449275362333 244.83333333333334 75.500000000000014 204.50000000000003 62.500000000000007 2.5000000000000004 0.25000000000000006 2.5000000000000004 1.5000000000000002 18.275000000000002 1.5000000000000002 333.50000000000006 167.1675093678185 12.500000000000002
decision_type=2 2 8 8 8 2 2 2 2 2 2 8 2 2
left_child=7 4 -3 -4 5 -2 -6 8 10 -10 -1 12 -9 -13
right_child=1 2 3 -5 6 -7 -8 11 9 -11 -12 13 -14 -15
leaf_value=0.09243491271219248 -2.152833057267455 -2.3894288684306644 7.2416588983352792 -1.0579521430501841 2.0314567287044616 1.0009095476324752 -0.085577611154398048 -0.099854510900086596 2.6120586601909905 -0.56430225236341414 1.6067291322752162 -0.069856912386936434 0.5836826679613013 0.33884521485397984
leaf_weight=499 220 22 33 15.999999999999998 94 82 10272 26008 101 1147 722 10408 1768 7008
leaf_count=499 220 22 33 16 94 82 10272 26008 101 1147 722 10408 1768 7008
internal_value=0.000158611 -0.0840739 2.41384 4.5801 -0.101061 -1.29536 -0.0660649 0.0191427 0.335439 -0.304197 0.988877 0.00184851 -0.056311 0.0946086
internal_weight=58400 10739 71 49 10668 302 10366 47661 2469 1248 1221 45192 27776 17416
internal_count=58400 10739 71 49 10668 302 10366 47661 2469 1248 1221 45192 27776 17416
is_linear=0
shrinkage=0.0940712


Tree=364
num_leaves=16
num_cat=0
split_feature=46 27 50 23 69 1 8 1 27 32 23 33 27 44 47
split_gain=11260.3 116645 115964 189614 142296 92300.8 138913 72940.4 22275.5 78950.2 101813 92963.8 51817.1 83567.9 52098.9
threshold=473.50000000000006 90.500000000000014 101.04866805817231 196.50000000000003 5.5000000000000009 10.325000000000001 18.850000000000005 212.08500000000004 79.500000000000014 100.75406171543442 327.50000000000006 288.50000000000006 86.500000000000014 495.50000000000006 216.83333333333334
decision_type=10 10 2 10 2 2 2 2 8 2 10 2 8 10 2
left_child=8 5 3 -3 -4 6 -2 -7 9 10 -1 -11 13 -10 -14
right_child=1 2 4 -5 -6 7 -8 -9 12 11 -12 -13 14 -15 -16
leaf_value=0.30721515284636075 -1.5241097954482687 0.55983408679448421 -0.75675323162983821 5.5914593567867845 1.1043362328133728 -1.2915251127396303 8.0755735179353483 0.25935010354891364 -0.47316516596400221 -1.1516688124605878 -3.5620865906203161 -0.014673664541404395 0.20576638467847999 -5.526014440940016 -0.076341182035476338
leaf_weight=9649 27 249 915 89 601 1110 24 353 1501 676 59 10473 7528 28 25118
leaf_count=9649 27 249 915 89 601 1110 24 353 1501 676 59 10473 7528 28 25118
internal_value=0.000166548 -0.166764 0.33337 1.90472 -0.0184863 -0.779009 3.09668 -0.917358 0.0103895 0.0869987 0.283118 -0.0837763 -0.0363632 -0.571322 -0.011278
internal_weight=58400 3368 1854 338 1516 1514 51 1463 55032 20857 9708 11149 34175 1529 32646
internal_count=58400 3368 1854 338 1516 1514 51 1463 55032 20857 9708 11149 34175 1529 32646
is_linear=0
shrinkage=0.0940712


Tree=365
num_leaves=14
num_cat=0
split_feature=44 48 10 25 7 30 44 51 35 48 24 19 51
split_gain=11100 88502.5 106757 77196.2 107410 57376.2 20120.9 105089 120283 99114.7 19675 94567.2 16896.9
threshold=494.50000000000006 33.827996294982597 17.500000000000004 13.500000000000002 205.50000000000003 183.50000000000003 490.50000000000006 304.60714285714295 115.64187803532077 127.57350822173059 467.50000000000006 -0.68301270189221952 304.1785714285715
decision_type=10 2 2 10 2 2 10 2 2 2 10 2 2
left_child=6 2 -2 5 -5 -3 10 8 -8 -9 12 -12 -1
right_child=1 3 -4 4 -6 -7 7 9 -10 -11 11 -13 -14
leaf_value=0.023422901211953801 8.9676044287800067 6.7973387128041365 -0.32356360798138328 0.59992313296126187 -2.0190836021515959 0.29435485657317123 0.014037151689970445 -0.74885102144724203 -3.6211214467065753 3.9777430833406111 6.8026324781828587 -0.46486613563476065 -0.10652155455715027
leaf_weight=46119 21 24 21 480 193 23 185 86 141 70 20 59 10958
leaf_count=46119 21 24 21 480 193 23 185 86 141 70 20 59 10958
internal_value=0.000154612 0.356476 4.47404 0.106948 -0.153892 3.72941 -0.00456345 -0.608826 -1.56761 1.38966 0.00054661 1.46963 -0.00152467
internal_weight=58400 762 42 720 673 47 57638 482 326 156 57156 79 57077
internal_count=58400 762 42 720 673 47 57638 482 326 156 57156 79 57077
is_linear=0
shrinkage=0.0940712


Tree=366
num_leaves=15
num_cat=0
split_feature=28 33 23 26 59 1 34 50 26 43 32 56 71 33
split_gain=11296.4 81681.6 128533 65549.2 102214 126175 65791.8 64994.6 105034 100445 56298.3 87529.6 50056 46503.1
threshold=125.16666666666667 165.50000000000003 152.50000000000003 220.50000000000003 -4.3299999999999939 103.92500000000003 153.96428571428575 131.12008309361389 160.50000000000003 198.50000000000003 59.286431432648016 -146.49999999999997 377.50000000000006 155.50000000000003
decision_type=2 2 10 10 2 2 2 2 8 8 2 8 2 2
left_child=3 2 13 7 5 -5 -6 9 -9 -1 11 -3 -12 -2
right_child=1 10 -4 4 6 -7 -8 8 -10 -11 12 -13 -14 -15
leaf_value=0.51772923842281404 2.9575294866474229 2.0545076695026951 8.3348844402749283 -3.5806390601625258 -0.089073744501089638 -0.12537145236027858 -1.0402486167927267 -0.28875137061721112 0.49419076434515463 -0.045954128538256735 0.0045689604689526757 -1.2405281701205053 0.37799931449309193 -1.6960339374658644
leaf_weight=4708 37 80 25 183 4630 190 746 8193 1859 6889 26646 573 3605 36
leaf_count=4708 37 80 25 183 4630 190 746 8193 1859 6889 26646 573 3605 36
internal_value=0.000191057 0.0390864 2.72924 -0.0438158 -0.326132 -1.82878 -0.221351 0.031167 -0.143889 0.182911 0.0304141 -0.832718 0.0490919 0.673469
internal_weight=58400 31002 98 27398 5749 373 5376 21649 10052 11597 30904 653 30251 73
internal_count=58400 31002 98 27398 5749 373 5376 21649 10052 11597 30904 653 30251 73
is_linear=0
shrinkage=0.0940712


Tree=367
num_leaves=16
num_cat=0
split_feature=37 54 54 38 54 32 5 49 49 1 0 23 28 28 36
split_gain=10875.9 52156.9 92729.1 79941.8 71797.1 114867 64006.6 60341.7 48034.3 76585.9 137364 82378.2 57572.5 96976.9 63274.7
threshold=135.32738095238099 184.50000000000003 179.50000000000003 122.7663511884475 187.50000000000003 150.16356161822009 95.125000000000014 174.35714285714286 218.92857142857147 67.225000000000009 50.500000000000007 2.5000000000000004 124.50000000000001 111.16666666666667 309.50000000000006
decision_type=2 2 2 2 2 2 2 2 2 2 2 10 2 2 2
left_child=1 2 3 -1 5 -3 -4 -6 9 10 -2 -11 13 -10 -14
right_child=8 4 6 -5 7 -7 -8 -9 12 11 -12 -13 14 -15 -16
leaf_value=0.011181021238058725 -1.6876914491665469 -2.0259390727323789 1.6296438838205429 1.3972459561811799 -1.172019286534361 5.2617426401974257 -3.4062724780821778 -0.080651532844588911 -0.028278637430128987 4.8412808480909941 1.795704027376851 -0.012592966037870549 0.58666999193301195 -0.77957431414265421 0.037939954795093891
leaf_weight=8677 118 289 470 383 458 19 22 18391 7091 30 623 1574 2099 1934 16222
leaf_count=8677 118 289 470 383 458 19 22 18391 7091 30 623 1574 2099 1934 16222
internal_value=0.000189366 -0.0410917 0.138452 0.0700198 -0.130626 -1.55169 1.39414 -0.107272 0.0401094 0.448561 1.23844 0.0827314 0.00505527 -0.189398 0.100858
internal_weight=58400 28709 9552 9060 19157 308 492 18849 29691 2345 741 1604 27346 9025 18321
internal_count=58400 28709 9552 9060 19157 308 492 18849 29691 2345 741 1604 27346 9025 18321
is_linear=0
shrinkage=0.0940712


Tree=368
num_leaves=16
num_cat=0
split_feature=49 42 71 49 51 53 25 8 51 53 52 59 49 1 6
split_gain=10743.8 58812 81144.5 76056.1 97054.8 70404 60383.8 57460.5 52372.6 127529 108982 96038.8 54943.2 130976 54210.1
threshold=264.21428571428578 234.50000000000003 369.50000000000006 262.50000000000006 303.75000000000006 172.50000000000003 13.500000000000002 100.95000000000002 224.96428571428575 93.500000000000014 119.73810707406632 4.0700000000000047 267.64285714285717 31.795000000000005 18.500000000000004
decision_type=2 2 2 2 2 2 10 2 2 2 2 2 2 2 2
left_child=1 2 7 4 -3 -4 -5 -1 9 10 -2 -11 13 -10 -14
right_child=8 3 5 6 -6 -7 -8 -9 12 11 -12 -13 14 -15 -16
leaf_value=0.078735480928184082 -4.2587912335786493 -0.21067578436109474 -2.660465999160802 2.3850410595993501 1.5191947415858487 4.2243698398814171 -1.7165915805130905 -2.0366830729182843 -1.5315520701266736 -3.6778675478704379 2.8676873633494084 3.2272890502783604 0.014546046758687859 0.93681531444979926 3.6895092866969961
leaf_weight=13932 23 9923 14.999999999999998 33 294 69 417 113 220 148 83 19 31730 1347 34
leaf_count=13932 23 9923 15 33 294 69 417 113 220 148 83 19 31730 1347 34
internal_value=0.000187365 -0.0467802 0.0790931 -0.213505 -0.160661 2.96734 -1.40832 0.0614822 0.0348485 -1.25906 1.28083 -2.86888 0.0455086 0.589007 0.0186648
internal_weight=58400 24796 14129 10667 10217 84 450 14045 33604 273 106 167 33331 1567 31764
internal_count=58400 24796 14129 10667 10217 84 450 14045 33604 273 106 167 33331 1567 31764
is_linear=0
shrinkage=0.0940712


Tree=369
num_leaves=15
num_cat=0
split_feature=8 29 43 11 29 43 40 49 64 5 1 19 34 26
split_gain=10481.6 57111.2 62368.5 66859.7 61568.6 53544.5 59993.1 24507.9 98933.3 76900.1 58846.5 49976.7 130425 41691.3
threshold=3.0500000000000003 200.92701814995269 493.50000000000006 41.500000000000007 193.86120406185134 488.50000000000006 144.07781192866074 245.07142857142858 0.20220184227537172 10.835000000000003 11.485000000000001 -0.9330127018922193 107.96428571428574 1.5000000000000002
decision_type=2 2 10 2 2 8 2 2 2 2 2 2 2 8
left_child=1 2 4 -4 -1 6 -3 8 9 -2 -10 12 -9 -13
right_child=7 5 3 -5 -6 -7 -8 11 10 -11 -12 13 -14 -15
leaf_value=-0.049040683973786046 -5.0761960849417669 -4.6037953824665667 -3.4945161684331532 2.9420016926965245 2.418086856560016 2.5162102807907343 -1.0747260544297432 1.9950558766714765 -1.0926482737383656 1.2451663452920136 -0.10137011914851349 1.0537439267364372 0.17888658491874046 0.013523975050914528
leaf_weight=7730 15.999999999999998 52 81 15.999999999999998 89 27 218 404 551 606 12996 343 2555 32716
leaf_count=7730 16 52 81 16 89 27 218 404 551 606 12996 343 2555 32716
internal_value=0.000177112 -0.0983266 -0.0501286 -2.40175 -0.0204652 -1.37555 -1.77743 0.0163021 -0.0884987 1.07005 -0.141819 0.0575349 0.427817 0.0243697
internal_weight=58400 8213 7916 97 7819 297 270 50187 14169 622 13547 36018 2959 33059
internal_count=58400 8213 7916 97 7819 297 270 50187 14169 622 13547 36018 2959 33059
is_linear=0
shrinkage=0.0940712


Tree=370
num_leaves=16
num_cat=0
split_feature=22 22 45 63 20 32 35 57 34 67 29 20 28 53 64
split_gain=9765.41 54523 111017 92504.5 68858.9 53119.8 114170 85083.7 68119.6 67460.9 105245 102610 38295.8 95266.5 29268.7
threshold=17.500000000000004 24.500000000000004 485.50000000000006 -124.49999999999999 -0.29696027566504662 148.05356173639083 122.17814861913739 -10.499999999999998 138.5277777777778 1.0000000180025095e-35 44.275651698572865 -0.82298386589365657 18.416666666666668 111.50000000000001 6.2880184331797242
decision_type=2 2 10 2 2 2 2 8 2 2 2 2 2 2 2
left_child=5 2 4 -4 -2 6 8 -8 -1 11 -11 -7 13 -3 -14
right_child=1 12 3 -5 -6 9 7 -9 -10 10 -12 -13 14 -15 -16
leaf_value=0.052066117516003985 0.066095902627366157 6.5543057553569755 8.4966621603064389 0.96052808073042173 -1.0676262434909254 -2.5886615726178905 -0.58116952076936934 -3.3771873598051299 1.0619051243779014 3.6246080945137833 -0.22559231135160751 3.7858185781890308 -2.3770767246686246e-05 -1.9890224234709923 1.1061502071293143
leaf_weight=3047 785 24 19 50 1194 26 867 107 732 73 398 124 50723 20 211
leaf_count=3047 785 24 19 50 1194 26 867 107 732 73 398 124 50723 20 211
internal_value=0.00015258 -0.0120927 -0.487819 3.17958 -0.618157 0.12097 0.013915 -0.893373 0.248065 0.938056 0.380885 2.66479 0.00703113 2.73312 0.00458997
internal_weight=58400 53026 2048 69 1979 5374 4753 974 3779 621 471 150 50978 44 50934
internal_count=58400 53026 2048 69 1979 5374 4753 974 3779 621 471 150 50978 44 50934
is_linear=0
shrinkage=0.0940712


Tree=371
num_leaves=16
num_cat=0
split_feature=26 24 25 55 28 54 39 1 26 10 0 33 47 64 32
split_gain=9694.88 69069 79266.7 72885.8 58977.4 89490.9 78182.6 50599.8 17207.6 72774.8 109985 94738.5 25000.3 77007 53858.6
threshold=9.5000000000000018 312.50000000000006 46.500000000000007 260.50000000000006 227.50000000000003 159.50000000000003 374.50000000000006 183.31500000000003 26.500000000000004 24.500000000000004 34.500000000000007 161.50000000000003 263.16666666666669 2.0397368421052637 163.85293900601701
decision_type=8 8 10 8 2 2 2 2 8 2 2 2 2 2 2
left_child=1 4 7 -4 5 -1 -6 -3 9 11 -11 -2 14 -14 -10
right_child=8 2 3 -5 6 -7 -8 -9 12 10 -12 -13 13 -15 -16
leaf_value=-1.1188700921899954 -1.8937271986421791 -6.4737748733150076 -1.2479273059704143 5.2999720321254777 5.4981896748719743 0.17822564180181277 0.65959215108653901 -0.89824743167398735 0.086492220023854413 -2.1621146379387279 1.1292540232142738 0.097634445975345471 0.012251367323949583 -0.37445461486858977 -0.98192072720673529
leaf_weight=635 223 40 164 14.999999999999998 34 1805 179 23 22105 97 1025 3610 22295 5726 424
leaf_count=635 223 40 164 15 34 1805 179 23 22105 97 1025 3610 22295 5726 424
internal_value=0.000178366 -0.1676 -1.68369 -0.657435 -0.0283493 -0.159786 1.46693 -4.51117 0.00893598 0.176206 0.841984 -0.0189119 -0.00746256 -0.0667827 0.0663122
internal_weight=58400 2895 242 179 2653 2440 213 63 55505 4955 1122 3833 50550 28021 22529
internal_count=58400 2895 242 179 2653 2440 213 63 55505 4955 1122 3833 50550 28021 22529
is_linear=0
shrinkage=0.0940712


Tree=372
num_leaves=16
num_cat=0
split_feature=32 32 24 19 30 49 51 39 57 57 8 32 11 45 2
split_gain=9998.49 102977 111704 131299 86085.2 69850.4 107726 135148 56507 56925.1 55757.1 55704.6 54495.1 75508.1 50567.8
threshold=110.79603740362869 105.77863228129949 15.500000000000002 0.93301270189221952 319.50000000000006 206.61904761904765 230.39285714285717 442.50000000000006 246.50000000000003 267.50000000000006 2.0500000000000003 105.08522618286922 50.500000000000007 395.50000000000006 17.915000000000003
decision_type=2 2 10 2 2 2 2 2 10 10 2 2 2 10 2
left_child=1 8 4 -4 -3 6 7 -2 11 -10 -8 -1 14 -14 -7
right_child=5 2 3 -5 -6 12 10 -9 9 -11 -12 -13 13 -15 -16
leaf_value=0.019677161629741865 -0.53594071015392519 -3.1018612091011128 -0.18723534149070939 -2.4803444927739631 1.6831393452144043 -0.39835975807834428 1.5507888874132569 4.0404614327723332 -2.0878710148158999 0.1613254574505423 -2.2254550929788115 1.0962104944377293 0.31604839376034782 2.4060396405781601 0.090447853710923509
leaf_weight=29612 298 223 2720 239 38 2054 37 69 222 179 372 430 638 200 21069
leaf_count=29612 298 223 2720 239 38 2054 37 69 222 179 372 430 638 200 21069
internal_value=0.000155879 -0.0332081 -0.538976 -0.373704 -2.39885 0.0455632 -0.831913 0.337602 0.0203084 -1.08682 -1.87893 0.0351463 0.0740387 0.81855 0.046998
internal_weight=58400 33663 3220 2959 261 24737 776 367 30443 401 409 30042 23961 838 23123
internal_count=58400 33663 3220 2959 261 24737 776 367 30443 401 409 30042 23961 838 23123
is_linear=0
shrinkage=0.0940712


Tree=373
num_leaves=15
num_cat=0
split_feature=44 27 5 48 10 57 25 44 68 10 0 24 19 51
split_gain=9657.13 92735.7 89382.8 86763.4 92244.9 83393.6 77702.3 16829.2 176037 91414 57573 16746.8 78269.7 15688.4
threshold=494.50000000000006 234.50000000000003 84.735000000000014 33.827996294982597 17.500000000000004 -115.49999999999999 13.500000000000002 490.50000000000006 1.5000000000000002 7.5000000000000009 148.50000000000003 467.50000000000006 -0.68301270189221952 304.1785714285715
decision_type=10 10 2 2 2 10 10 10 2 2 2 10 2 2
left_child=7 3 5 4 -2 -3 -5 11 10 -10 -9 13 -13 -1
right_child=1 2 -4 6 -6 -7 -8 8 9 -11 -12 12 -14 -15
leaf_value=0.022542986751215268 8.9539344523195634 3.9628691450286295 8.6582631850679306 3.5166701051285849 -0.7210391228772115 -1.052360256309403 -0.69993404911460821 -1.2745978290505617 4.3641614157764614 0.16978060195194758 -4.3271764185542585 6.2074567221395744 -0.40442310037665613 -0.1026685149368073
leaf_weight=46119 17 60 17 40 15.999999999999998 55 557 173 62 167 80 20 59 10958
leaf_count=46119 17 60 17 40 16 55 557 173 62 167 80 20 59 10958
internal_value=0.000142289 0.332498 2.58418 -0.144304 4.43873 1.58123 -0.408767 -0.00425831 -0.556887 1.32779 -2.26096 0.000414924 1.35577 -0.00149584
internal_weight=58400 762 132 630 33 115 597 57638 482 229 253 57156 79 57077
internal_count=58400 762 132 630 33 115 597 57638 482 229 253 57156 79 57077
is_linear=0
shrinkage=0.0940712


Tree=374
num_leaves=15
num_cat=0
split_feature=29 51 51 55 51 1 51 44 47 20 41 36 1 40
split_gain=9961.6 37254.4 123153 102863 82296 84535.7 75583.7 64047.7 35735.3 74054.5 71154.7 31702 76806.5 28620.6
threshold=63.445514682547831 293.03571428571433 293.43650793650801 268.50000000000006 283.03571428571433 52.195000000000007 273.25000000000006 221.50000000000003 132.83333333333334 -0.95297903005573326 116.56738315300835 177.50000000000003 154.23500000000004 90.451672338484386
decision_type=2 2 2 10 2 2 2 10 2 2 2 2 2 2
left_child=1 4 7 -4 6 -6 -1 -3 9 -2 -11 12 -10 -13
right_child=8 2 3 -5 5 -7 -8 -9 11 10 -12 13 -14 -15
leaf_value=-0.14266432412001262 -4.3698757314717005 0.12417603416705572 0.24731484783385252 -1.5044392898892625 -1.8714370690990609 -0.36015664153140908 0.4871263110873203 6.3904379070025872 3.5551392307539382 3.477822306530149 0.053654575022999258 -0.36868640777589956 -1.8758503832603501 0.033018603076627948
leaf_weight=10881 18 22 4133 318 431 1355 1994 41 65 101 113 1637 34 37257
leaf_count=10881 18 22 4133 318 431 1355 1994 41 65 101 113 1637 34 37257
internal_value=0.0001975 -0.0553662 0.180889 0.121649 -0.128127 -0.726248 -0.0450692 4.2601 0.027364 1.18751 1.6838 0.0204108 1.68853 0.016094
internal_weight=58400 19175 4514 4451 14661 1786 12875 63 39225 232 214 38993 99 38894
internal_count=58400 19175 4514 4451 14661 1786 12875 63 39225 232 214 38993 99 38894
is_linear=0
shrinkage=0.0940712


Tree=375
num_leaves=12
num_cat=0
split_feature=54 44 46 51 44 71 27 46 46 40 40
split_gain=10241.2 81112.7 58249.9 72861.8 71405.8 21388.7 137023 88799.1 15180.8 114512 37187
threshold=569.50000000000011 64.500000000000014 355.50000000000006 275.82142857142861 102.50000000000001 531.50000000000011 372.50000000000006 90.500000000000014 116.50000000000001 59.254547539144816 48.88633645625584
decision_type=2 8 10 2 8 2 10 10 10 2 2
left_child=5 -2 4 -4 -3 8 7 -7 9 -1 -10
right_child=1 2 3 -5 -6 6 -8 -9 10 -11 -12
leaf_value=2.6834447627585361 -4.8181476559928615 4.1287828796689041 -0.80450703950869129 3.3747103783957924 -0.32302067005079682 -3.6950449107081456 6.1042792628541962 -0.38018257891539053 -1.54209076565418 0.068813911836208386 -0.015107878810182229
leaf_weight=149 24 33 53 116 410 80 25 586 140 9612 47172
leaf_count=149 24 33 53 116 410 80 25 586 140 9612 47172
internal_value=0.000188667 0.375153 0.590761 2.06796 0.021656 -0.00394765 -0.523586 -0.786265 0.0023557 0.109162 -0.0196798
internal_weight=58400 636 612 169 443 57764 691 666 57073 9761 47312
internal_count=58400 636 612 169 443 57764 691 666 57073 9761 47312
is_linear=0
shrinkage=0.0940712


Tree=376
num_leaves=16
num_cat=0
split_feature=22 46 5 8 35 33 42 3 28 55 51 36 22 5 59
split_gain=10011 87670.3 103677 97997 89224.8 80652.3 64696.3 54614.8 42452.1 95991.2 72766.4 60647.3 48383.4 103635 28142.2
threshold=17.500000000000004 391.50000000000006 22.685000000000006 15.050000000000002 131.541056123217 465.50000000000006 52.500000000000007 17.500000000000004 18.416666666666668 1.0000000180025095e-35 254.25000000000003 334.50000000000006 29.500000000000004 99.195000000000007 0.040000000000000042
decision_type=2 8 2 2 2 2 2 2 2 8 2 2 2 2 2
left_child=1 5 4 -4 -3 6 -1 -7 9 11 -11 -2 13 -10 -14
right_child=8 2 3 -5 -6 7 -8 -9 12 10 -12 -13 14 -15 -16
leaf_value=-2.1714462869628481 -4.0749980194200521 -3.280578305474902 0.63249508291626622 -1.081067460685827 2.2579302815615305 4.5905088014373101 0.3456319098048255 -1.4448044292184161 -0.28391986556554416 1.5112114866838111 9.7404789320967371 3.3025292602906982 0.078683623499806135 -4.1180692131365308 -0.06323721235996789
leaf_weight=91 23 174 619 562 29 61 3822 15.999999999999998 3428 21 17 14.999999999999998 24984 62 24476
leaf_count=91 23 174 619 562 29 61 3822 16 3428 21 17 15 24984 62 24476
internal_value=0.000182337 0.12251 -0.522212 -0.183178 -2.47755 0.346291 0.28622 3.33102 -0.012216 2.18698 5.43505 -1.14422 -0.0154393 -0.353881 0.0084497
internal_weight=58400 5374 1384 1181 203 3990 3913 77 53026 76 38 38 52950 3490 49460
internal_count=58400 5374 1384 1181 203 3990 3913 77 53026 76 38 38 52950 3490 49460
is_linear=0
shrinkage=0.0940712


Tree=377
num_leaves=13
num_cat=0
split_feature=5 38 6 49 23 29 20 38 32 24 23 52
split_gain=10218.4 49858.6 50916.3 53595.5 36213.4 14605.9 67741.1 60108.4 25427 73181.1 27088.6 19855.3
threshold=10.310000000000002 137.39006908392059 16.500000000000004 229.78571428571431 114.50000000000001 229.60219202859386 0.91023613416931248 117.52573735905118 177.60496560730954 83.500000000000014 428.50000000000006 131.57766268868934
decision_type=2 2 2 2 10 2 2 2 2 10 10 2
left_child=1 2 3 -1 -4 8 7 -7 10 -10 -2 -8
right_child=5 -3 4 -5 -6 6 11 -9 9 -11 -12 -13
leaf_value=-0.79639867806640829 -0.011485761316357363 -3.4268977861550063 -4.4923571110426668 0.99761696161473501 1.052646526785757 1.724419016170309 -1.0025728198388122 -0.84739309083155212 -0.58867896325236013 2.1569820940269535 0.70298086129897541 -4.8442095295743206
leaf_weight=188 56222 29 29 663 14.999999999999998 112 19 274 168 173 472 36
leaf_count=188 56222 29 29 663 15 112 19 274 168 173 472 36
internal_value=0.000179922 0.310264 0.437255 0.600408 -2.62795 -0.00481117 -0.54315 -0.0969011 -0.000631717 0.807395 -0.00551612 -3.58364
internal_weight=58400 924 895 851 44 57476 441 386 57035 341 56694 55
internal_count=58400 924 895 851 44 57476 441 386 57035 341 56694 55
is_linear=0
shrinkage=0.0940712


Tree=378
num_leaves=16
num_cat=0
split_feature=47 49 46 50 7 11 55 1 51 53 1 44 57 64 23
split_gain=10128.1 71419.1 62151 96943.5 89068.1 75969.4 137616 78656.3 59875.5 63628.6 56994 60265.3 47546 47243.1 43566.4
threshold=310.83333333333343 366.64285714285717 277.50000000000006 56.74546260201388 201.50000000000003 1.5000000000000002 23.500000000000004 78.825000000000003 333.03571428571433 186.50000000000003 63.925000000000004 485.50000000000006 -7.4999999999999991 0.9639963704711908 204.50000000000003
decision_type=2 2 8 2 2 2 8 2 2 2 2 10 10 2 10
left_child=1 8 3 12 -5 6 -4 -7 14 -10 13 -12 -2 -3 -1
right_child=2 10 5 4 -6 7 -8 -9 9 -11 11 -13 -14 -15 -16
leaf_value=-0.028129098576380199 -7.0303592870844325 -8.2013513874106891 3.2688735145776175 1.0242041630485155 0.044467847281193518 -0.63364328385457158 -0.95421275225115976 -0.06200325601919409 0.63852820194037707 4.0458592023944728 0.77498342795699815 -4.6905624169077944 -1.5629636837099947 -1.1738530789495609 0.23119616101546103
leaf_weight=32009 21 20 146 911 8202 3376 126 5770 648 51 58 24 41 14.999999999999998 6982
leaf_count=32009 21 20 146 911 8202 3376 126 5770 648 51 58 24 41 15 6982
internal_value=0.000138603 0.0269145 -0.0571783 0.117057 0.142582 -0.226923 1.31785 -0.273095 0.0338029 0.895775 -2.27846 -0.880933 -3.54402 -5.37177 0.0183116
internal_weight=58400 39807 18593 9175 9113 9418 272 9146 39690 699 117 82 62 35 38991
internal_count=58400 39807 18593 9175 9113 9418 272 9146 39690 699 117 82 62 35 38991
is_linear=0
shrinkage=0.0940712


Tree=379
num_leaves=16
num_cat=0
split_feature=29 46 43 50 32 61 49 1 53 8 45 5 53 23 71
split_gain=10357.5 60696.8 107232 108593 55349.1 94229.2 82741.1 45396.2 34672.5 85236 101287 81673 54618.8 118175 55631.3
threshold=120.30031807102812 54.500000000000007 298.50000000000006 127.03402243774114 108.64752971990524 1.1847533482515618 209.35714285714286 46.725000000000001 42.500000000000007 0.45000000000000007 287.50000000000006 87.905000000000015 49.500000000000007 300.50000000000006 177.50000000000003
decision_type=2 8 10 2 2 2 2 2 2 2 10 2 2 8 2
left_child=8 2 7 -4 5 -3 -6 -2 9 10 -1 -11 13 -10 -14
right_child=1 4 3 -5 6 -7 -8 -9 12 11 -12 -13 14 -15 -16
leaf_value=-0.35974472401331703 -8.023404326124643 0.65401924572925796 4.610056175353912 -1.9604405078697802 -1.1854290829865834 -0.54592695638574185 0.091710324885499947 -2.853230772670821 0.48167185834171905 -0.4061323377727229 5.7248331913525909 0.68903243172580519 0.24845177823444423 6.0468298947360148 -0.033686533418029435
leaf_weight=50 20 695 33 61 463 3436 13317 62 1512 4348 45 698 8167 33 25460
leaf_count=50 20 695 33 61 463 3436 13317 62 1512 4348 45 698 8167 33 25460
internal_value=8.89658e-05 -0.0590508 -1.78978 0.382538 -0.0418824 -0.343846 0.0486606 -4.24212 0.0266272 -0.201523 2.56708 -0.25445 0.0599864 0.606606 0.0348411
internal_weight=58400 18087 176 94 17911 4131 13780 82 40313 5141 95 5046 35172 1545 33627
internal_count=58400 18087 176 94 17911 4131 13780 82 40313 5141 95 5046 35172 1545 33627
is_linear=0
shrinkage=0.0940712


Tree=380
num_leaves=16
num_cat=0
split_feature=42 51 23 5 42 0 7 1 54 42 64 1 5 58 41
split_gain=11110.8 54945.9 89109.4 116304 72719.8 53230.6 70307.2 100659 59686.6 50363.6 111242 41734.3 38595.8 110008 83614.1
threshold=320.50000000000006 336.96428571428578 323.50000000000006 72.415000000000006 226.50000000000003 198.50000000000003 207.50000000000003 51.455000000000005 345.50000000000006 312.50000000000006 0.9639963704711908 24.725000000000005 29.585000000000004 3.7887515677716439 76.249176642283544
decision_type=2 2 8 2 2 2 2 2 2 2 2 2 2 2 2
left_child=1 9 3 -3 -4 12 7 -7 -8 11 -11 -1 14 -14 -2
right_child=5 2 4 -5 -6 6 8 -9 -10 10 -12 -13 13 -15 -16
leaf_value=0.27802767423522629 5.2750099486846329 0.36418440692480947 -4.3641177457197884 3.2619891433188499 0.46827235108027093 -1.5036960569538027 -4.6917137233604729 3.1347874886862366 1.4122801918144525 0.044050044784607875 -2.0367015507278752 -0.065722339535124019 0.090401137388376684 6.6634787893239391 -0.22762788245281496
leaf_weight=3485 23 388 47 178 63 53 27 175 27 624 356 30176 17911 21 4846
leaf_count=3485 23 388 47 178 63 53 27 175 27 624 356 30176 17911 21 4846
internal_value=8.83899e-05 -0.0330814 0.805876 1.2822 -1.62753 0.0508424 1.3318 2.0531 -1.68352 -0.0494924 -0.713724 -0.0301181 0.034904 0.0986853 -0.199926
internal_weight=58400 35317 676 566 110 23083 282 228 54 34641 980 33661 22801 17932 4869
internal_count=58400 35317 676 566 110 23083 282 228 54 34641 980 33661 22801 17932 4869
is_linear=0
shrinkage=0.0940712


Tree=381
num_leaves=14
num_cat=0
split_feature=61 61 49 59 61 41 31 39 1 38 47 40 51
split_gain=11531.2 68885.2 91642.1 86463.8 60224 119702 70393.6 42690.4 150240 45087.1 40723.2 109371 73310.2
threshold=1.7949514253862082 1.9376215953307396 386.50000000000006 4.6900000000000039 1.6786431440045899 201.63435291084269 85.642857142857153 486.50000000000006 64.715000000000018 97.384373848030194 261.16666666666669 186.64937845165971 216.10714285714289
decision_type=2 2 2 2 2 2 2 2 2 2 2 2 2
left_child=4 2 3 -2 7 6 -6 9 -9 -1 11 -3 -12
right_child=1 10 -4 -5 5 -7 -8 8 -10 -11 12 -13 -14
leaf_value=0.23133880990678427 0.7119121096225195 0.11112032224622644 -4.5844316051673566 -2.4651643969847545 -2.4638908287946912 5.4424409178701261 -0.43698110869564999 6.6451897152588408 0.055748216619062888 -0.082477825544437389 -1.7168524045728368 5.7454239830505225 -0.072912009566070163
leaf_weight=5197 2192 13062 29 77 162 28 2108 37 149 18359 242 29 16729
leaf_count=5197 2192 13062 29 77 162 28 2108 37 149 18359 242 29 16729
internal_value=0.000101062 0.0376 0.53384 0.602419 -0.0464936 -0.506162 -0.583283 -0.00196643 1.41163 -0.0132265 -0.000355121 0.124295 -0.0965172
internal_weight=58400 32360 2298 2269 26040 2298 2270 23742 186 23556 30062 13091 16971
internal_count=58400 32360 2298 2269 26040 2298 2270 23742 186 23556 30062 13091 16971
is_linear=0
shrinkage=0.0940712


Tree=382
num_leaves=16
num_cat=0
split_feature=33 25 24 1 20 2 61 33 1 70 54 33 28 1 36
split_gain=10884.6 61389.1 78298.8 130715 65535.3 82426.8 69256.1 49451.2 124097 117355 44986.8 29074.6 19258.9 52861 22666.3
threshold=425.50000000000006 2.5000000000000004 141.50000000000003 96.405000000000015 0.61559370248597556 29.615000000000006 4.2906158357771274 420.50000000000006 142.77500000000003 7.5000000000000009 409.50000000000006 451.50000000000006 283.16666666666669 94.575000000000003 461.50000000000006
decision_type=2 8 10 2 2 2 2 2 2 2 2 2 2 2 2
left_child=7 2 3 -2 6 -6 -3 12 9 -9 -10 -4 14 -14 -1
right_child=1 4 11 -5 5 -7 -8 8 10 -11 -12 -13 13 -15 -16
leaf_value=0.018533795377748203 10.887748306723211 -0.16332255226127634 2.0953591031464174 -0.52088450645128981 -2.0852894905798585 -0.33677431740017638 0.89116078669465093 1.1383900703747469 -1.0495193620198502 5.4202592791562507 3.0945964390244192 -3.173337333691201 -1.5387222044998317 0.26355987843643053 -0.37220369503854239
leaf_weight=50925 18 2729 17 15.999999999999998 302 1120 689 295 251 69 24 17 257 324 1347
leaf_count=50925 18 2729 17 16 302 1120 689 295 251 69 24 17 257 324 1347
internal_value=0.000109262 -0.133941 2.64079 5.72829 -0.17379 -0.710087 0.049513 0.0124145 0.833994 1.97009 -0.671965 -0.559104 0.0024548 -0.535434 0.00845163
internal_weight=58400 4908 68 34 4840 1422 3418 53492 639 364 275 34 52853 581 52272
internal_count=58400 4908 68 34 4840 1422 3418 53492 639 364 275 34 52853 581 52272
is_linear=0
shrinkage=0.0940712


Tree=383
num_leaves=16
num_cat=0
split_feature=26 7 8 59 0 57 6 46 8 58 52 47 19 40 45
split_gain=10305.2 51849.4 105773 142097 120856 57813.4 94796.4 91860.5 38048.3 90562 77812.4 53287.9 52779.9 90394.8 66535
threshold=158.50000000000003 207.50000000000003 34.650000000000013 4.7900000000000027 140.50000000000003 193.50000000000003 13.500000000000002 169.50000000000003 24.150000000000002 -3.7942487299370922 114.06260330239758 198.83333333333334 -0.5 177.97848421928123 52.500000000000007
decision_type=8 2 2 2 2 10 2 8 2 2 2 2 2 2 10
left_child=8 5 3 -3 -4 7 -7 -2 12 11 -11 -10 13 -1 -14
right_child=1 2 4 -5 -6 6 -8 -9 9 10 -12 -13 14 -15 -16
leaf_value=-0.28612302503205067 4.2823209225873748 0.0401102861378008 2.1423866592507244 4.460253008220719 -0.27923319203219743 0.81735385628780222 -0.91712175395762718 -0.094094727954139409 -6.2032438832811039 -0.64623096741618247 -0.016921003611880748 -1.5859578165113872 -2.259011238406635 0.52246029368175573 0.14425288786853663
leaf_weight=7432 41 3523 530 64 277 1445 344 15172 25 2167 8775 147 101 1463 16894
leaf_count=7432 41 3523 530 64 277 1445 344 15172 25 2167 8775 147 101 1463 16894
internal_value=0.000135423 0.0521033 0.340103 0.120917 1.31208 -0.0223444 0.483259 -0.0818534 -0.0299103 -0.175489 -0.141638 -2.30757 0.0325852 -0.153049 0.129757
internal_weight=58400 21396 4394 3587 807 17002 1789 15213 37004 11114 10942 172 25890 8895 16995
internal_count=58400 21396 4394 3587 807 17002 1789 15213 37004 11114 10942 172 25890 8895 16995
is_linear=0
shrinkage=0.0940712


Tree=384
num_leaves=16
num_cat=0
split_feature=30 17 56 71 71 20 39 1 30 69 20 45 28 36 23
split_gain=11335.9 54586.1 137903 83609.2 69200.6 94181.5 75462.4 56571.5 39319 71626 71256.5 69361.2 41793.6 88143.2 34175.4
threshold=379.50000000000006 -0.22252093395631442 -272.49999999999994 238.50000000000003 415.50000000000006 -0.1799261722714405 381.50000000000006 142.77500000000003 373.50000000000006 7.5000000000000009 -0.78574730703237861 474.50000000000006 237.83333333333334 382.50000000000006 361.50000000000006
decision_type=2 2 10 2 2 2 2 2 2 2 2 10 2 2 10
left_child=8 2 7 -4 6 -6 -3 -2 12 11 -11 -10 14 -14 -1
right_child=1 4 3 -5 5 -7 -8 -9 9 10 -12 -13 13 -15 -16
leaf_value=0.0141090170680024 -4.5621600520827794 -3.5993866162992498 0.12910069391912471 -1.0487839229315923 -0.39447127177052305 3.3416801748222924 0.064687747303639867 -0.716806408596669 0.52575712006677666 -1.4674414781940825 4.1338166851319089 -4.7102256456161475 -0.008961027721606658 -1.5305076701840026 0.98255003999579804
leaf_weight=50043 96 49 1536 815 108 131 3064 53 449 25 88 22 1117 481 323
leaf_count=50043 96 49 1536 815 108 131 3064 53 449 25 88 22 1117 481 323
internal_value=0.000122376 -0.124053 -0.456604 -0.279597 0.124031 1.66125 0.00519751 -3.21681 0.0139568 0.780504 2.89039 0.266167 0.00531628 -0.468074 0.0203525
internal_weight=58400 5852 2500 2351 3352 239 3113 149 52548 584 113 471 51964 1598 50366
internal_count=58400 5852 2500 2351 3352 239 3113 149 52548 584 113 471 51964 1598 50366
is_linear=0
shrinkage=0.0940712


Tree=385
num_leaves=14
num_cat=0
split_feature=5 26 63 53 36 5 1 58 24 29 58 46 34
split_gain=11491.3 65895.8 60732.1 110487 71042 56936.2 117156 141301 65795.4 41228.9 36269.5 92027.9 31611.3
threshold=21.895000000000003 1.0000000180025095e-35 282.50000000000006 154.50000000000003 459.50000000000006 26.665000000000003 64.715000000000018 0.99999994676603576 278.50000000000006 99.218613845050953 0.99999996426657167 88.500000000000014 93.171428571428592
decision_type=2 8 2 2 2 2 2 2 8 2 2 8 2
left_child=1 9 4 -4 -3 6 7 -2 -8 -1 11 -7 -12
right_child=5 2 3 -5 -6 10 8 -9 -10 -11 12 -13 -14
leaf_value=0.89285042755639821 6.6344718324552918 0.062118629191641524 -2.81997597821581 2.0599276778499598 1.3608387610467776 7.3311521374444517 -0.22254221991736498 -1.4526866183967071 1.3511973323904305 6.8336519432965597 -0.28743379583062406 0.60803301369450735 0.023312957498761135
leaf_weight=22 18 7054 150 55 392 18 1837 917 268 19 3098 235 44317
leaf_count=22 18 7054 150 55 392 18 1837 917 268 19 3098 235 44317
internal_value=8.80038e-05 0.107219 0.08665 -1.50445 0.130779 -0.0161632 -0.410777 -1.28606 -0.0212672 3.79857 0.00901307 1.12889 0.00299793
internal_weight=58400 7692 7651 205 7446 50708 3040 935 2105 41 47668 253 47415
internal_count=58400 7692 7651 205 7446 50708 3040 935 2105 41 47668 253 47415
is_linear=0
shrinkage=0.0940712


Tree=386
num_leaves=15
num_cat=0
split_feature=41 38 1 50 1 61 34 34 54 25 26 37 35 46
split_gain=10985.5 96265.5 100879 84611.7 68279 52662.6 23670.5 22494.5 82256.1 62826.5 52995.6 20733 19665.6 15529.8
threshold=82.857489181270282 118.78721082239902 42.795000000000009 150.60046480570301 92.565000000000012 1.4457654665583155 81.535714285714292 71.035714285714292 213.50000000000003 55.500000000000007 63.500000000000007 80.535714285714292 70.914454685006206 317.50000000000006
decision_type=2 2 2 2 2 2 2 2 2 10 10 2 2 8
left_child=1 2 3 -1 -3 -4 -6 8 9 -2 -10 13 -13 -9
right_child=7 4 5 -5 6 -7 -8 11 10 -11 -12 12 -14 -15
leaf_value=-2.3360992149886992 -1.6001415106871473 7.1676728225411601 2.7039703538503201 1.9095986955664082 3.3208968443448219 0.30617077419407124 -1.6454447410054525 -4.0528326443249636 0.45746203378523187 6.1358563196476723 -6.2478463456423841 0.24130565924833336 -0.015083361579649096 -0.084588350784761235
leaf_weight=217 20 28 87 50 15.000000000000002 968 15.999999999999998 18 14.999999999999998 14.999999999999998 31 2782 54122 15.999999999999998
leaf_count=217 20 28 87 50 15 968 16 18 15 15 31 2782 54122 16
internal_value=0.000137018 0.262152 0.0939326 -1.53407 3.92971 0.507727 0.797758 -0.00621376 -1.55786 1.83228 -4.11544 -0.00396152 -0.00254017 -2.27468
internal_weight=58400 1381 1322 267 59 1055 31 57019 81 35 46 56938 56904 34
internal_count=58400 1381 1322 267 59 1055 31 57019 81 35 46 56938 56904 34
is_linear=0
shrinkage=0.0940712


Tree=387
num_leaves=16
num_cat=0
split_feature=32 57 50 53 71 50 53 58 32 70 7 1 32 44 28
split_gain=11121.9 55905.4 108529 112605 91447.3 89365.1 74623.7 71223.2 28165.7 91051.6 85300.4 72521.3 37448.5 113712 31603.2
threshold=138.7117600634198 -55.499999999999993 156.02731751042987 39.500000000000007 515.50000000000011 140.92289347283074 176.50000000000003 1.4899558492176934 137.28975260986689 1.0000000180025095e-35 200.50000000000003 109.25500000000001 136.83827785001324 359.50000000000006 215.83333333333334
decision_type=2 8 2 2 2 2 2 2 2 2 2 2 2 10 2
left_child=8 2 3 -2 5 -3 -6 -4 12 11 -11 -10 14 -14 -1
right_child=1 4 7 -5 6 -7 -8 -9 9 10 -12 -13 13 -15 -16
leaf_value=0.037338440702162148 2.3177688494202275 -0.6541798542308952 -0.20908968533611988 0.30496539475226719 -0.87349447700212013 0.11224829061586095 -5.8834460911972775 -2.1708661152644071 9.7724498857779274 4.8303515190670607 0.091419227545030596 1.4021821298423522 0.38353291385784505 -3.9582632585512303 -0.24109734168112018
leaf_weight=44630 276 2404 705 2170 64 3056 44 212 14.999999999999998 34 616 22 147 82 3923
leaf_count=44630 276 2404 705 2170 64 3056 44 212 15 34 616 22 147 82 3923
internal_value=0.000139875 -0.0964661 0.206297 0.53347 -0.279361 -0.225272 -2.9705 -0.665687 0.0175859 0.61504 0.350477 5.05711 0.00914992 -1.1869 0.0148317
internal_weight=58400 8931 3363 2446 5568 5460 108 917 49469 687 650 37 48782 229 48553
internal_count=58400 8931 3363 2446 5568 5460 108 917 49469 687 650 37 48782 229 48553
is_linear=0
shrinkage=0.0940712


Tree=388
num_leaves=16
num_cat=0
split_feature=63 51 30 59 31 63 29 34 2 26 69 21 25 24 58
split_gain=10591.5 46913.8 133476 131588 92706.2 46033.1 104246 82126.9 45250.4 82208.2 123071 72973.3 53816.5 78034.9 56350.9
threshold=116.50000000000001 336.96428571428578 178.50000000000003 -3.149999999999999 141.30952380952382 66.500000000000014 80.884691588293393 182.82142857142858 93.02500000000002 407.50000000000006 5.5000000000000009 0.98182534576205305 321.50000000000006 28.500000000000004 1.3988830853944034
decision_type=2 2 2 2 2 2 2 2 2 10 2 2 8 10 2
left_child=1 5 3 -3 -4 7 -7 -1 12 11 -11 -10 14 -14 -2
right_child=8 2 4 -5 -6 6 -8 -9 9 10 -12 -13 13 -15 -16
leaf_value=-0.028502019237261662 0.14158315628673987 8.3099123348359853 -2.3922293626235245 1.7030188473259216 0.65365529155798274 0.14582576773186132 -0.63394624840482694 0.81511237440301854 -0.65311704279300964 7.4686812381339767 -2.6953567735198765 1.898072297395428 -0.6134601355656939 0.82465343801832625 -0.2146366077451802
leaf_weight=27513 13594 32 112 137 398 2768 3354 1059 1661 26 15.999999999999998 104 415 1685 5526
leaf_count=27513 13594 32 112 137 398 2768 3354 1059 1661 26 16 104 415 1685 5526
internal_value=0.000140153 -0.0321802 0.741302 3.01939 -0.020258 -0.0473545 -0.281412 0.00280434 0.0497935 -0.401891 3.63594 -0.501176 0.0882896 0.54015 0.038614
internal_weight=58400 35373 679 169 510 34694 6122 28572 23027 1807 42 1765 21220 2100 19120
internal_count=58400 35373 679 169 510 34694 6122 28572 23027 1807 42 1765 21220 2100 19120
is_linear=0
shrinkage=0.0940712


Tree=389
num_leaves=15
num_cat=0
split_feature=49 71 5 5 64 0 49 47 36 0 43 50 25 50
split_gain=9801.02 65871 72746.4 72368.1 61591.7 50729.4 43950.1 34636.7 82849.8 71299.6 52297.9 30861.1 88288.8 46944.7
threshold=211.6428571428572 58.500000000000007 99.195000000000007 88.875000000000014 2.0397368421052637 41.500000000000007 206.61904761904765 111.50000000000001 336.50000000000006 88.500000000000014 54.500000000000007 80.75015848131828 63.500000000000007 90.303061172506702
decision_type=2 2 2 2 2 2 2 2 2 2 10 2 8 2
left_child=1 5 3 -3 -4 -1 -7 8 9 -2 -10 12 -9 -13
right_child=7 2 4 -5 -6 6 -8 11 10 -11 -12 13 -14 -15
leaf_value=2.3237566263186076 0.18388283257902044 0.09762798456952386 -0.2430240937001856 1.1764741407669843 -5.0076245200009426 -2.7949254925407327 1.6252991720583152 -1.2083405652866495 -4.5720346037578707 -5.0773456598199074 0.87961857051974723 0.45187923766724675 0.030676316279124448 -0.010286612191334449
leaf_weight=24 35 5054 54 616 42 143 22 719 15.999999999999998 63 136 2026 1732 47718
leaf_count=24 35 5054 54 616 42 143 22 719 16 63 136 2026 1732 47718
internal_value=0.000164217 0.114516 0.171362 0.21515 -2.37561 -1.60627 -2.19509 -0.0128208 -1.11401 -3.22365 0.264285 -0.0075108 -0.333275 0.00854778
internal_weight=58400 5955 5766 5670 96 189 165 52445 250 98 152 52195 2451 49744
internal_count=58400 5955 5766 5670 96 189 165 52445 250 98 152 52195 2451 49744
is_linear=0
shrinkage=0.0940712


Tree=390
num_leaves=16
num_cat=0
split_feature=29 8 47 36 37 55 32 55 31 10 16 37 55 8 59
split_gain=9946.8 58241.1 110989 96815.9 72154 50550.8 80747.3 53167.3 42600.3 72153.9 85450.3 35585.9 49677.7 35749.6 20382.9
threshold=63.445514682547831 42.95000000000001 308.16666666666669 239.50000000000003 146.15476190476193 276.50000000000006 132.98907939303419 272.50000000000006 65.071428571428584 4.5000000000000009 -0.60785761079279388 90.267857142857153 -152.49999999999997 62.45000000000001 -0.76999999999999769
decision_type=2 2 2 2 2 10 2 10 2 2 2 2 8 2 2
left_child=1 5 3 -3 -4 7 -7 -1 9 14 -11 12 -10 -13 -2
right_child=8 2 4 -5 -6 6 -8 -9 11 10 -12 13 -14 -15 -16
leaf_value=-0.08508433789911482 2.5410456271104005 -2.081341888483883 0.8316082526228874 0.26341366947873901 3.2156142649179404 -0.48024395986089219 -3.2842428407275355 3.0008037809728227 1.2702898172981607 -2.117610721620701 1.6688081713404272 0.044736374251068474 -1.9183160674652004 -0.40387568311165628 7.7557142604177614
leaf_weight=15858 15.000000000000002 171 351 1606 165 876 100 48 56 71 192 37061 175 1640 14.999999999999998
leaf_count=15858 15 171 351 1606 165 876 100 48 56 71 192 37061 175 1640 15
internal_value=0.000118225 -0.0554042 0.389273 0.0360787 1.60158 -0.11584 -0.772455 -0.0754704 0.0272645 1.15431 0.639677 0.0187332 -1.14144 0.0257071 5.40708
internal_weight=58400 19175 2293 1777 516 16882 976 15906 39225 293 263 38932 231 38701 30
internal_count=58400 19175 2293 1777 516 16882 976 15906 39225 293 263 38932 231 38701 30
is_linear=0
shrinkage=0.0940712


Tree=391
num_leaves=10
num_cat=0
split_feature=30 32 27 29 23 56 33 64 30
split_gain=9759.41 22947.8 30787.8 19524.2 11489.4 42134 15999.6 103562 13401.5
threshold=483.50000000000006 155.25309597131101 135.50000000000003 238.62907020697114 476.50000000000006 -33.499999999999993 476.50000000000006 2.9059551886792456 444.50000000000006
decision_type=2 2 10 2 10 10 2 2 2
left_child=4 -2 3 -3 6 -6 8 -8 -1
right_child=1 2 -4 -5 5 -7 7 -9 -10
leaf_value=-0.0072163667892234046 -3.4989502924333644 3.0656707813069328 -2.5272548662518353 -0.82505941589038045 2.2320662359978405 -3.8403324220637427 -0.12282323853930613 3.979138505871735 0.33458647379066098
leaf_weight=56871 22 25 27 19 14.999999999999998 25 299 65 1032
leaf_count=56871 22 25 27 19 15 25 299 65 1032
internal_value=0.000133014 -0.954769 -0.106362 1.41211 0.00168378 -1.56184 0.00280112 0.623192 -0.00111341
internal_weight=58400 93 71 44 58307 40 58267 364 57903
internal_count=58400 93 71 44 58307 40 58267 364 57903
is_linear=0
shrinkage=0.0940712


Tree=392
num_leaves=13
num_cat=0
split_feature=51 26 25 8 22 22 44 22 23 37 55 16
split_gain=10044.7 49475.4 45498.8 69894.2 58806.4 38405.9 78685.1 70425.3 85074.2 69528.4 43458.3 41122.7
threshold=299.39285714285717 476.50000000000006 19.500000000000004 46.45000000000001 292.50000000000006 266.50000000000006 492.50000000000006 258.50000000000006 286.50000000000006 177.37500000000003 292.50000000000006 0.6078576107927941
decision_type=2 10 8 2 2 2 8 2 10 2 10 2
left_child=5 2 3 -2 -4 7 9 10 -9 -7 -1 -8
right_child=1 -3 4 -5 -6 6 11 8 -10 -11 -12 -13
leaf_value=-0.018108335850913419 -0.90075639289708698 4.7834191339086463 0.062873183200617008 1.5523537471098152 -0.48946787525656704 0.24427094750320566 -4.4876298623603779 -1.4456879689720896 3.2691468942772159 2.5016792355800259 0.46816147975308142 -0.098234387128486908
leaf_weight=36824 1006 17 10635 113 2030 5369 45 472 35 122 1700 32
leaf_count=36824 1006 17 10635 113 2030 5369 45 472 35 122 1700 32
internal_value=0.000116849 -0.07001 -0.0765461 -0.651103 -0.0256978 0.0218219 0.252912 -0.0111501 -1.11092 0.295146 0.00336477 -2.70328
internal_weight=58400 13801 13784 1119 12665 44599 5568 39031 507 5491 38524 77
internal_count=58400 13801 13784 1119 12665 44599 5568 39031 507 5491 38524 77
is_linear=0
shrinkage=0.0940712


Tree=393
num_leaves=15
num_cat=0
split_feature=5 46 63 68 8 25 34 5 61 10 56 36 49 58
split_gain=9831.07 58389.8 120406 87235.9 57280.3 94610.4 62760.8 52905.9 70521.2 104305 69967.8 27602.9 86327.2 30885.8
threshold=21.895000000000003 496.50000000000006 198.50000000000003 1.5000000000000002 60.250000000000007 182.50000000000003 88.321428571428598 22.685000000000006 2.359512061403509 15.500000000000002 211.50000000000003 461.50000000000006 214.77380952380955 25.490167461085658
decision_type=2 10 2 2 2 8 2 2 2 2 8 2 2 2
left_child=1 4 3 -3 6 -6 -1 8 10 -10 -2 13 -13 -9
right_child=7 2 -4 -5 5 -7 -8 11 9 -11 -12 12 -14 -15
leaf_value=1.4469130230772569 -2.5797570936808087 8.4449617897011251 -4.6037004688982046 1.376851187719881 -2.1051446981545632 1.2395658027802039 0.071519471291127554 0.0086996886307532991 2.6279120364490556 -1.6766712176197589 1.9174379076742127 1.6459413726736694 -0.46884179081764965 3.7474557331005292
leaf_weight=305 234 26 14.999999999999998 37 246 106 6957 47747 92 105 34 183 2295 18
leaf_count=305 234 26 15 37 246 106 6957 47747 92 105 34 183 2295 18
internal_value=0.000119543 0.0992095 2.6345 4.4295 0.0726858 -1.09655 0.129601 -0.0149117 -1.01203 0.337812 -2.00095 -0.00564966 -0.311676 0.0102337
internal_weight=58400 7692 78 63 7614 352 7262 50708 465 197 268 50243 2478 47765
internal_count=58400 7692 78 63 7614 352 7262 50708 465 197 268 50243 2478 47765
is_linear=0
shrinkage=0.0940712


Tree=394
num_leaves=15
num_cat=0
split_feature=53 19 35 1 44 33 24 3 53 55 6 71 21 71
split_gain=9770.22 71733.1 132169 90895.5 69003.7 117412 82607.2 44057.3 30157.7 114857 73379.1 24256.8 65967.6 25795.4
threshold=26.500000000000004 -0.9330127018922193 89.029690066351833 76.950000000000003 475.50000000000006 288.50000000000006 361.50000000000006 12.500000000000002 28.500000000000004 341.50000000000006 2.5000000000000004 43.500000000000007 0.5163939593874618 78.500000000000014
decision_type=2 2 2 2 10 2 10 2 2 10 2 2 2 2
left_child=1 2 7 -4 6 -6 -3 -1 9 10 -2 12 -10 -13
right_child=8 4 3 -5 5 -7 -8 -9 11 -11 -12 13 -14 -15
leaf_value=3.5753319432262063 3.7862641796882182 -0.19638423799019047 3.6036775390039688 -1.3502321867354783 6.7754129689295937 0.21982183382081802 3.4203469101083845 10.157981825511611 -2.1042957531542457 6.2711042247905695 -1.0987739334486801 0.34891498527884751 1.7467518782871287 -0.0084218150113946951
leaf_weight=23 27 1917 52 83 34 76 56 17 141 19 593 1848 53 53461
leaf_count=23 27 1917 52 83 34 76 56 17 141 19 593 1848 53 53461
internal_value=0.000137011 0.19193 2.01249 0.576402 0.0375253 2.3137 -0.0910425 6.65251 -0.00757969 -0.649356 -0.876858 -0.000170652 -1.04601 0.00352485
internal_weight=58400 2258 175 135 2083 110 1973 40 56142 639 620 55503 194 55309
internal_count=58400 2258 175 135 2083 110 1973 40 56142 639 620 55503 194 55309
is_linear=0
shrinkage=0.0940712


Tree=395
num_leaves=16
num_cat=0
split_feature=69 47 1 27 1 1 45 1 45 43 35 47 0 55 56
split_gain=9876.36 100420 99922.5 127804 96920.8 75570.8 109386 57034.4 20531.3 46982.8 99145.7 66790 43122.3 79783.1 40272.1
threshold=1.0000000180025095e-35 277.83333333333343 67.225000000000009 318.50000000000006 68.975000000000009 205.92500000000004 58.500000000000007 215.95500000000001 321.50000000000006 116.50000000000001 69.296385266352374 117.83333333333336 20.500000000000004 189.50000000000003 -164.49999999999997
decision_type=2 2 2 8 2 2 8 2 8 8 2 2 2 8 10
left_child=1 5 3 -3 -4 6 -1 -7 9 10 -2 -11 13 -10 -14
right_child=8 2 4 -5 -6 7 -8 -9 12 11 -12 -13 14 -15 -16
leaf_value=7.3287336601399611 -1.8233940502182382 -2.2975870980751143 5.6630746352553478 2.0329512885507612 -0.3103523104120276 -4.1194818005799618 0.57220220940323208 -0.38551985625680879 -0.75652653594445252 2.035659203970047 -0.10070372188166586 0.093278646442196356 0.19228807440017615 -7.5500032723266326 -0.11698662237494636
leaf_weight=20 315 465 23 68 1125 38 1355 434 90 156 4483 27718 4743 17 17350
leaf_count=20 315 465 23 68 1125 38 1355 434 90 156 4483 27718 4743 17 17350
internal_value=0.000213333 -0.152316 -0.67811 -1.74054 -0.183036 0.326323 0.678772 -0.698993 0.0100265 0.0574602 -0.214385 0.104267 -0.0597756 -1.93009 -0.0505759
internal_weight=58400 3528 1681 533 1148 1847 1375 472 54872 32672 4798 27874 22200 107 22093
internal_count=58400 3528 1681 533 1148 1847 1375 472 54872 32672 4798 27874 22200 107 22093
is_linear=0
shrinkage=0.0940712


Tree=396
num_leaves=14
num_cat=0
split_feature=42 2 5 21 38 64 37 55 43 26 55 44 25
split_gain=9983.49 43875.9 66693.7 90105.4 65882.1 45693.6 97422.6 43107.5 50927.1 129497 86554.7 49183.9 41130.9
threshold=320.50000000000006 93.02500000000002 94.055000000000021 0.98182534576205305 98.570027211394248 43.125000000000007 125.73214285714288 253.50000000000003 74.500000000000014 369.50000000000006 201.50000000000003 323.50000000000006 321.50000000000006
decision_type=2 2 2 2 2 2 2 10 8 10 10 10 8
left_child=7 5 4 -4 -3 12 -7 8 9 -1 -10 -9 -2
right_child=1 2 3 -5 -6 6 -8 11 10 -11 -12 -13 -14
leaf_value=0.29052832677677448 0.032285498443427582 0.52150731441131959 -0.24114518801886548 3.2112671099722441 -2.0322529884468086 4.8568793054373076 -0.4857960235490919 -6.2966947786867866 -0.040906724799706987 4.3432357090430411 -1.6914844376748503 0.71349862930794561 0.47166857814890578
leaf_weight=1831 19054 120 1287 69 342 53 67 19 33099 71 282 14.999999999999998 2091
leaf_count=1831 19054 120 1287 69 342 53 67 19 33099 71 282 15 2091
internal_value=0.000193807 0.0483043 -0.395052 -0.0618849 -1.36914 0.0862401 1.90492 -0.0312481 -0.0279439 0.445317 -0.0549329 -3.30488 0.0757731
internal_weight=58400 23083 1818 1356 462 21265 120 35317 35283 1902 33381 34 21145
internal_count=58400 23083 1818 1356 462 21265 120 35317 35283 1902 33381 34 21145
is_linear=0
shrinkage=0.0940712


Tree=397
num_leaves=16
num_cat=0
split_feature=2 59 67 65 27 59 48 2 39 40 44 5 38 46 61
split_gain=10204.4 61716.8 74813.9 65156.8 151370 63868.4 57759.1 38561.5 88055.4 106956 87950.3 71209.7 145068 33700.8 23148.6
threshold=95.615000000000023 4.5450000000000026 1.0000000180025095e-35 3.5000000000000004 143.50000000000003 -2.8399999999999923 138.09779143780699 91.065000000000012 440.50000000000006 124.677760599205 365.50000000000006 88.875000000000014 101.82377595231317 335.50000000000006 40.527777777777786
decision_type=2 2 2 2 8 2 2 2 2 2 8 2 2 10 2
left_child=7 3 6 5 -5 -2 -3 11 10 -10 -9 14 -13 -4 -1
right_child=1 2 13 4 -6 -7 -8 8 9 -11 -12 12 -14 -15 -16
leaf_value=-0.01903516225489351 -0.44858596491326247 -1.797891275716583 -1.9404312355840483 0.77203142529975943 -2.4691275612417072 0.75699987238748612 5.6101862789437655 -0.94235730947127994 2.3466755162667163 -0.2246651452876772 0.27476915536446789 1.8500122747936378 -0.0052633266056345222 -6.1668013007451234 0.41145258895846804
leaf_weight=49629 502 20 42 281 231 1709 14.999999999999998 1758 217 414 748 558 1118 29 1129
leaf_count=49629 502 20 42 281 231 1709 15 1758 217 414 748 558 1118 29 1129
internal_value=0.000184964 0.174418 -2.03579 0.26162 -0.693104 0.483095 1.47755 -0.00868725 -0.32898 0.663025 -0.57907 0.0104819 0.613496 -3.76399 -0.00944506
internal_weight=58400 2829 106 2723 512 2211 35 55571 3137 631 2506 52434 1676 71 50758
internal_count=58400 2829 106 2723 512 2211 35 55571 3137 631 2506 52434 1676 71 50758
is_linear=0
shrinkage=0.0940712


Tree=398
num_leaves=16
num_cat=0
split_feature=56 63 47 49 0 52 56 41 43 48 71 2 43 48 24
split_gain=10710.4 52986.2 54589.4 100623 52514.5 82622.7 51532.6 80794.9 91589.8 81108.5 51027.2 50592.2 44469.2 107203 90716.4
threshold=-15.499999999999998 228.50000000000003 245.16666666666671 293.78571428571433 192.50000000000003 119.53166392695921 23.500000000000004 72.792113498980015 142.50000000000003 25.238858928248842 445.50000000000006 73.105000000000004 84.500000000000014 194.97777651141004 35.500000000000007
decision_type=10 2 2 2 2 2 8 2 10 2 2 2 10 2 10
left_child=1 4 11 -4 10 -6 7 8 -2 -9 -1 -3 14 -14 -8
right_child=6 2 3 -5 5 -7 12 9 -10 -11 -12 -13 13 -15 -16
leaf_value=-0.016264112157456278 -0.63995934709272073 4.5436526231363787 -4.6975705931391669 -0.7213491113985917 -1.9415263966117788 -0.15769638638967093 0.65967627046915078 -1.7921822437798183 8.1356103632300254 0.35119674325933486 0.97650802616823473 -2.08111125244276 -0.030347528814150568 0.79528494625545598 -0.80259338568251049
leaf_weight=25438 18 26 67 321 315 840 498 160 23 4749 465 14.999999999999998 22472 1482 1511
leaf_count=25438 18 26 67 321 315 840 498 160 23 4749 465 15 22472 1482 1511
internal_value=0.000161945 -0.0425574 -1.07793 -1.42437 -0.0260758 -0.646269 0.0381511 0.316266 4.39782 0.280764 0.00161064 2.12956 -0.0148841 0.0207764 -0.439826
internal_weight=58400 27487 429 388 27058 1155 30913 4950 41 4909 25903 41 25963 23954 2009
internal_count=58400 27487 429 388 27058 1155 30913 4950 41 4909 25903 41 25963 23954 2009
is_linear=0
shrinkage=0.0940712


Tree=399
num_leaves=15
num_cat=0
split_feature=57 26 0 49 23 38 44 57 0 1 46 21 66 69
split_gain=10415.2 42400.6 44227.8 73324.3 55629.6 35185 38209.4 13993.2 60313.2 57188.3 22043.6 16643.4 57084.1 17444.8
threshold=-322.49999999999994 19.500000000000004 108.50000000000001 238.34285714285718 4.5000000000000009 136.34524483785802 487.50000000000006 -312.49999999999994 174.50000000000003 144.08500000000004 315.50000000000006 -0.99635443704902682 2.5000000000000004 1.0000000180025095e-35
decision_type=8 10 2 2 10 2 10 8 2 2 10 2 2 2
left_child=1 5 3 -3 -4 6 -1 8 9 -2 -10 12 -9 -13
right_child=7 2 4 -5 -6 -7 -8 11 10 -11 -12 13 -14 -15
leaf_value=-3.1546989957072609 2.6928812642021187 2.1332865039102846 -4.6630813791114027 -1.1028799586191205 0.72443307238166821 2.0406025924724225 1.1806084684190281 0.027731425491242807 -4.5875491464209723 -0.56368318576838905 0.051946652467455827 -0.19745019868084468 -1.5459806115767529 0.023352270772527571
leaf_weight=99 117 70 15.999999999999998 463 504 17 21 828 21 79 14.999999999999998 3368 269 52513
leaf_count=99 117 70 16 463 504 17 21 828 21 79 15 3368 269 52513
internal_value=0.000152183 -0.275114 -0.0713216 -0.672642 0.544958 -1.82212 -2.38956 0.00588743 0.73254 1.38557 -2.72926 0.00290647 -0.359699 0.0100369
internal_weight=58400 1190 1053 533 520 137 120 57210 232 196 36 56978 1097 55881
internal_count=58400 1190 1053 533 520 137 120 57210 232 196 36 56978 1097 55881
is_linear=0
shrinkage=0.0940712


Tree=400
num_leaves=16
num_cat=0
split_feature=8 56 56 52 10 46 0 27 8 59 35 25 59 37 37
split_gain=9701.92 59760 75236.1 102283 78131.2 70288.8 71883.5 57443.8 22862.8 101213 108363 64777.9 31631.8 94662.2 35151.5
threshold=3.0500000000000003 -125.49999999999999 -330.49999999999994 139.78131467761077 2.5000000000000004 494.50000000000006 35.500000000000007 36.500000000000007 4.1500000000000012 2.4400000000000035 96.180005232862172 25.500000000000004 -4.9199999999999999 143.98214285714289 152.44642857142858
decision_type=2 10 8 2 2 8 2 8 2 2 2 10 2 2 2
left_child=1 2 3 -1 -4 7 -7 -3 9 10 -2 -11 13 -10 -14
right_child=8 5 4 -5 -6 6 -8 -9 12 11 -12 -13 14 -15 -16
leaf_value=2.8005344305387756 -0.37756727865795636 0.73794775347144193 -2.8259437244843726 -0.77632954937057985 -0.55081810472164972 3.7415244780944206 -2.287743451450678 -0.022818675146697578 -1.864590992163949 1.3565500991241928 1.079757800333667 -1.0879508186039204 0.049992715152381677 1.209219426025494 -0.14775354767276275
leaf_weight=133 665 1077 143 148 1790 18 175 4729 263 113 1400 592 36881 132 10141
leaf_count=133 665 1077 143 148 1790 18 175 4729 263 113 1400 592 36881 132 10141
internal_value=0.000120412 -0.0946489 -0.512167 0.922308 -0.721338 0.0595132 -1.69927 0.118441 0.0156342 0.278252 0.610458 -0.693827 0.000281323 -0.836358 0.00733959
internal_weight=58400 8213 2214 281 1933 5999 193 5806 50187 2770 2065 705 47417 395 47022
internal_count=58400 8213 2214 281 1933 5999 193 5806 50187 2770 2065 705 47417 395 47022
is_linear=0
shrinkage=0.0940712


Tree=401
num_leaves=16
num_cat=0
split_feature=27 1 28 0 1 27 43 43 55 1 40 8 0 64 51
split_gain=10161.6 50986.5 82812.1 137057 74375.1 44890.2 82139.5 67315 56126.8 39947.6 140272 36654.5 30306.2 68921.5 49950.6
threshold=30.500000000000004 121.19000000000001 51.833333333333336 158.50000000000003 9.2150000000000016 44.500000000000007 68.500000000000014 494.50000000000006 56.500000000000007 128.53500000000003 76.322090167638507 39.550000000000004 123.50000000000001 56.833333333333336 264.58571428571435
decision_type=10 2 2 2 2 10 10 10 10 2 2 2 2 2 2
left_child=1 2 3 -1 -4 6 8 -8 -2 10 -3 -11 14 -14 -7
right_child=5 9 4 -5 -6 12 7 -9 -10 11 -12 -13 13 -15 -16
leaf_value=-2.5425070465055466 -5.3605547876463602 9.387457659206266 1.1803682716254038 1.2629758296267006 -0.26145836737632261 0.22572809803391308 0.3545715869355508 3.5687087553119152 -0.89615825691422635 0.17638393682073999 0.67718898535234529 -0.56496766471566373 -0.12060336896943447 1.5411913796636705 -0.048161247958352978
leaf_weight=313 29 15.999999999999998 336 113 5098 9664 3908 57 141 4240 246 684 18240 222 15093
leaf_count=313 29 16 336 113 5098 9664 3908 57 141 4240 246 684 18240 222 15093
internal_value=0.000111078 -0.0811272 -0.271231 -1.53185 -0.171969 0.0190658 0.315116 0.402196 -1.70032 0.133676 1.26206 0.0732296 -0.00926644 -0.100485 0.058755
internal_weight=58400 11046 5860 426 5434 47354 4135 3965 170 5186 262 4924 43219 18462 24757
internal_count=58400 11046 5860 426 5434 47354 4135 3965 170 5186 262 4924 43219 18462 24757
is_linear=0
shrinkage=0.0940712


Tree=402
num_leaves=14
num_cat=0
split_feature=22 25 14 44 26 25 64 52 21 49 6 61 40
split_gain=10374.6 59581.8 136720 50169.1 77282.8 39132.7 27471.9 122341 100640 71564.8 11175.5 60216.1 33126.4
threshold=1.0000000180025095e-35 42.500000000000007 2022.5000000000002 173.50000000000003 57.500000000000007 164.50000000000003 56.833333333333336 136.02020898654078 -0.70581670320594803 258.50000000000006 5.5000000000000009 1.0851888504040905 142.29555242243825
decision_type=2 8 2 10 10 10 2 2 2 2 2 2 2
left_child=1 2 -1 4 -3 -5 10 8 -8 -9 11 -2 -12
right_child=6 3 -4 5 -6 -7 7 9 -10 -11 12 -13 -14
leaf_value=7.2757072558170544 -0.53394460669411614 -3.3432364714604028 -2.2248195079855351 -3.1139828827004683 3.0081654576330532 -0.19342749265555415 -4.9498263900327002 1.2757588392199608 0.97510826137796669 7.4304663799134065 -0.09435367512951523 0.12777975776733888 0.073684417603401497
leaf_weight=24 1334 24 27 108 49 65 33 35 94 32 25248 13698 17629
leaf_count=24 1334 24 27 108 49 65 33 35 94 32 25248 13698 17629
internal_value=0.000122409 -0.552988 2.32694 -1.16147 0.892056 -2.02893 0.00296665 1.11605 -0.604878 4.31944 -0.000790083 0.0689979 -0.0252612
internal_weight=58400 297 51 246 73 173 58103 194 127 67 57909 15032 42877
internal_count=58400 297 51 246 73 173 58103 194 127 67 57909 15032 42877
is_linear=0
shrinkage=0.0940712


Tree=403
num_leaves=16
num_cat=0
split_feature=50 53 64 64 46 2 5 23 55 61 35 23 40 31 20
split_gain=9870.64 70219.3 101687 114183 95270.3 79571.5 74128.7 71502.8 58971.6 69433.5 63821.9 35451.2 124890 47797.3 22218.7
threshold=144.11239000263572 174.50000000000003 0.48582278117552474 0.66369697210206768 128.50000000000003 57.285000000000004 64.365000000000023 6.5000000000000009 -359.49999999999994 6.5985074626865678 117.04993297435007 9.5000000000000018 169.44454723717422 80.214285714285737 1.0000000180025095e-35
decision_type=2 2 2 2 8 2 2 10 8 2 2 10 2 2 2
left_child=8 5 4 -4 -3 7 -7 -2 9 10 -1 12 -10 -13 -11
right_child=1 2 3 -5 -6 6 -8 -9 11 14 -12 13 -14 -15 -16
leaf_value=0.4556890753788877 -1.3011620580384964 -2.9835770708806515 2.7150866178530619 0.48552881553983912 -0.051827455575503993 -1.0660788517869206 -0.23435445761321069 0.13306069363993636 0.64471209784149286 -1.6707759231855079 -2.5391712226090881 -0.34871661572270468 -1.7223080527565944 0.043205767366297332 -6.4122295838332919
leaf_weight=162 320 118 234 1494 547 1143 5544 7087 1943 14.999999999999998 101 2977 218 36471 26
leaf_count=162 320 118 234 1494 547 1143 5544 7087 1943 15 101 2977 218 36471 26
internal_value=0.000125059 -0.0615326 0.40944 0.7897 -0.578007 -0.141544 -0.376755 0.0708206 0.0243833 -1.2777 -0.702149 0.033947 0.404799 0.0136129 -4.80545
internal_weight=58400 16487 2393 1728 665 14094 6687 7407 41913 304 263 41609 2161 39448 41
internal_count=58400 16487 2393 1728 665 14094 6687 7407 41913 304 263 41609 2161 39448 41
is_linear=0
shrinkage=0.0940712


Tree=404
num_leaves=16
num_cat=0
split_feature=23 8 46 23 25 43 53 54 47 46 54 44 1 53 1
split_gain=9325.29 61036.1 81497.5 130866 110792 75447.8 71285.6 41241.5 97704.6 90713.6 34975.5 85886.6 34205.4 33152.6 19149.9
threshold=53.500000000000007 6.9500000000000011 263.50000000000006 30.500000000000004 62.500000000000007 497.50000000000006 87.500000000000014 598.50000000000011 302.16666666666669 343.50000000000006 569.50000000000011 267.50000000000006 92.565000000000012 78.500000000000014 102.84500000000001
decision_type=10 2 10 10 10 10 2 2 2 10 2 8 2 2 2
left_child=1 2 4 -4 -1 6 -3 10 12 -10 13 -12 -9 -2 -7
right_child=7 5 3 -5 -6 14 -8 8 9 -11 11 -13 -14 -15 -16
leaf_value=-1.4683652551294488 0.095930434433986328 -0.10970934436954582 -0.43983364572205508 0.97730890229458911 -0.12778029248768727 -6.5636631503423999 0.37346031802581875 -7.6708914334618017 -1.7126025103741185 2.8817196967647942 -0.74475598581799529 2.7359791086493623 -2.3816580938468657 -0.082216087176004773 -1.8771517217445302
leaf_weight=856 13828 4347 1345 1007 1501 14.999999999999998 7136 22 119 54 118 131 24 27879 18
leaf_count=856 13828 4347 1345 1007 1501 15 7136 22 119 54 118 131 24 27879 18
internal_value=7.74367e-05 0.0606823 -0.224586 0.167103 -0.615349 0.177357 0.190551 -0.0232361 -1.30623 -0.264864 -0.0164878 1.09161 -5.08273 -0.023147 -4.21133
internal_weight=58400 16225 4709 2352 2357 11516 11483 42175 219 173 41956 249 46 41707 33
internal_count=58400 16225 4709 2352 2357 11516 11483 42175 219 173 41956 249 46 41707 33
is_linear=0
shrinkage=0.0940712


Tree=405
num_leaves=16
num_cat=0
split_feature=59 59 1 27 57 22 1 64 61 26 44 29 57 59 50
split_gain=9486.83 101917 113707 104439 77913.5 87221.6 81291.7 77878.2 58534.9 53884.4 78921.3 41330.4 32302.1 78155.9 35414.7
threshold=-2.4700000000000011 -2.1249999999999996 148.48500000000004 150.50000000000003 320.50000000000006 317.50000000000006 6.785000000000001 0.38928736103283984 9.8733974358974379 120.50000000000001 76.500000000000014 110.48981853546523 353.50000000000006 1.9900000000000058 93.591437335114719
decision_type=2 2 2 8 10 2 2 2 2 8 10 2 10 2 2
left_child=4 2 3 -2 5 7 -7 -1 -4 10 -6 -11 14 -14 -3
right_child=1 12 8 -5 9 6 -8 -9 -10 11 -12 -13 13 -15 -16
leaf_value=-0.61481669473970257 1.9579178597066287 0.21777273016086587 0.09483990022241498 0.19397338828521957 4.630973498613149 -4.7223088119619145 0.99944369256910148 0.0038750097312898915 -2.4362457662693879 1.7977913859739596 -1.1924186892429725 -3.2373558844110373 -0.25767153268678633 2.1524782189123743 -0.051353254453446656
leaf_weight=2133 730 4915 753 501 23 21 886 11500 89 14.999999999999998 126 143 284 203 36078
leaf_count=2133 730 4915 753 501 23 21 886 11500 89 15 126 143 284 203 36078
internal_value=2.82e-05 0.0221677 0.665625 1.24127 -0.0649039 -0.0335001 0.85894 -0.0929747 -0.176562 -1.54413 -0.253964 -2.74563 -0.0100105 0.75038 -0.0190753
internal_weight=58400 43553 2073 1231 14847 14540 907 13633 842 307 149 158 41480 487 40993
internal_count=58400 43553 2073 1231 14847 14540 907 13633 842 307 149 158 41480 487 40993
is_linear=0
shrinkage=0.0940712


Tree=406
num_leaves=16
num_cat=0
split_feature=46 27 6 46 69 10 33 26 44 8 37 8 54 33 44
split_gain=9225.94 94252.4 89436.5 86425.7 79904.2 90873.2 83227.7 63600.3 18578.9 86422.3 72960.6 65933.1 22076.2 53887.6 17352.7
threshold=473.50000000000006 90.500000000000014 14.500000000000002 477.50000000000006 5.5000000000000009 4.5000000000000009 412.50000000000006 268.50000000000006 56.500000000000007 15.65 154.58571428571432 22.050000000000004 634.50000000000011 357.50000000000006 82.500000000000014
decision_type=10 10 2 10 2 2 2 10 8 2 2 2 2 2 8
left_child=8 2 3 -2 5 -3 -6 -4 9 10 -1 -11 14 -14 -10
right_child=1 4 7 -5 6 -7 -8 -9 12 11 -12 -13 13 -15 -16
leaf_value=-0.019414168357648854 -2.3071300699183204 -2.3832291499297917 -3.8594801594435304 -0.09978379729861811 0.633883061783026 0.12417223331594655 3.4321906075908206 -0.54296713299686084 0.2326797718732444 -3.8148272032592425 3.5257659379873432 -0.81011110057148294 0.038834732108581051 -6.0009723885283188 0.0047803928715482837
leaf_weight=373 181 146 123 1122 640 959 109 88 3137 82 58 292 44 17 51029
leaf_count=373 181 146 123 1122 640 959 109 88 3137 82 58 292 44 17 51029
internal_value=2.4587e-05 -0.151076 -0.701427 -0.408898 0.298493 -0.209904 1.04757 -2.49103 0.00927835 -0.438886 0.468376 -1.48236 0.0159461 -1.75013 0.0179877
internal_weight=58400 3368 1514 1303 1854 1105 749 211 55032 805 431 374 54227 61 54166
internal_count=58400 3368 1514 1303 1854 1105 749 211 55032 805 431 374 54227 61 54166
is_linear=0
shrinkage=0.0940712


Tree=407
num_leaves=16
num_cat=0
split_feature=41 37 29 42 1 55 1 61 40 10 52 37 47 55 34
split_gain=9339.18 80093.7 140623 98374.8 93117.6 81272.8 64925.5 62204.9 21319.5 84160.4 62440.7 47886.5 23653.1 63324 17903.4
threshold=82.857489181270282 114.29670329670331 35.795716689757334 150.50000000000003 26.285000000000004 -272.49999999999994 88.585000000000022 16.945588235294121 63.880976421326743 25.500000000000004 132.97091312105962 128.2158385093168 103.16666666666667 -80.499999999999986 71.035714285714292
decision_type=2 2 2 2 2 8 2 2 2 2 2 2 2 10 2
left_child=1 4 3 -3 7 -6 -4 -1 9 10 -2 -11 13 -10 -14
right_child=8 2 6 -5 5 -7 -8 -9 12 11 -12 -13 14 -15 -16
leaf_value=-3.4401888465008148 -2.8914518367466981 -2.744312031850165 8.3853370045391404 2.4075112731600319 3.1688833429861156 0.0052808106387011149 2.5083065859128344 1.7769768949205533 3.8823007207601044 5.2711788732942342 0.10013428771029528 -0.95322058133063781 -1.3810145767745448 -1.0594295374891876 0.0052718148807835794
leaf_weight=103 130 57 32 73 76 979 37 24 23 27 116 17 81 354 56271
leaf_count=103 130 57 32 73 76 979 37 24 23 27 116 17 81 354 56271
internal_value=-3.803e-06 0.241577 1.97979 0.141914 -0.053186 0.237646 5.36092 -2.44368 -0.00586356 -0.808221 -1.48854 2.91327 -0.00173753 -0.742842 0.00323873
internal_weight=58400 1381 199 130 1182 1055 69 127 57019 290 246 44 56729 377 56352
internal_count=58400 1381 199 130 1182 1055 69 127 57019 290 246 44 56729 377 56352
is_linear=0
shrinkage=0.0940712


Tree=408
num_leaves=16
num_cat=0
split_feature=32 2 42 36 63 25 10 53 1 25 10 1 36 44 2
split_gain=9346.74 63472.9 76867.9 74464.6 58070 53640.8 50343 47866.2 25298 87789.5 74178.7 74074 144857 56574.4 37099.8
threshold=138.7117600634198 72.745000000000019 54.500000000000007 336.50000000000006 273.50000000000006 150.50000000000003 20.500000000000004 148.50000000000003 29.405000000000005 452.50000000000006 1.5000000000000002 31.795000000000005 419.50000000000006 321.50000000000006 10.725000000000003
decision_type=2 2 2 2 2 10 2 2 2 10 2 2 2 10 2
left_child=8 3 7 6 -5 -4 -2 -3 9 10 -1 12 -10 -11 -13
right_child=1 2 5 4 -6 -7 -8 -9 11 13 -12 14 -14 -15 -16
leaf_value=-1.5255077650732747 -4.2750949458898537 6.6390640262325702 -0.20974582718405657 0.20345724623004444 -0.80165794319847639 -1.0852331529559944 1.7174942455467943 0.05600933310332145 -1.5725246941304218 8.4646875147342424 0.2266270465881256 -0.98329433651916587 2.9082986996381601 0.61712087269899696 0.012719190787206651
leaf_weight=220 54 20 1703 5590 558 973 14.999999999999998 18 535 17 6122 332 71 14.999999999999998 42157
leaf_count=220 54 20 1703 5590 558 973 15 18 535 17 6122 332 71 15 42157
internal_value=3.10762e-05 -0.0885301 -0.467963 0.0771649 0.112031 -0.528569 -2.96139 3.64925 0.0160245 0.190922 0.165466 -0.00984686 -1.04121 4.98975 0.00489773
internal_weight=58400 8931 2714 6217 6148 2676 69 38 49469 6374 6342 43095 606 32 42489
internal_count=58400 8931 2714 6217 6148 2676 69 38 49469 6374 6342 43095 606 32 42489
is_linear=0
shrinkage=0.0940712


Tree=409
num_leaves=13
num_cat=0
split_feature=63 48 24 55 0 8 63 26 5 42 47 55
split_gain=9474.58 47563.2 59278.7 50136.6 82752.9 51784.2 27240.2 59828.1 58159.4 15876.9 47535.4 18302.2
threshold=291.50000000000006 55.77036249956781 77.500000000000014 189.50000000000003 61.500000000000007 2.3500000000000001 290.50000000000006 258.50000000000006 46.235000000000007 494.50000000000006 320.83333333333343 380.50000000000006
decision_type=2 2 10 10 2 2 2 8 2 2 2 10
left_child=6 2 -2 5 -5 -3 9 8 -8 11 -11 -1
right_child=1 3 -4 4 -6 -7 7 -9 -10 10 -12 -13
leaf_value=0.0020913554464571734 -0.47883696632051181 -4.6442369990275827 7.1907384567433477 3.8825150443396135 0.11644617197086744 -0.35333252871973403 -2.8186964732896511 -5.538230026623852 1.4663545734101746 3.4296387948127158 -0.099524567398212943 -0.53902372333484261
leaf_weight=56993 15.999999999999998 27 18 65 231 197 48 23 63 46 116 557
leaf_count=56993 16 27 18 65 231 197 48 23 63 46 116 557
internal_value=5.44954e-05 0.386686 3.71542 0.158325 0.959912 -0.899668 -0.00365649 -1.3356 -0.398914 -0.000525656 0.924985 -0.00315814
internal_weight=58400 554 34 520 296 224 57846 134 111 57712 162 57550
internal_count=58400 554 34 520 296 224 57846 134 111 57712 162 57550
is_linear=0
shrinkage=0.0940712


Tree=410
num_leaves=16
num_cat=0
split_feature=0 50 24 5 10 51 43 0 0 29 38 25 0 39 27
split_gain=8851.39 90250 121733 127016 116801 86252.5 87121.8 73288.1 29301.9 63858.3 103054 85256.9 44899 97132.5 41853.2
threshold=165.50000000000003 109.20666295305371 391.50000000000006 78.875000000000014 15.500000000000002 310.75000000000006 496.50000000000006 198.50000000000003 124.50000000000001 62.292321624204241 136.34524483785802 11.500000000000002 121.50000000000001 448.50000000000006 18.500000000000004
decision_type=2 2 8 2 2 2 10 2 2 2 2 8 2 2 10
left_child=8 2 4 -4 -2 6 -3 -7 12 10 -10 -11 14 -14 -1
right_child=1 5 3 -5 -6 7 -8 -9 9 11 -12 -13 13 -15 -16
leaf_value=-0.26467089037826164 -1.0929686237801206 0.30947119448722948 5.2331810298615853 -3.1761164339147294 0.11993140868648497 -0.77815811604225904 3.4398060159904804 2.3007630555784511 -0.49903569813637261 -1.1643291864256904 3.126802904612993 0.077265683788892869 0.2311854014937689 2.7258273427649558 0.050707291744602735
leaf_weight=4279 1398 7324 62 20 1410 984 78 72 4151 518 69 8435 812 165 28623
leaf_count=4279 1398 7324 62 20 1410 984 78 72 4151 518 69 8435 812 165 28623
internal_value=5.30256e-05 0.0746229 -0.379073 3.1596 -0.484154 0.229702 0.343193 -0.565025 -0.0179309 -0.136976 -0.438586 0.00522526 0.0283573 0.656298 0.009677
internal_weight=58400 11348 2890 82 2808 8458 7402 1056 47052 13173 4220 8953 33879 977 32902
internal_count=58400 11348 2890 82 2808 8458 7402 1056 47052 13173 4220 8953 33879 977 32902
is_linear=0
shrinkage=0.0940712


Tree=411
num_leaves=16
num_cat=0
split_feature=29 32 32 26 61 32 28 49 44 57 45 1 27 29 26
split_gain=9477.66 51281.1 77773.8 134493 85393.9 74125.5 116691 65800.4 33546.3 91273.8 74865.8 67270 184972 59334.8 50363.8
threshold=120.30031807102812 108.64752971990524 105.77863228129949 114.50000000000001 1.1847533482515618 110.08340993339898 108.41666666666667 209.35714285714286 235.50000000000003 -151.49999999999997 321.50000000000006 14.455000000000002 87.500000000000014 94.602676263882046 158.50000000000003
decision_type=2 2 2 10 2 2 2 2 8 10 8 2 8 2 8
left_child=8 2 4 -4 -2 6 -3 -7 9 14 -11 12 -10 -13 -1
right_child=1 5 3 -5 -6 7 -8 -9 11 10 -12 13 -14 -15 -16
leaf_value=-1.1082291149442238 0.8960070213381871 8.4033149805533807 -2.4373957495892342 0.30285037649699881 -0.37189065177156916 -1.1176933525251358 0.93481228308526887 0.032394175464869286 2.1493222619385097 0.11019210997033499 -0.300326755988023 -0.019580850331746946 -0.1890240537457418 0.35328722269321555 -4.435223072189312
leaf_weight=140 557 18 377 272 2966 454 364 13079 507 9898 6519 17664 727 4802 56
leaf_count=140 557 18 377 272 2966 454 364 13079 507 9898 6519 17664 727 4802 56
internal_value=7.54046e-05 -0.0564966 -0.345715 -1.29078 -0.171087 0.0302369 1.31984 -0.00630369 0.0254616 -0.0770259 -0.0528255 0.097308 0.773106 0.0601313 -2.08698
internal_weight=58400 18087 4172 649 3523 13915 382 13533 40313 16613 16417 23700 1234 22466 196
internal_count=58400 18087 4172 649 3523 13915 382 13533 40313 16613 16417 23700 1234 22466 196
is_linear=0
shrinkage=0.0940712


Tree=412
num_leaves=16
num_cat=0
split_feature=2 43 26 1 41 50 28 48 2 56 5 8 64 32 0
split_gain=9358.25 64657.9 141987 113390 60234.4 49335.5 55179.5 54896.1 31997.8 84904.8 82158.2 79500.8 23553.9 81247.6 36207.3
threshold=95.615000000000023 394.50000000000006 319.50000000000006 72.555000000000021 134.82221058830945 69.177136285565197 89.166666666666671 183.23118365430381 93.695000000000007 -174.49999999999997 97.815000000000012 58.250000000000007 0.084270135994273951 105.08522618286922 20.500000000000004
decision_type=2 10 10 2 2 2 2 2 2 10 2 2 2 2 2
left_child=8 5 3 -3 -4 6 -2 -7 12 10 -10 -11 13 -1 -14
right_child=1 2 4 -5 -6 7 -8 -9 9 11 -12 -13 14 -15 -16
leaf_value=3.7453770952059275 1.4894077164088824 2.3827820401830633 1.3758919150632214 -0.29942321843186226 8.5610021395150433 0.15147371748230709 -4.8271935633424743 -1.4328800552674628 0.27484845217386555 -0.63225834019375149 4.6109493785584759 -3.9929128015338735 -1.1714484308198774 0.1459772764144332 0.0023626256553884719
leaf_weight=64 17 208 17 416 28 1892 37 214 230 999 45 65 232 363 53573
leaf_count=64 17 208 17 416 28 1892 37 214 230 999 45 65 232 363 53573
internal_value=7.61647e-05 0.16693 0.973888 0.598159 5.9865 -0.0834676 -2.85039 -0.0104019 -0.00842017 -0.462436 1.00688 -0.84323 0.00280025 0.697441 -0.00273019
internal_weight=58400 2829 669 624 45 2160 54 2106 55571 1339 275 1064 54232 427 53805
internal_count=58400 2829 669 624 45 2160 54 2106 55571 1339 275 1064 54232 427 53805
is_linear=0
shrinkage=0.0940712


Tree=413
num_leaves=16
num_cat=0
split_feature=33 53 8 56 34 28 44 47 33 8 39 37 33 27 31
split_gain=9976.31 61961.5 76618 81237.8 60900.5 53930.9 89687.9 62195.9 35728.1 62784.1 92491.4 87646.6 46613.5 163676 53201.9
threshold=229.50000000000003 188.50000000000003 2.1500000000000008 -298.49999999999994 117.25000000000001 49.166666666666679 461.50000000000006 315.83333333333343 233.50000000000003 11.250000000000002 318.50000000000006 141.218253968254 235.50000000000003 8.5000000000000018 73.785714285714292
decision_type=2 2 2 10 2 2 8 2 2 2 2 2 2 10 2
left_child=1 5 4 -4 -3 6 -1 -7 9 10 -2 -11 13 -10 -14
right_child=8 2 3 -5 -6 7 -8 -9 12 11 -12 -13 14 -15 -16
leaf_value=-0.6416847853521036 4.5151178245834336 -5.1992152808722523 -4.4158407174097176 -0.12643339123893124 -0.38357620812211196 0.32127927403544521 2.0520483007817476 -0.28556886733858744 9.9726246390282558 -2.5771485774228799 -0.3193506477927931 0.32391925749486683 -1.3475328841843095 0.60717503461630606 -0.0096092150940079689
leaf_weight=1286 39 55 40 656 40 8103 118 1831 15.999999999999998 241 255 148 263 283 45026
leaf_count=1286 39 55 40 656 40 8103 118 1831 16 241 255 148 263 283 45026
internal_value=9.57247e-05 0.0760334 -0.728097 -0.382465 -3.21187 0.132238 -0.413171 0.209387 -0.019809 -0.694369 0.341994 -1.47619 -0.00967648 1.15796 -0.0174277
internal_weight=58400 12129 791 696 95 11338 1404 9934 46271 683 294 389 45588 299 45289
internal_count=58400 12129 791 696 95 11338 1404 9934 46271 683 294 389 45588 299 45289
is_linear=0
shrinkage=0.0940712


Tree=414
num_leaves=15
num_cat=0
split_feature=49 23 26 32 47 23 32 51 26 58 59 51 51 51
split_gain=9964.24 97465 73193.2 66042.4 56219.1 134867 79982.9 36616.2 79470.4 68788.8 66365.7 41103.6 133984 81685
threshold=211.6428571428572 2.5000000000000004 26.500000000000004 46.164302703589769 225.16666666666671 7.5000000000000009 155.25309597131101 241.24350649350654 375.50000000000006 2.4147605490167172 -4.1899999999999977 261.09821428571433 260.6785714285715 262.25000000000006
decision_type=2 8 10 2 2 10 2 2 8 2 2 2 2 2
left_child=1 2 -1 -4 6 -6 -3 8 9 -2 -10 12 -9 -13
right_child=7 4 3 -5 5 -7 -8 11 10 -11 -12 13 -14 -15
leaf_value=-2.5711239245774848 -0.39757087647699896 0.19249933642327852 -2.0398831259619188 4.4929700013084233 5.0525688126312662 -0.58435657271783503 4.6115131001808747 0.13670480387977657 -3.0387068693802783 0.9032421819832307 1.3164488919396855 -1.0513233410190863 2.4287806735548263 -0.0088080304713419339
leaf_weight=19 5585 4299 14.999999999999998 95 37 1455 35 8928 32 383 410 676 230 36201
leaf_count=19 5585 4299 15 95 37 1455 35 8928 32 383 410 676 230 36201
internal_value=9.19568e-05 0.115392 2.65734 3.58491 0.0583894 -0.439346 0.229863 -0.0130007 -0.223621 -0.313855 0.991272 0.0163303 0.194687 -0.0279657
internal_weight=58400 5955 129 110 5826 1492 4334 52445 6410 5968 442 46035 9158 36877
internal_count=58400 5955 129 110 5826 1492 4334 52445 6410 5968 442 46035 9158 36877
is_linear=0
shrinkage=0.0940712


Tree=415
num_leaves=16
num_cat=0
split_feature=33 47 35 5 5 47 56 33 1 53 11 27 30 1 33
split_gain=9565.17 57027.5 121449 107485 88410.9 62672.2 53841.3 39628.4 100023 112109 59124.1 36310.3 28758.6 69668.2 43993.3
threshold=425.50000000000006 220.16666666666671 153.81283201739848 73.535000000000011 53.675000000000004 222.16666666666671 -223.49999999999997 420.50000000000006 142.77500000000003 181.50000000000003 44.500000000000007 75.500000000000014 379.50000000000006 64.715000000000018 362.50000000000006
decision_type=2 2 2 2 2 2 8 2 2 2 2 10 2 2 2
left_child=7 2 3 -2 -4 11 -7 12 9 -9 -10 -3 14 -14 -1
right_child=1 5 4 -5 -6 6 -8 8 10 -11 -12 -13 13 -15 -16
leaf_value=-0.01656711629525006 -0.42688101463458689 7.2263327323652762 0.24206748739194961 -3.017385600644134 9.4593077784361252 0.90192858908142159 -0.14748407856446502 2.3485733984664412 -1.066111119265247 -2.8511911532042147 3.4540228237234927 0.7400968406817876 -0.94080879337818135 0.015997641282464004 0.23261390089598141
leaf_weight=42282 492 15.000000000000002 21 198 14.999999999999998 489 3663 324 248 40 27 14.999999999999998 959 2252 7360
leaf_count=42282 492 15 21 198 15 489 3663 324 248 40 27 15 959 2252 7360
internal_value=0.000107057 -0.125556 -0.894218 -1.17556 4.31952 0.00813862 -0.023567 0.0116426 0.747111 1.76709 -0.604865 4.18427 0.00272646 -0.270042 0.0203805
internal_weight=58400 4908 726 690 36 4182 4152 53492 639 364 275 30 52853 3211 49642
internal_count=58400 4908 726 690 36 4182 4152 53492 639 364 275 30 52853 3211 49642
is_linear=0
shrinkage=0.0940712


Tree=416
num_leaves=16
num_cat=0
split_feature=56 8 3 11 54 0 50 42 56 24 51 61 50 41 22
split_gain=9334.65 46671.4 102920 87491.6 82952.6 45778.1 106653 44119 42155 67133.4 90244.6 57513.9 54409.5 64039.2 45435
threshold=-15.499999999999998 0.55000000000000016 17.500000000000004 45.500000000000007 373.50000000000006 192.50000000000003 137.4104903447155 428.50000000000006 42.500000000000007 12.500000000000002 298.53571428571433 1.0071346160371919 66.918392975352518 168.87259297183581 4.5000000000000009
decision_type=10 2 2 2 2 2 2 2 8 10 2 2 2 2 2
left_child=1 2 4 -4 -1 7 -7 -3 9 10 -2 -11 13 -10 -14
right_child=8 5 3 -5 -6 6 -8 -9 12 11 -12 -13 14 -15 -16
leaf_value=0.5147450597162202 1.8838754236909496 -0.016479208368488818 1.9650793527228658 8.5323687251387987 -3.4125748828546381 -1.3701932785527533 0.49446360349701707 -0.92547799590598145 -1.7276161666886654 -2.0751353612048762 -1.5533720422757569 0.19151688835851507 1.0317409238351192 1.6062068681317652 -0.023902594196491298
leaf_weight=502 400 25177 119 20 51 694 444 480 301 99 80 6651 365 60 22957
leaf_count=502 400 25177 119 20 51 694 444 480 301 99 80 6651 365 60 22957
internal_value=0.000137818 -0.0397435 0.722135 2.9952 0.143735 -0.0594652 -0.642891 -0.0335453 0.0356035 0.234399 1.30756 0.157782 -0.0250913 -1.16864 -0.00730791
internal_weight=58400 27487 692 139 553 26795 1138 25657 30913 7230 480 6750 23683 361 23322
internal_count=58400 27487 692 139 553 26795 1138 25657 30913 7230 480 6750 23683 361 23322
is_linear=0
shrinkage=0.0940712


Tree=417
num_leaves=16
num_cat=0
split_feature=34 8 42 56 56 28 40 34 61 21 8 47 69 47 7
split_gain=9730.85 54622.2 89712.7 65353.3 105973 61072.2 59983.5 41205.3 80782.5 76045.6 40014.1 33200.8 68054 47938.8 30237.6
threshold=113.89285714285715 0.95000000000000007 433.50000000000006 -19.499999999999996 -39.499999999999993 133.83333333333334 154.9189075065789 115.80194805194806 28.029411764705888 -0.35460488704253562 18.850000000000005 123.50000000000001 7.5000000000000009 143.50000000000003 203.50000000000003
decision_type=2 2 2 8 10 2 2 2 2 2 2 2 2 2 2
left_child=1 2 5 4 -3 -1 -5 8 9 -2 -10 12 -9 -13 -4
right_child=7 3 14 6 -6 -7 -8 11 10 -11 -12 13 -14 -15 -16
leaf_value=0.088868647067324641 -1.2998092387271705 0.004302754138913247 -1.1450035813598485 0.24538839138939117 -1.3951417846173055 -2.4217125735083846 1.6124261602838661 -0.20208370290409916 -1.5995622036429129 0.23770330095253017 -6.8285738528255679 0.77592887607618799 -2.684866855800828 -0.0086397160454633089 -5.5304763663136702
leaf_weight=438 481 5184 22 6794 526 105 295 500 29 693 24 699 120 42448 42
leaf_count=438 481 5184 22 6794 526 105 295 500 29 693 24 699 120 42448 42
internal_value=0.000137516 0.0704831 -0.800276 0.111882 -0.124937 -0.401923 0.302636 -0.0208209 -0.55813 -0.393014 -4.09738 -0.00573531 -0.688363 0.00409533 -4.08807
internal_weight=58400 13406 607 12799 5710 543 7089 44994 1227 1174 53 43767 620 43147 64
internal_count=58400 13406 607 12799 5710 543 7089 44994 1227 1174 53 43767 620 43147 64
is_linear=0
shrinkage=0.0940712


Tree=418
num_leaves=16
num_cat=0
split_feature=57 45 59 52 25 64 2 21 57 30 46 1 54 56 54
split_gain=10292.3 41680.9 66339.2 53929.8 53701.8 77981.1 71169 25786.3 12029.2 77869.6 66630.9 62715.1 16273.6 70809.4 18571.7
threshold=-322.49999999999994 452.50000000000006 0.62500000000000011 137.1247126274512 252.50000000000003 4.0648667601683037 68.825000000000003 -0.51639395938746235 -301.49999999999994 268.50000000000006 241.50000000000003 68.075000000000003 569.50000000000011 116.50000000000001 531.50000000000011
decision_type=8 10 2 2 10 2 2 2 8 2 8 2 2 8 2
left_child=1 4 3 -3 6 -6 -1 -4 9 11 -11 -2 14 -14 -10
right_child=8 2 7 -5 5 -7 -8 -9 12 10 -12 -13 13 -15 -16
leaf_value=-0.93682310822049775 2.9891018891077308 4.0121211096511615 -1.3197364584581113 -1.6982802708830405 3.4679067023573653 -1.4057330503477732 0.76108814972497896 -5.7182070417867212 0.0024741974570430376 0.91392350145358481 -3.3704864691736938 0.32386639036298842 2.097403257824098 -0.16066835882620797 -0.499660810580487
leaf_weight=608 114 20 19 44 80 44 339 36 55470 56 72 243 171 426 658
leaf_count=608 114 20 19 44 80 44 339 36 55470 56 72 243 171 426 658
internal_value=7.2879e-05 -0.273564 -1.93192 0.137347 -0.0866407 1.74157 -0.328632 -4.27935 0.0057742 0.471524 -1.50666 1.18461 0.00177694 0.489689 -0.00342392
internal_weight=58400 1190 119 64 1071 124 947 55 57210 485 128 357 56725 597 56128
internal_count=58400 1190 119 64 1071 124 947 55 57210 485 128 357 56725 597 56128
is_linear=0
shrinkage=0.0940712


Tree=419
num_leaves=14
num_cat=0
split_feature=49 61 64 26 18 28 47 36 41 26 49 21 47
split_gain=9070.42 39632.8 61461.6 50429.5 47285.7 40621.5 12138 87059.1 47792.8 14681.6 13490.3 66573.8 28900.4
threshold=408.35714285714295 1.6886019177234768 0.44031970827679789 107.50000000000001 0.25000000000000011 165.83333333333334 466.00000000000006 445.50000000000006 182.39266587432692 133.50000000000003 359.46428571428578 -0.060268340127661524 445.50000000000006
decision_type=2 2 2 10 2 2 2 2 2 8 2 2 2
left_child=6 3 -3 4 -2 -4 10 8 -8 -9 12 -12 -1
right_child=1 2 5 -5 -6 -7 7 9 -10 -11 11 -13 -14
leaf_value=0.0095092360332313906 7.7879156626485964 -4.5946050305395545 3.095491388689013 -1.0420895343116792 1.4303324321432833 -1.5099515665236278 1.4011463925323913 -5.0073338208349663 7.1601856486643118 -0.82788093747584701 0.32361275167421677 -0.70926334761559384 -1.1106794338120147
leaf_weight=55729 18 23 34 23 24 31 51 15.000000000000002 15.999999999999998 14.999999999999998 1027 1191 203
leaf_count=55729 18 23 34 23 24 31 51 15 16 15 1027 1191 203
internal_value=6.44592e-05 0.719755 -0.579893 2.4535 4.33939 0.913256 -0.00184306 1.04121 2.91002 -3.06595 -0.00361306 -0.231063 0.00541047
internal_weight=58400 153 88 65 42 65 58247 97 67 30 58150 2218 55932
internal_count=58400 153 88 65 42 65 58247 97 67 30 58150 2218 55932
is_linear=0
shrinkage=0.0940712


Tree=420
num_leaves=13
num_cat=0
split_feature=26 50 29 8 35 50 26 63 8 0 50 71
split_gain=8908.45 85691.3 83414.1 79588.4 85643.1 67271.8 35740.2 81389.7 72722.8 14851.6 69622.2 20152.9
threshold=419.50000000000006 78.594195833283464 74.645830426086789 17.850000000000005 87.761853085214682 108.15894388608972 411.50000000000006 236.50000000000003 12.050000000000002 184.50000000000003 166.40705971744237 311.50000000000006
decision_type=10 2 2 2 2 2 10 2 2 2 2 2
left_child=6 2 -2 5 -5 -3 9 8 -8 11 -11 -1
right_child=1 3 -4 4 -6 -7 7 -9 -10 10 -12 -13
leaf_value=0.020906802447811144 0.30366998519290356 0.98234613452816488 8.5191630702484087 -2.3061834147087028 1.338474979380734 -1.8972254550523147 2.5660237922588616 6.1063743707044624 -1.2283810494946097 0.2425739723036644 -1.1685511679101019 -0.11020732845505449
leaf_weight=37920 27 88 17 71 266 368 81 25 96 4833 329 14279
leaf_count=37920 27 88 17 71 266 368 81 25 96 4833 329 14279
internal_value=7.43039e-05 -0.304327 3.66378 -0.531426 0.563142 -1.33979 0.00451081 1.24879 0.514589 9.2929e-05 0.152285 -0.0149592
internal_weight=58400 837 44 793 337 456 57563 202 177 57361 5162 52199
internal_count=58400 837 44 793 337 456 57563 202 177 57361 5162 52199
is_linear=0
shrinkage=0.0940712


Tree=421
num_leaves=15
num_cat=0
split_feature=42 42 8 1 32 52 25 45 22 64 68 22 18 43
split_gain=9597.58 80752.7 226623 128740 113867 57249 66289.3 44554.1 40639.2 98337.9 65227 28530.2 116046 33412.8
threshold=358.50000000000006 368.50000000000006 26.950000000000003 146.98500000000004 88.746160211126949 113.27721757227084 11.500000000000002 92.500000000000014 325.50000000000006 0.13491590890802288 2.5000000000000004 309.50000000000006 -0.24999999999999994 74.500000000000014
decision_type=2 2 2 2 2 2 8 8 2 2 2 2 2 8
left_child=8 2 4 -4 -2 6 -3 -7 11 -10 -11 13 -13 -1
right_child=1 5 3 -5 -6 7 -8 -9 9 10 -12 12 -14 -15
leaf_value=0.33302280386228444 1.6764975259370183 1.6842818214069677 4.1674441100926547 0.37488228367975868 -0.62101587565253102 0.55446801258112466 -0.53569207206086344 0.016278016367725991 3.9419224114942693 -3.2963575657660815 0.99127331927218132 -1.4465549033493943 2.6814857065197457 -0.046079969915655355
leaf_weight=2175 263 124 223 123 684 1519 2300 12997 25 124 41 101 145 37556
leaf_count=2175 263 124 223 123 684 1519 2300 12997 25 124 41 101 145 37556
internal_value=0.000101345 0.0567033 0.772819 2.82733 0.0186237 0.00196985 -0.421066 0.0726582 -0.02559 -1.3925 -2.23088 -0.0190362 0.987696 -0.0253112
internal_weight=58400 18233 1293 346 947 16940 2424 14516 40167 190 165 39977 246 39731
internal_count=58400 18233 1293 346 947 16940 2424 14516 40167 190 165 39977 246 39731
is_linear=0
shrinkage=0.0940712


Tree=422
num_leaves=16
num_cat=0
split_feature=45 43 66 53 53 45 23 46 27 45 42 56 0 54 0
split_gain=9483.47 58858.6 61297.5 81455.4 71309.9 56868.8 103890 91630.4 65880.6 53024.8 97904.1 53690.1 34403.9 57793.9 53208.2
threshold=239.50000000000003 52.500000000000007 1.0000000180025095e-35 109.50000000000001 89.500000000000014 261.50000000000006 403.50000000000006 54.500000000000007 63.500000000000007 229.50000000000003 112.50000000000001 -177.49999999999997 22.500000000000004 395.50000000000006 31.500000000000004
decision_type=8 10 2 2 2 8 10 8 10 10 2 10 2 2 2
left_child=1 2 3 -1 -4 6 7 -2 -8 11 -11 -3 13 -7 -14
right_child=5 9 4 -5 -6 12 8 -9 -10 10 -12 -13 14 -15 -16
leaf_value=6.0287177377798233 5.3256814490039348 -0.29845736936705664 -5.5832753857876245 -3.0745844376223705 -1.0369332785379772 -1.1822731452683559 9.6582253162269236 0.30478895703637737 2.0584220875554045 -2.7610850349736276 -0.30308329708705972 0.068825693349549272 0.55164322267395027 1.6049256900843785 -0.019720714134309876
leaf_weight=17 31 4336 47 14.999999999999998 85 438 14.999999999999998 2727 29 164 1077 18734 1516 76 29093
leaf_count=17 31 4336 47 15 85 438 15 2727 29 164 1077 18734 1516 76 29093
internal_value=0.000118971 -0.0445078 -1.81222 1.81327 -2.703 0.032319 0.438117 0.364251 4.89424 -0.0324622 -0.631075 -0.000215108 -0.004231 -0.766301 0.00860032
internal_weight=58400 24475 164 32 132 33925 2802 2758 44 24311 1241 23070 31123 514 30609
internal_count=58400 24475 164 32 132 33925 2802 2758 44 24311 1241 23070 31123 514 30609
is_linear=0
shrinkage=0.0940712


Tree=423
num_leaves=16
num_cat=0
split_feature=61 61 23 40 1 61 8 2 30 26 58 44 59 39 5
split_gain=9021.47 55838.2 81979.3 136656 93824.7 49794.9 109994 87279.8 81667.4 51722.8 75308.7 45932.6 49368.8 40248 40100.1
threshold=1.7949514253862082 1.9376215953307396 4.5000000000000009 103.18052715588131 42.055000000000007 1.6786431440045899 36.350000000000001 94.615000000000023 412.50000000000006 434.50000000000006 0.99999998033625048 499.50000000000006 -0.88000000000000156 486.50000000000006 11.465000000000002
decision_type=2 2 8 2 2 2 2 2 2 10 2 10 2 2 2
left_child=5 2 3 -2 -4 9 8 -8 -7 13 -11 14 -13 -1 -3
right_child=1 11 4 -5 -6 6 7 -9 -10 10 -12 12 -14 -15 -16
leaf_value=0.0028210474317074017 -2.1465154293566817 0.69410838984909484 -0.88108013173561361 6.8221379830995126 0.67688925042726611 -0.28766219585434555 -2.2702013560805852 3.5437795687652671 2.9512772172824753 -5.7316498014917423 -0.73129910251268637 -5.9200074650968677 -0.59728617271850926 1.4205516442680575 -0.012428243901448381
leaf_weight=23321 22 727 420 42 1814 1844 361 23 70 29 215 22 46 177 29267
leaf_count=23321 22 727 420 42 1814 1844 361 23 70 29 215 22 46 177 29267
internal_value=0.000136101 0.0333045 0.480085 3.75954 0.383518 -0.041077 -0.459053 -1.9087 -0.166831 -0.000588049 -1.35878 -0.000867294 -2.41539 0.0135992 0.00472795
internal_weight=58400 32360 2298 64 2234 26040 2298 384 1914 23742 244 30062 68 23498 29994
internal_count=58400 32360 2298 64 2234 26040 2298 384 1914 23742 244 30062 68 23498 29994
is_linear=0
shrinkage=0.0940712


Tree=424
num_leaves=13
num_cat=0
split_feature=30 24 27 46 30 11 1 0 22 22 41 45
split_gain=9741.88 23506.7 25729.3 19703.7 10418.9 62234.4 69960.1 63903.9 28625.9 42403.9 26056.2 8459.07
threshold=483.50000000000006 144.50000000000003 85.500000000000014 259.50000000000006 444.50000000000006 41.500000000000007 67.225000000000009 39.500000000000007 442.50000000000006 436.50000000000006 177.01040139111177 289.50000000000006
decision_type=2 10 10 10 2 2 2 2 2 2 2 10
left_child=4 2 -2 -3 8 7 -7 -6 9 -1 -10 -4
right_child=1 3 11 -5 5 6 -8 -9 10 -11 -12 -13
leaf_value=-0.0054120667052925762 3.0945995950107288 0.079245552844179834 0.21903586670025044 -4.1693584547083242 2.1772103060510615 3.7995698982360135 0.50517778300339411 -0.3735324815660977 -5.408639813634899 2.1956470756940365 0 -2.6230285580160935
leaf_weight=57046 18 14.999999999999998 19 25 96 82 182 795 15.000000000000002 76 14.999999999999998 15.999999999999998
leaf_count=57046 18 15 19 25 96 82 182 795 15 76 15 16
internal_value=0.000116484 -0.953927 0.347761 -2.62997 0.00166586 0.2812 1.54524 -0.0952356 -0.00398864 -0.00242144 -2.83628 -1.13327
internal_weight=58400 93 53 40 58307 1155 264 891 57152 57122 30 35
internal_count=58400 93 53 40 58307 1155 264 891 57152 57122 30 35
is_linear=0
shrinkage=0.0940712


Tree=425
num_leaves=15
num_cat=0
split_feature=44 46 29 27 57 13 59 44 68 1 38 43 35 55
split_gain=9434.01 86161 145124 75007.6 84469.5 70954.9 59810.4 13099.2 144738 108262 79313.2 13021.5 61260.9 19906.1
threshold=494.50000000000006 88.500000000000014 123.97042639872204 200.50000000000003 -107.49999999999999 2.5000000000000004 -2.2799999999999998 490.50000000000006 1.5000000000000002 115.14000000000001 111.77621669572352 484.50000000000006 69.296385266352374 -395.49999999999994
decision_type=10 10 2 10 10 2 2 10 2 2 2 10 2 8
left_child=7 2 5 6 -5 -2 -3 11 9 -9 -10 13 -13 -1
right_child=1 3 -4 4 -6 -7 -8 8 10 -11 -12 12 -14 -15
leaf_value=-0.82648656710705448 8.9244294635359918 1.0176971789906322 -3.5767914275427026 3.8630977264732005 -0.3789504286383244 1.7564481251179791 -1.1756635812332135 -3.9128297626905737 2.8990101471361291 -0.029244547301542426 -0.58527229757957278 2.7612325547903986 -0.32716170208430767 0.012235200853297729
leaf_weight=250 29 154 18 82 82 22 375 130 118 123 111 57 1932 54917
leaf_count=250 29 154 18 82 82 22 375 130 118 123 111 57 1932 54917
internal_value=0.000104542 0.328599 3.46025 0.00952951 1.75774 5.97879 -0.535789 -0.00424489 -0.4918 -2.03702 1.21705 -0.000117776 -0.236496 0.0084088
internal_weight=58400 762 69 693 164 51 529 57638 482 253 229 57156 1989 55167
internal_count=58400 762 69 693 164 51 529 57638 482 253 229 57156 1989 55167
is_linear=0
shrinkage=0.0940712


Tree=426
num_leaves=15
num_cat=0
split_feature=38 8 51 58 21 23 8 55 38 1 28 27 22 57
split_gain=9097.83 72538.6 108207 115596 110301 103784 92045.3 78031.5 50640.8 91834 120164 100686 25214.5 21723.1
threshold=126.0048867351418 12.050000000000002 230.39285714285717 1.0585137391452715 0.95297903005573359 19.500000000000004 2.2500000000000004 -106.49999999999999 125.41148673254871 31.035000000000004 205.16666666666671 369.50000000000006 478.50000000000006 182.50000000000003
decision_type=2 2 2 2 2 8 2 10 2 2 2 8 2 8
left_child=8 5 3 -3 -4 7 -7 -2 12 10 -10 -11 13 -1
right_child=1 2 4 -5 -6 6 -8 -9 9 11 -12 -13 -14 -15
leaf_value=-0.016356575030825479 1.2940973987119375 7.2417798436612015 -0.11388391985235702 1.1581836350116679 1.5813452345004313 0.7439237492288564 -0.56496393083304508 -2.6840938913012593 7.1626689514295521 1.0548440508631103 -1.7103184654391528 -3.3273625616780005 -3.0087393084191261 0.17327396456418787
leaf_weight=45217 51 35 3158 117 379 621 2011 269 41 346 19 52 23 6061
leaf_count=45217 51 35 3158 117 379 621 2011 269 41 346 19 52 23 6061
internal_value=0.000120513 -0.10352 0.17455 2.61922 0.0683468 -0.450965 -0.255836 -2.04647 0.0134234 0.996527 4.37872 0.471213 0.00461404 0.00605967
internal_weight=58400 6641 3689 152 3537 2952 2632 320 51759 458 60 398 51301 51278
internal_count=58400 6641 3689 152 3537 2952 2632 320 51759 458 60 398 51301 51278
is_linear=0
shrinkage=0.0940712


Tree=427
num_leaves=16
num_cat=0
split_feature=64 46 58 1 50 52 35 71 52 26 58 49 31 49 40
split_gain=9272.96 77812.8 110431 192923 84307.4 59037.7 74507.3 70646.1 27155.3 86799.5 94063.9 70402 31562.6 74928.5 46677.6
threshold=0.34022143597877147 64.500000000000014 0.99999998992697081 73.395000000000024 133.8880129005224 148.49558767981111 93.295701461535643 395.50000000000006 155.84704744164898 216.50000000000003 1.5165288603422498 184.35714285714286 222.78571428571431 309.35714285714295 211.05117039795911
decision_type=2 10 2 2 2 2 2 2 2 10 2 2 2 2 2
left_child=1 2 3 -1 -4 7 -7 -3 12 10 -10 -11 14 -14 -2
right_child=8 5 4 -5 -6 6 -8 -9 9 11 -12 -13 13 -15 -16
leaf_value=9.4803222284405049 0.032478491746876302 -0.30715396784420784 1.3791070186352259 1.0583875429415552 -1.3270819243923431 2.5976843203607527 0.20608480519300307 0.9920543275735727 -0.30734487955564421 3.1019060494897444 1.2783566416211984 -1.5471739436734184 1.9803523019565166 -0.78542262415492481 0.77574440051062699
leaf_weight=33 44342 7527 256 81 167 127 1121 388 1674 29 411 541 95 849 759
leaf_count=33 44342 7527 256 81 167 127 1121 388 1674 29 411 541 95 849 759
internal_value=0.000131771 -0.0838504 1.01506 3.59256 0.309457 -0.148428 0.452504 -0.243267 0.016864 -0.275577 0.00589444 -1.30259 0.0337379 -0.504143 0.0450161
internal_weight=58400 9700 537 114 423 9163 1248 7915 48700 2655 2085 570 46045 944 45101
internal_count=58400 9700 537 114 423 9163 1248 7915 48700 2655 2085 570 46045 944 45101
is_linear=0
shrinkage=0.0940712


Tree=428
num_leaves=15
num_cat=0
split_feature=63 11 33 33 35 61 59 63 1 27 63 44 21 55
split_gain=8980.38 73929.8 69180.1 76430.3 51072.4 90447 87456 25838.9 82137.2 71501.4 68353.5 102457 55991.8 20453.1
threshold=-126.49999999999999 2.5000000000000004 368.50000000000006 268.50000000000006 105.20870153427184 1.0534269589613103 4.5450000000000026 -112.49999999999999 23.935000000000006 453.50000000000006 -110.49999999999999 100.50000000000001 -0.2393156642875576 -258.49999999999994
decision_type=2 2 2 2 2 2 2 2 2 8 2 10 2 8
left_child=1 2 3 -1 5 -3 -6 8 12 -10 11 -9 -2 -12
right_child=7 4 -4 -5 6 -7 -8 10 9 -11 13 -13 -14 -15
leaf_value=-0.86490222610168666 -0.45593213641461933 2.247816960201285 2.2526370827793949 -5.8892554659235401 0.43067399653968119 -0.34833746836551549 3.6788371646628097 6.9321029301078951 -0.27121666733629302 2.9006099335435662 -0.2393133211352923 0.87046165320995472 -3.7188168605589174 0.0095142436627146994
leaf_weight=63 87 127 26 46 1785 1555 75 26 1544 64 3105 244 100 49553
leaf_count=63 87 127 26 46 1785 1555 75 26 1544 64 3105 244 100 49553
internal_value=0.000167192 0.142447 -2.00536 -3.03964 0.225192 -0.150336 0.564692 -0.00939452 -0.360247 -0.142205 0.00251219 1.49114 -2.21781 -0.00516224
internal_weight=58400 3677 135 109 3542 1682 1860 54723 1795 1608 52928 270 187 52658
internal_count=58400 3677 135 109 3542 1682 1860 54723 1795 1608 52928 270 187 52658
is_linear=0
shrinkage=0.0940712


Tree=429
num_leaves=15
num_cat=0
split_feature=59 38 51 1 36 51 59 55 1 0 17 2 43 2
split_gain=8769.18 65623 63540.9 74341.5 63360.5 38669.9 21796.5 70807.9 94371.7 83232.4 14674.4 14648.8 55698.6 31400.5
threshold=4.8300000000000001 130.24558356014617 322.10714285714295 119.855 462.50000000000006 310.75000000000006 4.6900000000000039 -71.499999999999986 101.70500000000001 162.50000000000003 -1.0000000180025095e-35 95.615000000000023 394.50000000000006 91.745000000000019
decision_type=2 2 2 2 2 2 2 8 2 2 2 2 10 2
left_child=6 2 4 -4 -2 10 11 8 -8 -9 -3 13 -13 -1
right_child=1 5 3 -5 -6 -7 7 9 -10 -11 -12 12 -14 -15
leaf_value=0.0031959636563209429 0.032589442605169751 -2.7439953681873965 -5.3420526063761127 0.51814249785017552 4.7955435036286351 0.81799656061622028 -2.8784777067932121 1.6353803809268104 0.75298812065534437 -1.3240742336029847 -6.2846772212602824 -0.027944078514387863 0.96261125184491847 -0.33174153848251475
leaf_weight=51321 750 28 40 35 24 15.999999999999998 109 451 147 102 21 2096 659 2601
leaf_count=51321 750 28 40 35 24 16 109 451 147 102 21 2096 659 2601
internal_value=0.000170415 -0.28867 -0.0653998 -2.65085 0.189798 -3.13308 0.00477275 0.489139 -0.800808 1.08709 -4.41115 -0.00215208 0.209363 -0.012967
internal_weight=58400 914 849 75 774 65 57486 809 256 553 49 56677 2755 53922
internal_count=58400 914 849 75 774 65 57486 809 256 553 49 56677 2755 53922
is_linear=0
shrinkage=0.0940712


Tree=430
num_leaves=16
num_cat=0
split_feature=56 58 47 47 10 25 33 55 22 66 54 48 22 61 35
split_gain=8873.18 63465.4 70004 142792 82718.8 59182 89649.1 57628.9 29739.7 56369.4 100183 58059.9 33350.5 79177.3 25450.1
threshold=284.50000000000006 1.1175364165925648 251.16666666666671 290.16666666666669 24.500000000000004 339.50000000000006 381.50000000000006 56.500000000000007 394.50000000000006 1.0000000180025095e-35 170.50000000000003 177.29824201995612 391.50000000000006 1.1911954704362369 118.65544818722115
decision_type=8 2 2 2 2 10 2 10 2 2 2 2 2 2 2
left_child=8 2 4 -4 -2 7 -7 -3 12 10 -10 -11 14 -14 -1
right_child=1 5 3 -5 -6 6 -8 -9 9 11 -12 -13 13 -15 -16
leaf_value=0.045131892318539764 1.0503227895606886 0.15312724525142868 -1.923564604669515 0.54100721693512532 5.8221715252277191 2.6589493750411806 -1.8360362629388487 -0.80547390692895737 0.80720311525697785 0.35065695725857193 -2.8181285086227503 2.0772427521706933 -3.7756228168400185 2.7221595556150264 -0.098965722176121887
leaf_weight=37612 201 798 254 1117 37 123 56 1816 167 537 111 253 56 22 15240
leaf_count=37612 201 798 254 1117 37 123 56 1816 167 537 111 253 56 22 15240
internal_value=0.000130706 -0.128269 0.342088 0.0826445 1.8258 -0.399318 1.24828 -0.512868 0.0106038 0.501713 -0.647525 0.906768 0.000677489 -1.92387 0.00357692
internal_weight=58400 4402 1609 1371 238 2793 179 2614 53998 1068 278 790 52930 78 52852
internal_count=58400 4402 1609 1371 238 2793 179 2614 53998 1068 278 790 52930 78 52852
is_linear=0
shrinkage=0.0940712


Tree=431
num_leaves=15
num_cat=0
split_feature=27 30 8 8 24 23 22 54 40 22 22 38 48 38
split_gain=8873.66 68883.8 78233.5 77553.8 63354.6 56316 61129.2 20725.8 18135.9 57950.2 48056.2 15960.7 85130 30845.9
threshold=428.50000000000006 50.500000000000007 8.5500000000000025 9.4500000000000011 5.5000000000000009 4.5000000000000009 25.500000000000004 266.50000000000006 48.88633645625584 47.500000000000007 31.500000000000004 70.967347083178694 102.23502335305663 76.254480228649257
decision_type=8 2 2 2 8 10 2 2 2 2 2 2 2 2
left_child=8 5 4 -4 -3 7 -7 -2 9 10 -1 12 -10 -13
right_child=1 2 3 -5 -6 6 -8 -9 11 -11 -12 13 -14 -15
leaf_value=-1.1243520827936069 2.0017178715198001 3.5523776971093586 3.0116171985503497 0.0049119968347532666 -1.0252485146254164 0.65532647221505225 8.1305675073106194 -2.506747034933801 -2.0246766565000636 -6.2447810001895006 3.1907250751148943 0.68366722472219754 0.57700911935457 0.0085399436601858083
leaf_weight=132 17 26 78 1659 975 17 22 15.999999999999998 194 14.999999999999998 26 604 257 54362
leaf_count=132 17 26 78 1659 975 17 22 16 194 15 26 604 257 54362
internal_value=0.000131522 -0.162916 -0.23915 0.142584 -0.900876 2.6779 5.0259 -0.195045 0.00837998 -0.948958 -0.38921 0.0113975 -0.544965 0.0159802
internal_weight=58400 2810 2738 1737 1001 72 39 33 55590 173 158 55417 451 54966
internal_count=58400 2810 2738 1737 1001 72 39 33 55590 173 158 55417 451 54966
is_linear=0
shrinkage=0.0940712


Tree=432
num_leaves=16
num_cat=0
split_feature=10 71 0 25 27 43 31 34 36 0 44 43 54 25 32
split_gain=8551.65 80492.1 79757.1 78722.6 73081 61276.6 105276 75360.1 45496.3 70355.4 117684 101413 47550.8 75467 56908.6
threshold=20.500000000000004 84.500000000000014 195.50000000000003 55.500000000000007 33.500000000000007 452.50000000000006 200.50000000000003 158.82142857142858 426.50000000000006 61.500000000000007 68.500000000000014 56.500000000000007 108.50000000000001 90.500000000000014 151.82979191931051
decision_type=2 2 2 10 8 10 2 2 2 2 10 8 2 10 2
left_child=8 5 4 -4 -3 7 -7 -2 12 10 -10 -11 13 -1 -14
right_child=1 2 3 -5 -6 6 -8 -9 9 11 -12 -13 14 -15 -16
leaf_value=-0.73381148828270482 1.3681846421871595 0.35614872354588123 0.54432687484342079 -2.0168375999761281 -0.14904849436470902 -2.2982258550951786 4.597845336951921 -0.51725460072219653 -4.0061631448395518 3.2553450722190469 0.52892554561973082 -0.44368770670664731 0.086276584656923283 0.14859575191414287 0.85266219967316037
leaf_weight=1595 821 3037 150 357 15255 116 22 242 51 65 1385 4536 28033 1852 883
leaf_count=1595 821 3037 150 357 15255 116 22 242 51 65 1385 4536 28033 1852 883
internal_value=0.000142323 -0.0497332 -0.0974611 -1.2595 -0.065141 0.696393 -1.15881 0.938702 0.0261234 -0.210917 0.363596 -0.390316 0.0703529 -0.259824 0.109729
internal_weight=58400 20000 18799 507 18292 1201 138 1063 38400 6037 1436 4601 32363 3447 28916
internal_count=58400 20000 18799 507 18292 1201 138 1063 38400 6037 1436 4601 32363 3447 28916
is_linear=0
shrinkage=0.0940712


Tree=433
num_leaves=16
num_cat=0
split_feature=27 54 43 1 10 43 26 23 27 43 51 38 10 7 2
split_gain=9323.88 64284.1 84736.8 65969 63898.8 61731.5 131664 73921.5 34112.6 70055.1 64511.4 60762.6 35098.9 108404 43110.6
threshold=30.500000000000004 69.500000000000014 380.50000000000006 178.14500000000001 27.500000000000004 461.50000000000006 47.500000000000007 376.50000000000006 44.500000000000007 68.500000000000014 269.89285714285717 100.0080882968126 29.500000000000004 205.50000000000003 99.675000000000026
decision_type=10 2 10 2 2 10 8 10 10 10 2 2 2 2 2
left_child=1 2 4 -4 -1 7 -7 -3 9 11 -11 -2 14 -14 -10
right_child=8 5 3 -5 -6 6 -8 -9 12 10 -12 -13 13 -15 -16
leaf_value=1.4641690074912175 -4.0769100535614635 -0.1552969384141627 -2.500727359088295 2.5060204601214355 6.1737068163791839 2.6677576249226984 -0.0021617361058986814 -2.051194525122134 0.0073689485816666195 -0.068956233237300449 0.69475257152927905 -0.32110587410092384 -0.80834265418600038 0.62169378840317624 1.5916697856944295
leaf_weight=263 56 9542 81 31 27 211 707 184 40860 1755 2210 114 1534 674 151
leaf_count=263 56 9542 81 31 27 211 707 184 40860 1755 2210 114 1534 674 151
internal_value=0.000133094 -0.0776844 1.0877 -1.09842 1.93379 -0.121863 0.614863 -0.191501 0.0182898 0.276366 0.356792 -1.58489 -0.00640793 -0.371631 0.0132657
internal_weight=58400 11046 402 112 290 10644 918 9726 47354 4135 3965 170 43219 2208 41011
internal_count=58400 11046 402 112 290 10644 918 9726 47354 4135 3965 170 43219 2208 41011
is_linear=0
shrinkage=0.0940712


Tree=434
num_leaves=15
num_cat=0
split_feature=0 5 1 1 57 45 30 66 64 42 5 5 0 39
split_gain=9626.01 60940.3 104851 172716 162820 88819.9 86008.2 78432.7 36897.3 43986.1 32102.1 88070.1 50115.2 27236.4
threshold=51.500000000000007 32.085000000000008 15.365 21.805000000000003 -130.49999999999997 495.50000000000006 325.50000000000006 1.0000000180025095e-35 0.13491590890802288 473.50000000000006 31.735000000000003 31.405000000000005 61.500000000000007 434.50000000000006
decision_type=2 2 2 2 10 10 2 2 2 2 2 2 2 2
left_child=1 2 4 -4 -1 7 -7 -3 9 13 11 -10 -12 -2
right_child=8 5 3 -5 -6 6 -8 -9 10 -11 12 -13 -14 -15
leaf_value=9.944040406428666 -1.8298141348492529 -0.76003758837216018 -4.0860888316868111 0.3180969427055414 1.3621389319657049 1.1531148840954266 8.2709954899478451 -0.070742076562557987 -0.082214323682589893 0.46192016913909206 0.47720195408974675 -2.0958535070662503 0.034510836501298041 -7.2721849390140951
leaf_weight=22 19 1965 80 2324 120 68 18 5684 11261 29 2422 194 34179 14.999999999999998
leaf_count=22 19 1965 80 2324 120 68 18 5684 11261 29 2422 194 34179 15
internal_value=0.000134814 -0.0824814 0.316574 0.168925 2.7863 -0.213885 2.76527 -0.247955 0.0177911 -2.22957 0.0208123 -0.116609 0.0638276 -4.44829
internal_weight=58400 10281 2546 2404 142 7735 86 7649 48119 63 48056 11455 36601 34
internal_count=58400 10281 2546 2404 142 7735 86 7649 48119 63 48056 11455 36601 34
is_linear=0
shrinkage=0.0940712


Tree=435
num_leaves=16
num_cat=0
split_feature=0 27 46 52 50 26 30 26 19 22 26 0 36 44 57
split_gain=9541.91 52952.1 83876.1 107883 81752.6 52035.3 109471 85578.1 45691 85849.9 79947.2 54580.8 76112.6 71108.4 53039.8
threshold=85.500000000000014 357.50000000000006 478.50000000000006 125.56191284001235 95.889817722193428 146.50000000000003 433.50000000000006 148.50000000000003 0.93301270189221952 3.5000000000000004 330.50000000000006 124.50000000000001 486.50000000000006 88.500000000000014 -200.49999999999997
decision_type=2 10 10 2 2 8 2 8 2 2 10 2 2 8 10
left_child=1 5 4 -4 -3 6 -1 -7 11 14 -11 12 -2 -13 -10
right_child=8 2 3 -5 -6 7 -8 -9 9 10 -12 13 -14 -15 -16
leaf_value=-0.25506713878873688 0.21262331021294514 2.5119529280840376 -0.54788755300045089 7.7823072473104338 0.050250966571602891 2.828242932667778 1.4043624829484709 0.066867078706646668 0.40440958348682143 -0.11693892742729982 -2.0082400089796129 0.52051672997596177 3.9840851779977786 -0.075633745215771958 -5.8364958596967167
leaf_weight=11855 11358 138 24 30 827 99 361 8062 17 2853 211 1936 46 20545 38
leaf_count=11855 11358 138 24 30 827 99 361 8062 17 2853 211 1936 46 20545 38
internal_value=0.000136783 -0.0498654 0.611379 4.16637 0.405907 -0.082983 -0.205845 0.100915 0.0290527 -0.315393 -0.24818 0.0607746 0.228391 -0.0242568 -3.94734
internal_weight=58400 21396 1019 54 965 20377 12216 8161 37004 3119 3064 33885 11404 22481 55
internal_count=58400 21396 1019 54 965 20377 12216 8161 37004 3119 3064 33885 11404 22481 55
is_linear=0
shrinkage=0.0940712


Tree=436
num_leaves=16
num_cat=0
split_feature=0 50 24 5 10 35 34 1 50 39 24 24 0 34 7
split_gain=9896.35 72806.1 99990 103164 99407.2 89893.9 81669.9 45437.2 26304.1 78453.6 110700 83727.3 66529.2 59877.5 41349.1
threshold=165.50000000000003 109.20666295305371 391.50000000000006 78.875000000000014 15.500000000000002 55.788946791323454 170.74603174603178 75.915000000000006 118.44387861325926 425.50000000000006 294.50000000000006 43.500000000000007 164.50000000000003 127.17857142857143 207.50000000000003
decision_type=2 2 8 2 2 2 2 2 2 2 10 8 2 2 2
left_child=8 2 4 -4 -2 7 -7 -3 9 11 -11 -1 14 -14 -10
right_child=1 5 3 -5 -6 6 -8 -9 12 10 -12 -13 13 -15 -16
leaf_value=-0.52182104392152839 -0.9854054348324478 -5.5205800633633713 4.7471132210939064 -2.832385321936592 0.13352355729691795 0.35549030668733783 -0.56267361227809809 -1.0360653507656665 -0.11488812991966822 0.59349700433067143 -0.88000736162109805 0.079172170911501555 -3.9907066522295223 -0.56285545915926316 0.16346154339808017
leaf_weight=2578 1398 32 62 20 1410 7406 968 52 24050 3827 510 10016 69 127 5875
leaf_count=2578 1398 32 62 20 1410 7406 968 52 24050 3827 510 10016 69 127 5875
internal_value=0.000152002 0.0790007 -0.328497 2.87856 -0.423743 0.218288 0.249254 -2.8155 -0.018864 0.0749431 0.41994 -0.0438909 -0.0715983 -1.79224 -0.0602315
internal_weight=58400 11348 2890 82 2808 8458 8374 84 47052 16931 4337 12594 30121 196 29925
internal_count=58400 11348 2890 82 2808 8458 8374 84 47052 16931 4337 12594 30121 196 29925
is_linear=0
shrinkage=0.0940712


Tree=437
num_leaves=15
num_cat=0
split_feature=6 52 25 1 67 58 57 40 22 23 28 22 52 6
split_gain=9028.54 70966.7 94890.4 75652.7 122999 89801.4 70734.3 24857.6 23349 77437.2 49408.8 28067.7 86301.1 21392.5
threshold=15.500000000000002 95.187914203453374 334.50000000000006 5.3650000000000011 1.5000000000000002 -5.4000181120574053 86.500000000000014 127.82407506691185 1.0000000180025095e-35 13.500000000000002 94.166666666666671 1.5000000000000002 100.82388627532171 13.500000000000002
decision_type=2 2 8 2 2 2 10 2 2 10 2 2 2 2
left_child=8 2 6 4 -3 -5 -2 -4 9 -1 -11 12 -10 -13
right_child=1 3 7 5 -6 -7 -8 -9 11 10 -12 13 -14 -15
leaf_value=5.1499677261123891 3.5721668296929967 5.3071652459008725 -5.2175215321733619 3.4844215468743061 -0.79282286152412806 -0.044154123670381948 -0.4552098069665077 -0.053862858447228296 -5.6859546269635315 -2.41362309645372 0.28963999633585386 0.0069098473222756742 1.3122332231416713 -0.19557481107606095
leaf_weight=15.999999999999998 144 60 17 63 55 5601 52 14.999999999999998 14.999999999999998 146 100 46722 272 5122
leaf_count=16 144 60 17 63 55 5601 52 15 15 146 100 46722 272 5122
internal_value=0.000109184 0.109332 1.73144 0.0448624 2.41716 -0.00393443 2.50789 -2.91593 -0.012414 -0.89561 -1.31933 -0.00794612 0.917249 -0.0130978
internal_weight=58400 6007 228 5779 115 5664 196 32 52393 262 246 52131 287 51844
internal_count=58400 6007 228 5779 115 5664 196 32 52393 262 246 52131 287 51844
is_linear=0
shrinkage=0.0940712


Tree=438
num_leaves=15
num_cat=0
split_feature=41 38 1 64 45 50 4 32 50 58 43 39 58 37
split_gain=9584.13 68454.6 72023 84126.2 74287.8 52762.7 42346.5 15201 82282.6 69964.1 67083.2 35096.3 63958.9 32864.6
threshold=82.857489181270282 118.78721082239902 23.205000000000002 6.58477011494253 494.50000000000006 131.94335003673874 1.0000000180025095e-35 57.720385108731982 104.18344626733305 1.2012747207769514 474.50000000000006 239.50000000000003 1.3631411493726417 90.267857142857153
decision_type=2 2 2 2 10 2 2 2 2 2 10 2 2 2
left_child=1 2 3 -1 -4 6 -3 8 9 -2 -10 12 -9 -13
right_child=7 5 4 -5 -6 -7 -8 11 10 -11 -12 13 -14 -15
leaf_value=-3.6334418725297852 -1.4629150661033732 8.9249306398679238 0.41390135226376151 1.7610266165111645 -5.74996554570534 -0.19262054435113071 2.3248801886396673 2.0580422789829469 0.0089292394497515627 -0.10017062754095313 2.1561989405583524 -1.2308202391964675 -1.3068211636941116 0.006803841963005419
leaf_weight=86 670 15.999999999999998 1185 35 15.999999999999998 23 20 178 2566 663 134 189 68 52551
leaf_count=86 670 16 1185 35 16 23 20 178 2566 663 134 189 68 52551
internal_value=0.00010923 0.244842 0.102943 -2.06947 0.324321 3.33762 5.51066 -0.00582253 -0.181843 -0.786126 0.116729 0.00757776 1.12503 0.00232997
internal_weight=58400 1381 1322 121 1201 59 36 57019 4033 1333 2700 52986 246 52740
internal_count=58400 1381 1322 121 1201 59 36 57019 4033 1333 2700 52986 246 52740
is_linear=0
shrinkage=0.0940712


Tree=439
num_leaves=15
num_cat=0
split_feature=40 40 1 61 31 1 20 24 56 49 44 31 54 61
split_gain=8733.75 73931.4 149403 98428.3 59649 134845 182771 81760.1 79188.5 61621.2 58787.7 24898.8 103806 21123.7
threshold=87.327028703928463 89.266202029026275 5.3650000000000011 2.2963893541782991 105.35714285714288 92.565000000000012 -0.060268340127661565 258.50000000000006 -158.49999999999997 314.21428571428578 299.50000000000006 65.071428571428584 260.50000000000006 18.170289855072468
decision_type=2 2 2 2 2 2 2 10 10 2 10 2 2 2
left_child=4 2 -2 -4 7 6 -6 10 -9 -7 -1 12 -3 -13
right_child=1 11 3 -5 5 9 -8 8 -10 -11 -12 13 -14 -15
leaf_value=-0.10769311466105091 7.1313594362920441 -1.5837838075706814 -3.0232764636906198 -0.49594543138580188 5.7968259293423854 -0.61135165629657506 0.33282813366255937 -2.6203214929770189 0.5770282771595372 4.1271937887098984 0.54690324280815805 -0.014111619026865229 5.7528357578383069 0.30060243963452227
leaf_weight=3847 18 36 189 483 99 282 118 193 105 25 1772 49242 30 1961
leaf_count=3847 18 36 189 483 99 282 118 193 105 25 1772 49242 30 1961
internal_value=0.00010896 -0.0126984 -0.978852 -1.21231 0.103422 1.06386 2.8498 0.0180875 -1.49618 -0.206135 0.0988116 0.000331506 1.80506 -0.00204727
internal_weight=58400 51959 690 672 6441 524 217 5917 298 307 5619 51269 66 51203
internal_count=58400 51959 690 672 6441 524 217 5917 298 307 5619 51269 66 51203
is_linear=0
shrinkage=0.0940712


Tree=440
num_leaves=15
num_cat=0
split_feature=50 39 32 34 33 37 42 39 43 32 43 55 36 28
split_gain=8728.77 84576.1 83414.7 99607.1 66765.2 184968 70446.8 52358.7 93818.5 131959 87125.6 65613.2 59876.8 52974.4
threshold=144.11239000263572 300.50000000000006 113.88172644842 116.52272727272729 243.50000000000003 167.76785714285717 138.50000000000003 301.50000000000006 172.50000000000003 102.87139451504596 412.50000000000006 -359.49999999999994 328.50000000000006 107.83333333333336
decision_type=2 2 2 2 2 2 2 2 8 2 10 8 2 2
left_child=7 2 3 -2 5 -3 -6 8 9 -1 -10 13 -13 -9
right_child=1 4 -4 -5 6 -7 -8 11 10 -11 -12 12 -14 -15
leaf_value=1.0080425394393941 -0.61429196803627961 0.33247473502135561 3.9041586733379763 -3.1904985392349663 0.25543145948269175 7.4673244321157544 -0.232827798540019 0.25844835581142106 -0.18315884790713949 6.2446630579182667 1.5238655322550563 -0.15931454596932984 0.088241058469899269 -2.3888845101761089
leaf_weight=678 594 2620 28 170 3617 31 9427 105 1664 44 313 12960 25968 181
leaf_count=678 594 2620 28 170 3617 31 9427 105 1664 44 313 12960 25968 181
internal_value=0.000139224 -0.0578424 -1.00534 -1.19303 -0.00992628 0.420302 -0.0974132 0.0229513 0.423599 1.34013 0.0880239 -0.0046368 0.00581794 -1.4204
internal_weight=58400 16487 792 764 15695 2651 13044 41913 2699 722 1977 39214 38928 286
internal_count=58400 16487 792 764 15695 2651 13044 41913 2699 722 1977 39214 38928 286
is_linear=0
shrinkage=0.0940712


Tree=441
num_leaves=15
num_cat=0
split_feature=2 0 63 48 39 68 0 2 38 5 48 24 20 44
split_gain=8493.7 85442.4 98111 91750.5 86404.2 88609.6 76235.6 33676.1 115273 130668 88196.4 12819.5 90680.3 51705.4
threshold=99.045000000000016 73.500000000000014 278.50000000000006 122.00341523553506 406.50000000000006 1.0000000180025095e-35 53.500000000000007 98.00500000000001 96.153027835179458 99.825000000000003 116.42307904076974 33.500000000000007 0.78574730703237894 114.50000000000001
decision_type=2 2 2 2 2 2 2 2 2 2 2 8 2 8
left_child=7 4 3 -3 6 -6 -2 11 9 -9 -10 12 -1 -13
right_child=1 2 -4 -5 5 -7 -8 8 10 -11 -12 13 -14 -15
leaf_value=-0.055262050128466189 -2.0691876520366068 -0.071768589774201474 6.0611696396829995 -2.8347486885053064 -1.9260181783195744 5.4499326459642088 3.1639058513116427 4.6100458360874512 -1.3578555455885764 -1.054759609757876 1.1747632278129931 -0.32227666947811512 0.63886915220232998 0.0083549302358027436
leaf_weight=7759 74 235 14.999999999999998 193 18 59 35 112 235 52 249 4640 2119 42605
leaf_count=7759 74 235 15 193 18 59 35 112 235 52 249 4640 2119 42605
internal_value=0.000162534 -0.343222 -1.05301 -1.32376 1.34132 3.72007 -0.366743 0.00391261 0.677437 2.82012 -0.0550695 -0.00374391 0.0937056 -0.0241238
internal_weight=58400 629 443 428 186 77 109 57771 648 164 484 57123 9878 47245
internal_count=58400 629 443 428 186 77 109 57771 648 164 484 57123 9878 47245
is_linear=0
shrinkage=0.0940712


Tree=442
num_leaves=16
num_cat=0
split_feature=35 53 19 53 26 10 25 39 59 55 30 35 39 35 52
split_gain=8750.32 66996.9 105141 100380 81055.2 76391.2 67292.8 40349.3 95560.2 110387 54878.8 40063.7 132234 43265.3 40011.3
threshold=89.618667104904731 27.500000000000004 -0.9330127018922193 31.500000000000004 7.5000000000000009 9.5000000000000018 150.50000000000003 289.50000000000006 -1.9199999999999908 -283.49999999999994 160.50000000000003 90.17315455385868 341.50000000000006 90.491044401107175 136.94557553677694
decision_type=2 2 2 2 8 2 10 2 2 8 2 2 2 2 2
left_child=1 2 14 5 -4 -3 -5 8 10 -10 -2 12 -9 -13 -1
right_child=7 3 4 6 -6 -7 -8 11 9 -11 -12 13 -14 -15 -16
leaf_value=7.3400793461237663 0.68647000143007797 0.59341729322043646 6.3270362005384788 0.19772944448127103 0.43696937872309216 -2.6585219989714548 -0.29684585928056062 1.5303116376036092 7.471132578457218 -0.43237408302369801 -4.0358305180495471 1.3151575331897118 -2.0306789435616954 -0.0086519218232555036 1.4713635572009287
leaf_weight=29 27 91 20 8967 517 209 3340 133 14.999999999999998 279 102 218 293 44143 17
leaf_count=29 27 91 20 8967 517 209 3340 133 15 279 102 218 293 44143 17
internal_value=0.000175546 0.0675881 1.05212 0.0219247 0.674281 -1.67372 0.0634756 -0.0194909 -0.932253 0.00777731 -3.05009 -0.0108351 -0.91709 -0.00209752 5.29337
internal_weight=58400 13190 583 12607 537 300 12307 45210 423 294 129 44787 426 44361 46
internal_count=58400 13190 583 12607 537 300 12307 45210 423 294 129 44787 426 44361 46
is_linear=0
shrinkage=0.0940712


Tree=443
num_leaves=16
num_cat=0
split_feature=32 57 48 6 5 10 24 52 49 64 57 6 22 22 1
split_gain=8249.69 47754.6 76051.4 92775.2 91542.1 75096 88910.1 70040.3 24920.8 115483 106063 89572.7 33139.1 55958.1 43972
threshold=140.81167768129686 -55.499999999999993 152.45108505134803 4.5000000000000009 69.075000000000003 23.500000000000004 309.50000000000006 141.45454168243404 373.9285714285715 1.4712091069849693 -180.49999999999997 11.500000000000002 442.50000000000006 436.50000000000006 92.565000000000012
decision_type=2 8 2 2 2 2 10 2 2 2 8 2 2 2 2
left_child=8 5 4 -4 -3 7 -7 -2 12 10 -10 -11 13 -1 -14
right_child=1 2 3 -5 -6 6 -8 -9 9 11 -12 -13 14 -15 -16
leaf_value=0.0058384911187873692 0.86744426168995681 -0.20576797108434844 1.4537553390743831 -0.13884264260880302 -1.3365791955321669 0.5326215602513289 -1.6330231757158931 -0.18520603771118341 -3.4602184833744487 1.1791029483498194 0.32984018372341539 5.5750122579321753 -5.1591071068353864 4.9143890388749156 0.10222961126001875
leaf_weight=49391 1435 1879 395 1760 955 302 374 915 71 136 655 58 24 19 31
leaf_count=49391 1435 1879 395 1760 955 302 374 915 71 136 655 58 24 19 31
internal_value=0.000204679 -0.0884313 -0.267241 0.153855 -0.587399 0.206318 -0.666347 0.457678 0.0143093 0.499004 -0.0472698 2.52801 0.00527641 0.0078838 -2.27044
internal_weight=58400 8015 4989 2155 2834 3026 676 2350 50385 920 726 194 49465 49410 55
internal_count=58400 8015 4989 2155 2834 3026 676 2350 50385 920 726 194 49465 49410 55
is_linear=0
shrinkage=0.0940712


Tree=444
num_leaves=16
num_cat=0
split_feature=61 70 1 39 1 11 28 27 70 31 54 61 48 1 46
split_gain=9253.33 80477.1 91760.4 62428.3 55927.1 51968.7 85718.4 62500.2 27948.1 101583 127563 88139.8 35935.4 77192.4 29232.4
threshold=5.3351449275362333 1.0000000180025095e-35 78.825000000000003 313.50000000000006 93.575000000000017 10.500000000000002 58.500000000000007 6.5000000000000009 1.0000000180025095e-35 97.357142857142875 353.50000000000006 2.1803701199932402 217.03263957697922 7.995000000000001 470.50000000000006
decision_type=2 2 2 2 2 2 2 10 2 2 2 2 2 2 10
left_child=8 2 3 -2 -4 6 -3 -7 9 10 -1 -11 14 -14 -10
right_child=1 5 4 -5 -6 7 -8 -9 12 11 -12 -13 13 -15 -16
leaf_value=1.0557417621116556 1.4665575020276693 0.67692939606266322 3.0179652452184267 -3.2073089583185301 -0.62855644645243425 1.3936078911955452 -0.79818571097279667 0.037165768439506995 0.0070514810003300954 -0.31851408416455246 6.1618652528310491 0.89318627323298727 4.7309012140391946 0.38677021164890668 -0.3050161791538108
leaf_weight=353 28 454 40 198 355 311 1485 7868 40945 1635 48 785 36 1020 2839
leaf_count=353 28 454 40 198 355 311 1485 7868 40945 1635 48 785 36 1020 2839
internal_value=0.000192774 -0.0786843 -1.11678 -2.6216 -0.248541 -0.0147955 -0.452468 0.089015 0.01797 0.305085 1.68879 0.0748078 -0.000100257 0.541751 -0.0131906
internal_weight=58400 10739 621 226 395 10118 1939 8179 47661 2821 401 2420 44840 1056 43784
internal_count=58400 10739 621 226 395 10118 1939 8179 47661 2821 401 2420 44840 1056 43784
is_linear=0
shrinkage=0.0940712


Tree=445
num_leaves=16
num_cat=0
split_feature=29 40 30 1 41 35 25 38 40 5 52 35 5 43 32
split_gain=8774.79 37184.2 71185.4 67381.2 57803.9 33687.7 14304.3 11787.1 54779.6 76511 49780.6 31220.2 81052.3 18921 10971.4
threshold=238.62907020697114 182.90529164587232 473.50000000000006 103.92500000000003 156.44569003521335 145.18382622630938 72.500000000000014 136.34524483785802 186.64937845165971 94.785000000000011 123.69385728310702 147.441066591712 97.815000000000012 498.50000000000006 170.2790426924245
decision_type=2 2 2 2 2 2 10 2 2 2 2 2 2 10 2
left_child=7 4 3 -3 5 -2 -6 11 9 -9 -10 13 -13 -1 -4
right_child=1 2 14 -5 6 -7 -8 8 10 -11 -12 12 -14 -15 -16
leaf_value=0.0010580814161126632 -1.1191132468604712 8.5174863324991783 0.066327788697156914 0.52629300542705504 -1.8013610905030724 2.800505020707317 -5.3857787961223345 -0.34210262100481803 2.6721504395907587 2.8863939307716779 0.5169936180884056 -0.68655480338187846 4.4019267246863905 0.83715670744151227 -2.9602023039068008
leaf_weight=55425 79 14.999999999999998 19 22 18 24 29 980 126 68 375 932 27 239 22
leaf_count=55425 79 15 19 22 18 24 29 980 126 68 375 932 27 239 22
internal_value=0.000212301 -0.580243 1.07094 3.98295 -1.44188 -0.176415 -4.11768 0.00250503 0.258394 -0.128517 1.06588 -0.00449988 -0.536238 0.00467362 -1.60372
internal_weight=58400 228 78 37 150 103 47 58172 1549 1048 501 56623 959 55664 41
internal_count=58400 228 78 37 150 103 47 58172 1549 1048 501 56623 959 55664 41
is_linear=0
shrinkage=0.0940712


Tree=446
num_leaves=13
num_cat=0
split_feature=43 13 0 52 45 43 31 40 32 43 70 43
split_gain=10022.5 87671.2 65178.1 67319.8 33334 27727.6 99032.6 94418.8 71757.4 41513.7 68065.7 25607.9
threshold=499.50000000000006 1.5000000000000002 88.500000000000014 151.14989648809905 267.50000000000006 498.50000000000006 145.50000000000003 102.72025098542507 124.4768098501733 497.50000000000006 8.5000000000000018 494.50000000000006
decision_type=10 2 2 2 10 10 2 2 2 10 2 10
left_child=5 -2 4 -4 -3 9 7 -7 -8 11 -11 -1
right_child=1 2 3 -5 -6 6 8 -9 -10 10 -12 -13
leaf_value=-0.0022962170253000053 -5.232176701404927 0.57342540356399008 4.0258966712877093 -2.6561046735637173 -5.1976604895607696 -1.0749042710593206 -5.78189651225237 6.0478287379655464 0.79430466800104516 -0.61385350302305031 -6.025576158397838 0.78327914838769452
leaf_weight=57635 29 14.999999999999998 48 17 19 24 20 48 45 108 24 368
leaf_count=57635 29 15 48 17 19 24 20 48 45 108 24 368
internal_value=0.000220434 -0.826242 0.52433 2.25509 -2.73466 0.00206009 1.33121 3.69945 -1.31541 -0.00110566 -1.65769 0.00270664
internal_weight=58400 128 99 65 34 58272 137 72 65 58135 132 58003
internal_count=58400 128 99 65 34 58272 137 72 65 58135 132 58003
is_linear=0
shrinkage=0.0940712


Tree=447
num_leaves=16
num_cat=0
split_feature=59 46 61 46 27 58 58 55 59 59 54 57 54 52 61
split_gain=9123.05 107196 107239 83307.8 72946.5 70500.1 68743.2 65475.9 38185.5 63503.1 91762.4 58083.5 59765.5 57806.7 32826.6
threshold=-3.7499999999999987 90.500000000000014 2.9322147962498843 96.500000000000014 37.500000000000007 1.6768570626862622 13.072474271187117 -100.49999999999999 -2.550000000000002 -2.1249999999999996 315.50000000000006 320.50000000000006 161.50000000000003 118.71261123361724 0.99676897379684737
decision_type=2 8 2 8 10 2 2 10 2 2 2 8 2 2 2
left_child=1 2 7 4 -3 -4 -5 -1 11 10 -10 13 -13 -2 -11
right_child=8 3 5 6 -6 -7 -8 -9 9 14 -12 12 -14 -15 -16
leaf_value=-1.8989338904638555 -0.61968929710909448 -2.8170349071847358 -2.0819332546072964 0.14119279949815478 3.8666223078942847 -7.2873864635086694 3.5572434243167748 0.62398787128739841 0.81997547799170223 -1.3270775199837019 -0.45565517524209143 -3.5139470527452752 -0.25538717258880039 -0.0056242236856111011 -0.0037792784530906172
leaf_weight=131 1852 15.999999999999998 200 6475 89 25 51 289 1849 165 682 93 106 5062 41315
leaf_count=131 1852 16 200 6475 89 25 51 289 1849 165 682 93 106 5062 41315
internal_value=0.000162766 0.09871 -1.05751 0.211417 2.82062 -2.70711 0.168753 -0.166743 -0.0138626 0.0188215 0.476127 -0.21607 -1.79436 -0.17023 -0.00909592
internal_weight=58400 7276 645 6631 105 225 6526 420 51124 44011 2531 7113 199 6914 41480
internal_count=58400 7276 645 6631 105 225 6526 420 51124 44011 2531 7113 199 6914 41480
is_linear=0
shrinkage=0.0940712


Tree=448
num_leaves=16
num_cat=0
split_feature=43 61 1 1 64 71 19 25 55 71 57 27 43 50 38
split_gain=8902.3 51664.1 73876.9 68161.7 153764 73015.9 49851 43202.4 19327.7 53140 87787.6 47819.5 20823 77493.3 17091.6
threshold=484.50000000000006 1.0760345095946457 75.035000000000011 31.795000000000005 0.85747051114023598 493.50000000000006 0.6830127018922193 184.50000000000003 -395.49999999999994 102.50000000000001 10.500000000000002 64.500000000000014 476.50000000000006 186.55236720210959 134.02298823566963
decision_type=10 2 2 2 2 2 2 10 8 2 8 10 10 2 2
left_child=8 2 7 4 -3 -5 -4 -2 9 11 -11 -1 14 -14 -10
right_child=1 3 6 5 -6 -7 -8 -9 12 10 -12 -13 13 -15 -16
leaf_value=-5.8043337508225861 -5.4002595163934473 -1.3358962222669037 1.2626951652948382 -0.14508637222983056 3.34532571165651 -3.2606673490924361 -3.6047845288069804 0.27602859604496027 -0.0071768780627698096 -0.65522202946415697 5.7548583039527861 -1.0535534767151329 0.56147320186913086 -5.5769623747204964 0.26654506025275393
leaf_weight=28 52 106 67 1555 146 68 24 14.999999999999998 53053 152 20 54 946 17 2097
leaf_count=28 52 106 67 1555 146 68 24 15 53053 152 20 54 946 17 2097
internal_value=0.00011772 -0.193198 -1.81823 -0.0547963 1.37964 -0.278708 -0.0588249 -4.15026 0.00709749 -0.809126 0.134475 -2.75543 0.0108169 0.444127 0.00323597
internal_weight=58400 2033 158 1875 252 1623 91 67 56367 254 172 82 56113 963 55150
internal_count=58400 2033 158 1875 252 1623 91 67 56367 254 172 82 56113 963 55150
is_linear=0
shrinkage=0.0940712


Tree=449
num_leaves=13
num_cat=0
split_feature=1 23 30 45 61 1 56 42 23 23 45 34
split_gain=8677.74 61640.5 54048.6 75853.1 60770.5 23950 72828 129862 96818.6 15823.9 57625.5 11138.1
threshold=-3.3849999999999993 340.50000000000006 168.50000000000003 76.500000000000014 3.6308608058608063 1.9850000000000001 -110.49999999999999 116.50000000000001 11.500000000000002 1.0000000180025095e-35 445.50000000000006 93.171428571428592
decision_type=2 10 2 10 2 2 10 2 10 8 10 2
left_child=1 2 4 -4 -1 6 7 -2 -8 10 -7 -11
right_child=5 -3 3 -5 -6 9 8 -9 -10 11 -12 -13
leaf_value=3.4032881866352938 2.9469845670697894 4.8647229225750737 3.5818261632324551 -2.5166981236404968 -1.7152202684934443 -1.1863054112012987 6.616799903127589 -3.0959232589461476 0.9007910741126316 -0.15721770761672402 2.8068842238840501 0.011330608358301722
leaf_weight=44 45 15.999999999999998 19 155 36 256 27 96 334 3708 35 53629
leaf_count=44 45 16 19 155 36 256 27 96 334 3708 35 53629
internal_value=6.69534e-05 -0.530466 -0.89846 -1.82411 1.10967 0.00254751 0.648491 -1.1553 1.35531 -0.00309457 -0.693176 0.000424354
internal_weight=58400 270 254 174 80 58130 502 141 361 57628 291 57337
internal_count=58400 270 254 174 80 58130 502 141 361 57628 291 57337
is_linear=0
shrinkage=0.0940712


Tree=450
num_leaves=15
num_cat=0
split_feature=37 48 50 25 71 39 41 58 4 34 41 51 40 6
split_gain=8514.24 48164.4 51760.9 72007.2 52446.5 33229.3 12743.3 73065.3 92245.2 71419.4 26798.9 103099 36164.7 10278.3
threshold=188.87500000000003 189.84994074268221 153.56493894978766 188.50000000000003 96.500000000000014 446.50000000000006 194.53676974801598 1.1427042217181704 1.0000000180025095e-35 157.30952380952382 187.04491978891409 257.65476190476198 220.88441049110841 8.5000000000000018
decision_type=2 2 2 8 2 2 2 2 2 2 2 2 2 2
left_child=6 2 4 -4 -2 -3 10 8 -8 -9 12 -12 -1 -7
right_child=1 5 3 -5 -6 13 7 9 -10 -11 11 -13 -14 -15
leaf_value=0.00072070742974628056 2.8117983659674124 -0.15250942235422563 7.2678313329914976 -0.016393536978206748 -0.69467308350425583 -6.012111432757 0 5.8480492749261677 2.2866746720464524 -0.38742627249256467 4.445958384910389 -0.63610623501836527 1.2215745607024 -2.4369696460005015
leaf_weight=55016 40 25 18 31 411 20 340 14.999999999999998 287 881 35 1051 214 15.999999999999998
leaf_count=55016 40 25 18 31 411 20 340 15 287 881 35 1051 214 16
internal_value=0.000102465 -0.364098 -0.055769 2.79875 -0.374771 -2.8249 0.00364688 0.272013 1.04966 -0.272905 -0.00361585 -0.466056 0.00548784 -4.59388
internal_weight=58400 561 500 49 451 61 57839 1523 627 896 56316 1086 55230 36
internal_count=58400 561 500 49 451 61 57839 1523 627 896 56316 1086 55230 36
is_linear=0
shrinkage=0.0940712


Tree=451
num_leaves=15
num_cat=0
split_feature=36 3 56 0 29 37 42 48 39 9 37 39 61 39
split_gain=8088.35 63525.4 72443.7 78639.4 64861.5 54088.5 36779.2 29109.1 17321.8 63358.4 52658.9 22061.6 85033.3 27484.2
threshold=483.50000000000006 7.5000000000000009 169.50000000000003 85.500000000000014 73.561765117036472 129.60912698412702 459.50000000000006 121.34249049694029 492.50000000000006 2.5000000000000004 143.48214285714289 487.50000000000006 2.8980241778239964 480.50000000000006
decision_type=2 2 10 2 2 2 2 2 2 2 2 2 2 2
left_child=8 4 3 -3 7 -6 -4 -2 11 -10 -11 13 -13 -1
right_child=1 2 6 -5 5 -7 -8 -9 9 10 -12 12 -14 -15
leaf_value=-0.001663295670702943 -2.7376736646452899 -1.2003442400702007 -5.613579808254487 2.3666854630761631 3.7163583460271372 -1.6101396613136247 0.024944524720762799 -7.8193168895957426 5.1333490356787435 -4.9202000984924972 2.3887324266636503 0.18345933846275753 -5.3831109604892964 0.71420713991861118
leaf_weight=57309 28 84 22 151 19 93 18 17 24 14.999999999999998 17 95 31 477
leaf_count=57309 28 84 22 151 19 93 18 17 24 15 17 95 31 477
internal_value=0.000126576 -0.404674 0.457257 1.09162 -1.90486 -0.666752 -3.16759 -4.85796 0.0031563 1.63423 -1.10308 0.00153288 -1.23423 0.00426288
internal_weight=58400 432 275 235 157 112 40 45 57968 56 32 57912 126 57786
internal_count=58400 432 275 235 157 112 40 45 57968 56 32 57912 126 57786
is_linear=0
shrinkage=0.0940712


Tree=452
num_leaves=15
num_cat=0
split_feature=45 25 36 47 33 45 49 31 5 48 36 33 8 71
split_gain=8423.09 57886.7 57613.2 86891.9 71639.4 46723.7 115579 120814 79889.3 45957.5 44898.8 117935 74943.3 34451.5
threshold=239.50000000000003 220.50000000000003 378.50000000000006 111.50000000000001 375.50000000000006 261.50000000000006 292.07142857142861 122.64285714285715 9.6450000000000014 171.51967817133976 291.50000000000006 271.50000000000006 1.2500000000000002 357.50000000000006
decision_type=8 10 2 2 2 8 2 2 2 2 2 2 2 2
left_child=1 2 4 -4 -1 6 8 -8 -2 13 11 -7 -12 -3
right_child=5 9 3 -5 -6 10 7 -9 -10 -11 12 -13 -14 -15
leaf_value=0.057360080000322972 5.4815850353884725 -4.3055993285270224 2.6972568593456412 -0.24725496978019329 1.9581045892707951 -0.050012563693482261 -2.6008902419671593 0.075756621975268293 0.77387183604123799 2.0487358560186224 0.69021485516593994 -1.2082706981494906 0.0094385329363384438 0.64593109879703314
leaf_weight=15000 31 61 88 9119 176 4620 179 859 1733 15.999999999999998 1520 934 24049 14.999999999999998
leaf_count=15000 31 61 88 9119 176 4620 179 859 1733 16 1520 934 24049 15
internal_value=7.71449e-05 -0.0419807 -0.0330119 -0.218645 0.079611 0.0304238 0.398249 -0.388915 0.86145 -2.37743 -0.00270574 -0.245101 0.0499532 -3.33337
internal_weight=58400 24475 24383 9207 15176 33925 2802 1038 1764 92 31123 5554 25569 76
internal_count=58400 24475 24383 9207 15176 33925 2802 1038 1764 92 31123 5554 25569 76
is_linear=0
shrinkage=0.0940712


Tree=453
num_leaves=16
num_cat=0
split_feature=25 68 21 51 27 23 30 5 25 43 6 11 25 1 69
split_gain=8189.4 70077.6 68950.1 86183.3 68079.9 52597 52333.7 49081 21645.9 108700 120365 62872.2 58387.6 69658.7 18420.6
threshold=382.50000000000006 1.5000000000000002 0.56806474673115548 294.58571428571435 324.50000000000006 186.50000000000003 379.50000000000006 67.895000000000024 348.50000000000006 100.50000000000001 14.500000000000002 43.500000000000007 345.50000000000006 116.11500000000002 1.0000000180025095e-35
decision_type=10 2 2 2 8 10 2 2 10 10 2 2 10 2 2
left_child=8 2 3 -2 6 -6 -3 -4 12 11 -11 -10 14 -14 -1
right_child=1 4 7 -5 5 -7 -8 -9 9 10 -12 -13 13 -15 -16
leaf_value=-0.21191674273617805 1.8460152718147003 -0.2822728297024405 0.024796391369539476 -0.31356069435112172 -5.0868256048177685 0.53694082274540345 -2.6567949236805695 -2.7239998851577609 3.8672614594842463 0.48087067510761705 -2.2333242183199622 -1.3668793272931545 -4.2896527904721982 -0.065728300849965171 0.016229469846427518
leaf_weight=3332 372 806 167 290 51 20 90 86 109 1015 167 24 60 79 51732
leaf_count=3332 372 806 167 290 51 20 90 86 109 1015 167 24 60 79 51732
internal_value=8.58599e-05 -0.192875 0.396825 0.901275 -0.750734 -3.52346 -0.525133 -0.920058 0.00651867 0.383489 0.094846 2.91692 -0.0024695 -1.9173 0.00241611
internal_weight=58400 1882 915 662 967 71 896 253 56518 1315 1182 133 55203 139 55064
internal_count=58400 1882 915 662 967 71 896 253 56518 1315 1182 133 55203 139 55064
is_linear=0
shrinkage=0.0940712


Tree=454
num_leaves=15
num_cat=0
split_feature=6 47 26 27 36 1 8 69 26 23 25 27 23 41
split_gain=8784.6 62804.7 98501.3 86276.8 84730.1 73987.9 73613 20051.5 107958 90853.1 71290.5 17605.4 105386 17668.8
threshold=2.5000000000000004 281.16666666666669 1.0000000180025095e-35 428.50000000000006 247.50000000000003 87.595000000000013 29.250000000000004 1.0000000180025095e-35 1.5000000000000002 118.50000000000001 411.50000000000006 428.50000000000006 202.50000000000003 192.83412777593944
decision_type=2 2 10 10 2 2 2 2 10 10 10 10 10 2
left_child=1 2 5 6 -4 -1 -3 8 9 -2 -10 13 -13 -9
right_child=7 3 4 -5 -6 -7 -8 11 10 -11 -12 12 -14 -15
leaf_value=1.6340263735278167 -0.25617683835942606 -0.79049028267439558 3.2512941903304866 5.8957296538673161 0.50237700093481008 -5.7166941346859872 0.80793349752820853 -0.005086117886599982 -0.66847967331643987 9.8166352700539132 5.5543546002550546 -1.2146528754716623 1.6710290704381643 0.28806981516889885
leaf_weight=17 15.000000000000002 1032 105 18 1466 36 337 51823 1036 14.999999999999998 14.999999999999998 454 147 1884
leaf_count=17 15 1032 105 18 1466 36 337 51823 1036 15 15 454 147 1884
internal_value=4.54304e-05 0.156488 0.553323 -0.308163 0.689231 -3.37731 -0.39645 -0.00846085 -0.409344 5.01272 -0.571439 -0.000467409 -0.506126 0.00520329
internal_weight=58400 3011 1624 1387 1571 53 1369 55389 1081 30 1051 54308 601 53707
internal_count=58400 3011 1624 1387 1571 53 1369 55389 1081 30 1051 54308 601 53707
is_linear=0
shrinkage=0.0940712


Tree=455
num_leaves=15
num_cat=0
split_feature=63 46 33 36 0 49 63 70 63 48 2 42 42 42
split_gain=8396.13 59148.7 67277.7 80156.7 69639.6 57690.1 53134.7 43719.8 22306.8 51393.5 55616.7 12957.8 44043.2 16295.3
threshold=291.50000000000006 144.50000000000003 221.50000000000003 237.50000000000003 29.500000000000004 337.35714285714295 293.50000000000006 7.5000000000000009 290.50000000000006 84.342555397896334 52.335000000000008 494.50000000000006 496.50000000000006 491.50000000000006
decision_type=2 8 2 2 2 2 2 2 2 2 2 2 2 2
left_child=8 5 3 -3 -4 7 -7 -2 11 -10 -11 13 -13 -1
right_child=1 2 4 -5 -6 6 -8 -9 9 10 -12 12 -14 -15
leaf_value=0.00071638341089521251 -3.6594554176915137 -0.92416608467886052 -5.2145442215169018 6.1401532601867848 0.69841808766652214 5.535098025222033 -1.6279147742454665 1.3027329686418465 -5.4220843492453357 -2.4863874162979624 1.6146977131616029 2.1570390231648662 -0.95212562571868564 -0.6869660284201109
leaf_weight=57245 73 21 17 40 350 15.999999999999998 18 19 20 56 58 93 69 305
leaf_count=57245 73 21 17 40 350 16 18 19 20 56 58 93 69 305
internal_value=9.38009e-05 0.364057 0.891524 3.74379 0.403247 -1.41565 1.83439 -2.62867 -0.00339948 -1.20871 -0.405153 -0.000566092 0.835546 -0.0029445
internal_weight=58400 554 428 61 367 126 34 92 57846 134 114 57712 162 57550
internal_count=58400 554 428 61 367 126 34 92 57846 134 114 57712 162 57550
is_linear=0
shrinkage=0.0940712


Tree=456
num_leaves=15
num_cat=0
split_feature=57 59 25 45 59 25 49 24 31 37 27 24 5 31
split_gain=7991.97 37817.3 66172.6 61376.9 49600.5 93303.6 59567.2 14185.7 106888 79365.6 65734.9 39341.1 118258 35040.3
threshold=-322.49999999999994 -4.2799999999999994 33.500000000000007 221.50000000000003 -3.7499999999999987 286.50000000000006 256.78571428571433 264.50000000000006 100.78571428571429 112.45941558441559 104.50000000000001 236.50000000000003 43.175000000000004 175.6428571428572
decision_type=8 2 8 10 2 10 2 10 2 2 8 10 2 2
left_child=1 2 -1 -4 5 -3 -6 11 9 -9 -10 13 -13 -2
right_child=7 4 3 -5 6 -7 -8 8 10 -11 -12 12 -14 -15
leaf_value=5.9862356763228508 -0.024434076757371494 -4.6640591805091338 -2.8210906280350581 2.3655272847008653 1.0237085809456314 3.453768071516389 -0.64524100694954589 0.97675976745457882 -0.11039692396776478 -2.8446533683240465 0.46548600054830591 0.4644658711794834 -0.87727849313346884 0.21877021741095423
leaf_weight=21 41447 53 33 47 249 14.999999999999998 772 65 3310 176 3728 925 1559 6000
leaf_count=21 41447 53 33 47 249 15 772 65 3310 176 3728 925 1559 6000
internal_value=7.57058e-05 -0.241051 1.48623 0.21145 -0.403264 -2.83422 -0.237155 0.00509993 0.127773 -1.81381 0.194664 -0.0127844 -0.377607 0.00632431
internal_weight=58400 1190 101 80 1089 68 1021 57210 7279 241 7038 49931 2484 47447
internal_count=58400 1190 101 80 1089 68 1021 57210 7279 241 7038 49931 2484 47447
is_linear=0
shrinkage=0.0940712


Tree=457
num_leaves=15
num_cat=0
split_feature=1 35 39 20 52 43 46 27 39 30 40 49 47 3
split_gain=8234.98 8598.78 62202 51879.7 36327.4 42732 33043.1 4603.59 3725.65 3612.27 4875.73 3495.98 3261.64 2355.79
threshold=422.87000000000006 89.618667104904731 490.50000000000006 0.98182534576205316 75.575319477882687 216.50000000000003 271.50000000000006 87.500000000000014 353.50000000000006 142.50000000000003 98.832938249841504 227.35714285714286 224.16666666666671 17.500000000000004
decision_type=2 2 2 2 2 10 8 8 2 2 2 2 2 2
left_child=1 2 3 -1 5 -3 -6 8 13 11 -11 -9 -10 -2
right_child=7 4 -4 -5 6 -7 -8 9 12 10 -12 -13 -14 -15
leaf_value=0.12058535462978917 -0.22943981140819997 1.9992708949969882 -4.7659925162344834 -0.65493174108554775 0.062392040788739715 -3.5576864085115933 -0.09984914809785285 0.11463793185553353 -0.37338346468334244 -0.82419533332500061 0.40912322028012615 1.2441954352678293 0.37690514197375402 -1.3755281348201751
leaf_weight=12138 65 14.999999999999998 22 813 21681 49 22778 35 67 29 404 82 202 20
leaf_count=12138 65 15 22 813 21681 49 22778 35 67 29 404 82 202 20
internal_value=7.60478e-05 -0.00435486 0.063033 0.0718194 -0.0239945 -2.23675 -0.0207279 0.281551 0.0163535 0.451483 0.323567 0.913318 0.188487 -0.520514
internal_weight=58400 57496 12973 12951 44523 64 44459 904 354 550 433 117 269 85
internal_count=58400 57496 12973 12951 44523 64 44459 904 354 550 433 117 269 85
is_linear=0
shrinkage=0.0940712


Tree=458
num_leaves=13
num_cat=0
split_feature=43 13 52 32 67 43 31 40 1 43 11 43
split_gain=8087.49 72709.6 54345.7 65181 44611.6 23316.1 81198.4 76789.8 69310.1 32058.4 68505.4 21503.5
threshold=499.50000000000006 1.5000000000000002 143.16234157052619 118.28466470659582 2.5000000000000004 498.50000000000006 145.50000000000003 102.72025098542507 73.395000000000024 497.50000000000006 8.5000000000000018 494.50000000000006
decision_type=10 2 2 2 2 10 2 2 2 10 2 10
left_child=5 -2 3 -3 -4 9 7 -7 -8 11 -11 -1
right_child=1 2 4 -5 -6 6 8 -9 -10 10 -12 -13
leaf_value=-0.0024349236548377039 -4.7548571981947019 -0.71460847965692331 0.23079122665465651 5.869375230417087 -5.7389755182449615 -0.94177502424644277 -4.5831237988204627 5.4826366775843987 1.480129782989845 3.719564378569741 -2.3146060660747185 0.71743711690725043
leaf_weight=57635 29 26 33 25 14.999999999999998 24 28 48 37 18 114 368
leaf_count=57635 29 26 33 25 15 24 28 48 37 18 114 368
internal_value=4.94876e-05 -0.742358 0.487343 2.58891 -1.75424 0.00170227 1.22054 3.36491 -1.17608 -0.00120056 -1.45696 0.00214932
internal_weight=58400 128 99 51 48 58272 137 72 65 58135 132 58003
internal_count=58400 128 99 51 48 58272 137 72 65 58135 132 58003
is_linear=0
shrinkage=0.0940712


Tree=459
num_leaves=16
num_cat=0
split_feature=59 46 47 31 52 58 31 66 59 59 46 47 20 49 46
split_gain=7894.49 89687.5 69028.6 101192 62943.1 113853 93162.8 47815.4 31068.7 70315.3 86022.4 67025.8 95963.1 84267.3 27920.7
threshold=-3.7499999999999987 88.500000000000014 348.83333333333343 186.35714285714286 120.80287730170068 2.8143329728840571 225.21428571428575 1.0000000180025095e-35 -2.4700000000000011 -2.1249999999999996 267.50000000000006 429.83333333333343 -0.1799261722714405 347.50000000000006 52.500000000000007
decision_type=2 8 2 2 2 2 2 2 2 2 10 2 2 2 8
left_child=1 2 3 -1 5 -3 -6 -4 11 10 -10 13 -13 -2 -11
right_child=8 4 7 -5 6 -7 -8 -9 9 14 -12 12 -14 -15 -16
leaf_value=-0.962485481215127 -0.15084523108145648 0.45236763698194887 0.53439203777955424 3.5550961707750472 0.057621768887522531 3.553826827444118 -2.852048759110164 -4.1804888185356557 -0.064873367019654057 1.0186858256218732 1.1466468958156297 -0.71744248266039012 4.104654953084796 -1.5296624686926454 -0.01495603731940107
leaf_weight=455 7013 2017 24 47 4442 109 98 84 1018 231 1055 69 75 414 41249
leaf_count=455 7013 2017 24 47 4442 109 98 84 1018 231 1055 69 75 414 41249
internal_value=4.05249e-05 0.0917126 -0.998584 -0.529562 0.191714 0.61393 -0.00611724 -3.1389 -0.0130062 0.0175687 0.552037 -0.188876 1.81029 -0.228026 -0.00915857
internal_weight=58400 7276 610 502 6666 2126 4540 108 51124 43553 2073 7571 144 7427 41480
internal_count=58400 7276 610 502 6666 2126 4540 108 51124 43553 2073 7571 144 7427 41480
is_linear=0
shrinkage=0.0940712


Tree=460
num_leaves=16
num_cat=0
split_feature=45 51 1 59 8 1 1 45 45 2 1 55 8 20 8
split_gain=7994.07 90188.3 84160.9 180800 77948.2 117806 75289.4 75018.8 38424.5 102656 100215 95472.6 18309.8 77752.6 36521.7
threshold=472.50000000000006 268.0811688311689 71.625000000000014 -3.8699999999999934 7.9500000000000011 116.11500000000002 98.555000000000021 498.50000000000006 454.50000000000006 51.985000000000007 95.515000000000015 -268.49999999999994 32.250000000000007 0.78574730703237894 31.950000000000003
decision_type=10 2 2 2 2 2 2 10 10 2 2 10 2 2 2
left_child=8 2 3 -2 5 -3 -4 -6 12 11 -11 -10 14 -14 -1
right_child=1 4 6 -5 7 -7 -8 -9 9 10 -12 -13 13 -15 -16
leaf_value=0.029768620174574174 8.6721910384069254 -1.9656912238551907 -1.9134126134459031 1.3801656465096717 0.38373066765701325 0.25111769234193504 0.75419532245861809 -2.0042375141076931 -2.630089568804916 -2.0034034803326199 -0.25251960136438673 0.56587118076201826 -0.23581031836330207 0.38439902763108641 1.4213868030684658
leaf_weight=41855 32 436 113 303 1598 411 511 124 89 498 689 954 8346 2275 166
leaf_count=41855 32 436 113 303 1598 411 511 124 89 498 689 954 8346 2275 166
internal_value=4.6446e-05 0.137277 0.914976 2.11409 -0.153366 -0.891371 0.267347 0.210042 -0.00877815 -0.391112 -0.988867 0.289513 0.00742683 -0.102914 0.0353217
internal_weight=58400 3528 959 335 2569 847 624 1722 54872 2230 1187 1043 52642 10621 42021
internal_count=58400 3528 959 335 2569 847 624 1722 54872 2230 1187 1043 52642 10621 42021
is_linear=0
shrinkage=0.0940712


Tree=461
num_leaves=16
num_cat=0
split_feature=39 10 44 2 23 36 58 26 0 52 45 44 10 24 24
split_gain=8276.92 59354.3 89628.2 77249.4 57647.3 52940.7 84309.2 53804.5 44013.2 91597.6 86183.8 76355.9 41093.6 81905.6 78667.1
threshold=388.50000000000006 30.500000000000004 313.50000000000006 39.945000000000007 29.500000000000004 378.50000000000006 0.99999998912629828 372.50000000000006 199.50000000000003 128.45336306812251 167.50000000000003 227.50000000000003 13.500000000000002 330.50000000000006 333.50000000000006
decision_type=2 2 10 2 10 2 2 10 2 2 10 10 2 10 10
left_child=1 5 4 -4 -3 7 -7 -1 12 11 -11 -10 14 -14 -2
right_child=8 2 3 -5 -6 6 -8 -9 9 10 -12 -13 13 -15 -16
leaf_value=0.0071606948805650536 -0.17325313177423787 0.76733321174200475 -2.042063952931318 2.1135257135148899 -2.5255140696138576 0.64737440191247042 -0.78102036073073666 1.4482928872105609 2.7122539023439098 -0.91478088463387452 5.7046574264903978 -2.4901700414412864 0.17634687131019103 -0.50257890581649456 0.61501882084159387
leaf_weight=23075 12303 56 59 113 272 467 1666 230 40 24 58 61 17014 1731 1231
leaf_count=23075 12303 56 59 113 272 467 1666 230 40 24 58 61 17014 1731 1231
internal_value=4.94167e-05 -0.0395662 -1.05297 0.681787 -1.96197 -0.0195787 -0.467983 0.0214849 0.0317076 1.48029 3.78486 -0.418649 0.02342 0.113608 -0.101483
internal_weight=58400 25938 500 172 328 25438 2133 23305 32462 183 82 101 32279 18745 13534
internal_count=58400 25938 500 172 328 25438 2133 23305 32462 183 82 101 32279 18745 13534
is_linear=0
shrinkage=0.0940712


Tree=462
num_leaves=13
num_cat=0
split_feature=40 70 1 27 2 41 39 42 66 33 28 31
split_gain=7822.98 69789.6 62000.4 45443.8 44009.9 15016 69735.4 77464.8 76619 19088.8 82052.7 37194.9
threshold=48.88633645625584 8.5000000000000018 133.60500000000005 24.500000000000004 15.305000000000001 82.857489181270282 320.50000000000006 214.50000000000003 2.5000000000000004 165.50000000000003 125.16666666666667 65.071428571428584
decision_type=2 2 2 8 2 2 2 2 2 2 2 2
left_child=1 3 -3 -1 -5 6 7 -2 -8 10 -7 -11
right_child=5 2 -4 4 -6 9 8 -9 -10 11 -12 -13
leaf_value=-4.7570992079002705 0.52239708734442369 7.2933578173282951 -0.73099213576742506 -5.2477340478837915 -0.14783272921334834 -0.34869033566250213 0.37419685480994935 -1.8192819446731303 2.7037132487000952 1.2184966036617102 2.4028372139482932 0.0025985150422431404
leaf_weight=26 289 15.999999999999998 15.999999999999998 14.999999999999998 158 2616 478 218 168 222 98 54080
leaf_count=26 289 16 16 15 158 2616 478 218 168 222 98 54080
internal_value=5.69495e-05 -0.544453 3.43007 -1.20593 -0.633728 0.00223603 0.338108 -0.486725 0.985269 -0.00456296 -0.247964 0.00760663
internal_weight=58400 231 32 199 173 58169 1153 507 646 57016 2714 54302
internal_count=58400 231 32 199 173 58169 1153 507 646 57016 2714 54302
is_linear=0
shrinkage=0.0940712


Tree=463
num_leaves=15
num_cat=0
split_feature=44 27 48 59 48 0 51 44 59 56 22 59 21 45
split_gain=7918.69 81109.9 67888.2 77138.8 60249.9 34821.1 14307.6 10052.1 117310 81833.9 60375.6 16286 64410.5 25094.9
threshold=494.50000000000006 14.500000000000002 33.827996294982597 -2.2799999999999998 21.779194965224736 150.50000000000003 300.65476190476198 483.50000000000006 4.0700000000000047 -3.4999999999999996 240.50000000000003 3.3799999999999977 -0.61559370248597534 417.50000000000006
decision_type=10 8 2 2 2 2 2 10 2 10 2 2 2 10
left_child=7 5 4 -4 -3 6 -2 11 9 -9 -10 13 -13 -1
right_child=1 2 3 -5 -6 -7 -8 8 10 -11 -12 12 -14 -15
leaf_value=0.056386749576725348 -6.3465108798611229 0.026221945217991927 1.9477592540530795 -0.29066885753928601 7.3840757771755632 0.40050670302275171 -2.2246678098397337 -0.3920704428675979 1.4155128165668838 -4.7946346778047308 6.5680795915950467 -0.50829191723415201 0.045563793568175782 -0.12313506520949767
leaf_weight=38776 21 17 188 483 22 15.999999999999998 14.999999999999998 1231 102 37 24 2602 6488 8378
leaf_count=38776 21 17 188 483 22 16 15 1231 102 37 24 2602 6488 8378
internal_value=5.5278e-05 0.301014 0.566311 0.339369 4.30439 -3.22987 -4.79631 -0.00392938 -0.253325 -0.526375 2.46633 0.00225647 -0.113023 0.0244848
internal_weight=58400 762 710 671 39 52 36 57638 1394 1268 126 56244 9090 47154
internal_count=58400 762 710 671 39 52 36 57638 1394 1268 126 56244 9090 47154
is_linear=0
shrinkage=0.0940712


Tree=464
num_leaves=16
num_cat=0
split_feature=45 43 39 1 1 51 56 59 36 45 53 0 64 54 30
split_gain=8141.87 48162.3 81062.6 104372 67804.3 48674.9 109389 55639.8 40295 63997.9 102777 68264.9 59325.4 101882 59289.9
threshold=239.50000000000003 52.500000000000007 400.50000000000006 141.62500000000003 136.19500000000002 312.89285714285717 376.50000000000006 4 353.50000000000006 303.50000000000006 197.50000000000003 198.50000000000003 0.10459830866807612 213.50000000000003 198.50000000000003
decision_type=8 10 2 2 2 2 10 2 2 10 2 2 2 2 2
left_child=1 2 3 -1 -4 7 -7 -3 12 10 -10 -11 13 -2 -14
right_child=8 5 4 -5 -6 6 -8 -9 9 11 -12 -13 14 -15 -16
leaf_value=2.7844651501970787 0.54601554949526609 0.057288060687890732 -6.7006762889409206 -3.5144720691498734 -0.88632772593054687 -0.56742917431058038 6.5054969576371136 -0.43580863932072128 0.38299680938459707 0.0063730590573786855 3.8621217253000046 2.020390155586544 -0.25023437184972269 -4.5252488261125086 0.1160639734395638
leaf_weight=55 69 20207 37 38 34 1837 18 2249 4148 13768 75 149 7639 69 8008
leaf_count=55 69 20207 37 38 34 1837 18 2249 4148 13768 75 149 7639 69 8008
internal_value=5.80362e-05 -0.0412917 -1.64034 0.193837 -3.99707 -0.0303948 -0.493315 0.00787124 0.0298938 0.125529 0.44622 0.0281691 -0.0800024 -2.01097 -0.0627651
internal_weight=58400 24475 164 93 71 24311 1855 22456 33925 18140 4223 13917 15785 138 15647
internal_count=58400 24475 164 93 71 24311 1855 22456 33925 18140 4223 13917 15785 138 15647
is_linear=0
shrinkage=0.0940712


Tree=465
num_leaves=16
num_cat=0
split_feature=45 59 50 29 50 2 59 51 45 58 24 58 24 20 24
split_gain=8078.27 82670.1 130043 117666 72745.6 93526.7 87571 66794.5 29469.8 86746.3 102246 95849.1 18293.1 96890.2 39243.7
threshold=472.50000000000006 4.0700000000000047 138.75861191115197 150.43215524139609 126.77116616731006 63.695000000000007 3.8900000000000001 280.1785714285715 454.50000000000006 1.3988830853944034 6.5000000000000009 -3.7942487299370922 15.500000000000002 0.91023613416931248 33.500000000000007
decision_type=10 2 2 2 2 2 2 2 10 2 10 2 8 2 8
left_child=8 4 3 -3 5 -2 -6 -4 12 11 -11 -10 13 -1 -14
right_child=1 2 7 -5 6 -7 -8 -9 9 10 -12 -13 14 -15 -16
leaf_value=-0.35608945146513832 -1.1253414373791506 2.1827236698547114 1.6995536329225758 9.1752457161933521 0.51987091387093465 0.37504753542098057 -3.8527016578005062 -2.4571307517164276 3.8249856023512736 7.7101097474743243 0.41931155380186885 -0.8068422272548027 0.27506561340142754 0.96892280117659857 -0.006506130468936582
leaf_weight=3702 862 178 58 23 1649 639 40 79 39 15.999999999999998 569 1606 4869 561 43510
leaf_count=3702 862 178 58 23 1649 639 40 79 39 16 569 1606 4869 561 43510
internal_value=5.12731e-05 0.138003 1.53343 3.04804 -0.0104898 -0.486792 0.412779 -0.697134 -0.00881969 -0.343652 0.638926 -0.69343 0.0053717 -0.181401 0.0218374
internal_weight=58400 3528 338 201 3190 1501 1689 137 54872 2230 585 1645 52642 4263 48379
internal_count=58400 3528 338 201 3190 1501 1689 137 54872 2230 585 1645 52642 4263 48379
is_linear=0
shrinkage=0.0940712


Tree=466
num_leaves=10
num_cat=0
split_feature=30 45 25 2 23 50 33 45 36
split_gain=7833.96 18258.1 18454 18318.2 9891.98 33281.9 14410.4 84064.9 12618.2
threshold=483.50000000000006 413.50000000000006 15.500000000000002 62.285000000000004 476.50000000000006 158.19961772228604 476.50000000000006 464.50000000000006 482.50000000000006
decision_type=2 10 10 2 10 2 2 10 2
left_child=4 2 -2 -4 6 -6 8 -8 -1
right_child=1 -3 3 -5 5 -7 7 -9 -10
leaf_value=0.0016453633638808941 -2.993321247619642 -3.5014328821361569 -0.72688430561203976 2.5469346352806732 0.88295444369586285 -4.4203030259465796 0.97864369958590958 -4.6158163931665896 -0.67967063193213562
leaf_weight=57663 14.999999999999998 17 38 23 23 17 340 24 240
leaf_count=57663 15 17 38 23 23 17 340 24 240
internal_value=9.37051e-05 -0.85544 -0.203373 0.538246 0.00148332 -1.44928 0.00252024 0.591293 -0.00119467
internal_weight=58400 93 76 61 58307 40 58267 364 57903
internal_count=58400 93 76 61 58307 40 58267 364 57903
is_linear=0
shrinkage=0.0940712


Tree=467
num_leaves=16
num_cat=0
split_feature=6 47 38 11 27 39 30 27 25 51 71 31 27 37 22
split_gain=7840.73 69072.7 106122 121457 91736 80691.4 126283 94589.3 20348.5 75812.6 84846.5 69056.9 39798 82568.7 26332.3
threshold=15.500000000000002 132.83333333333334 108.90521520784414 12.500000000000002 276.50000000000006 355.50000000000006 329.50000000000006 230.50000000000003 290.50000000000006 295.03571428571433 445.50000000000006 111.21428571428574 1.5000000000000002 129.12500000000003 19.500000000000004
decision_type=2 2 2 2 8 2 2 8 10 2 2 2 8 2 2
left_child=8 2 3 -2 -4 6 -3 -7 12 10 -10 -11 13 -1 -14
right_child=1 5 4 -5 -6 7 -8 -9 9 11 -12 -13 14 -15 -16
leaf_value=-2.1311245778809318 9.7396892971634035 -0.29458740914707449 -2.5708179064405812 2.0221848875241251 5.0373816628442665 0.010801115285311698 -3.4730239639353155 1.0506090843574372 0.29723919934236925 -1.5354611426088585 2.1434427099500253 -0.060888838025825828 0.1874584876539715 0.36947426811604422 -0.047633645817472411
leaf_weight=235 23 1349 56 73 17 3366 119 1004 3422 329 234 1879 4693 230 41371
leaf_count=235 23 1349 56 73 17 3366 119 1004 3422 329 234 1879 4693 230 41371
internal_value=5.27759e-05 0.101838 1.96788 3.99875 -0.728966 0.0472858 -0.555742 0.250014 -0.0116174 0.153495 0.416303 -0.281592 -0.0324335 -0.896901 -0.0236742
internal_weight=58400 6007 169 96 73 5838 1468 4370 52393 5864 3656 2208 46529 465 46064
internal_count=58400 6007 169 96 73 5838 1468 4370 52393 5864 3656 2208 46529 465 46064
is_linear=0
shrinkage=0.0940712


Tree=468
num_leaves=14
num_cat=0
split_feature=32 33 2 59 42 38 40 43 48 40 49 37 38
split_gain=8089.39 50440.4 48411.7 58612 51787 41940.1 23005.5 102258 60298.6 29176.3 72317 28953.8 14981.5
threshold=138.7117600634198 327.50000000000006 72.745000000000019 4.1500000000000021 54.500000000000007 109.97161430003435 226.59731473677894 493.50000000000006 182.36958810566927 223.65266062036736 344.35714285714295 193.82857142857145 116.67153901346477
decision_type=2 2 2 2 2 2 2 10 2 2 2 2 2
left_child=6 5 3 -3 -4 -2 9 8 -8 11 -11 -1 -7
right_child=1 2 4 -5 -6 12 7 -9 -10 10 -12 -13 -14
leaf_value=0.023386317583619712 1.130960601498918 -0.0044037001746010619 3.0283181391551981 1.0442366498730329 -0.44455968975788185 -6.2860101645789079 -0.88886420564714763 5.5809690054719194 3.859832244139529 -0.10137631730400319 4.7231222598670923 -1.1868676681083312 -2.6466588891597285
leaf_weight=48459 19 5657 37 513 2654 15.999999999999998 667 22 23 85 39 174 35
leaf_count=48459 19 5657 37 513 2654 16 667 22 23 85 39 174 35
internal_value=7.50358e-05 -0.0823142 -0.0621996 0.0830064 -0.395034 -2.56986 0.014954 -0.515316 -0.722034 0.0227164 1.45487 0.0190157 -3.94363
internal_weight=58400 8931 8861 6170 2691 70 49469 712 690 48757 124 48633 51
internal_count=58400 8931 8861 6170 2691 70 49469 712 690 48757 124 48633 51
is_linear=0
shrinkage=0.0940712


Tree=469
num_leaves=16
num_cat=0
split_feature=49 41 55 1 57 22 39 38 22 57 45 5 33 24 17
split_gain=8491.14 59560.1 96759.7 126150 94279 70741.3 82614.8 48637.3 40767.2 110498 137952 88918.3 80188.1 58889.7 45931.9
threshold=264.21428571428578 137.22372630278804 3.5000000000000004 110.42500000000003 130.50000000000003 274.50000000000006 292.50000000000006 119.15675394446599 49.500000000000007 -9.4999999999999982 112.50000000000001 56.595000000000006 113.50000000000001 25.500000000000004 -0.22252093395631442
decision_type=2 2 10 2 10 2 2 2 2 10 10 2 2 8 2
left_child=1 5 4 -4 -3 7 -7 -1 9 10 -2 -11 14 -14 -10
right_child=8 2 3 -5 -6 6 -8 -9 12 11 -12 -13 13 -15 -16
leaf_value=-0.053030560817300898 1.0435032449901758 0.3002070127936437 -1.2164043225045504 -0.057117011357540347 -1.2441339793540167 -5.1719069325299412 1.2036062715418472 0.39793181052680771 -0.48241568940945762 -1.9713278334060289 -0.20545015907888084 -0.21622085164062491 0.47301915005643153 0.027640184261361864 5.6701433712933387
leaf_weight=15361 920 2625 1671 1651 402 17 616 2453 14.999999999999998 498 5189 524 2957 23467 34
leaf_count=15361 920 2625 1671 1651 402 17 616 2453 15 498 5189 524 2957 23467 34
internal_value=8.74751e-05 -0.0416667 -0.290147 -0.640586 0.0945338 0.0438646 1.01988 0.00908961 0.0309017 -0.168707 -0.0171217 -1.07328 0.0846815 0.0775105 3.82747
internal_weight=58400 24796 6349 3322 3027 18447 633 17814 33604 7131 6109 1022 26473 26424 49
internal_count=58400 24796 6349 3322 3027 18447 633 17814 33604 7131 6109 1022 26473 26424 49
is_linear=0
shrinkage=0.0940712


Tree=470
num_leaves=15
num_cat=0
split_feature=43 14 59 59 25 50 68 51 55 45 71 43 50 47
split_gain=7900.73 50596.6 77822.2 75103.5 72240.9 61138 90415.5 86197.2 16190.2 44541.5 51824.2 17107 68792.4 18627.8
threshold=484.50000000000006 2022.5000000000002 1.0000000180025095e-35 1.0599999999999972 162.50000000000003 102.43360218444413 1.5000000000000002 311.75000000000006 -395.49999999999994 86.500000000000014 102.50000000000001 476.50000000000006 147.68354197809128 416.16666666666669
decision_type=10 2 2 2 10 2 2 2 8 10 2 10 2 2
left_child=8 5 4 -4 -3 6 -2 -7 9 -1 -11 13 -13 -10
right_child=1 2 3 -5 -6 7 -8 -9 11 10 -12 12 -14 -15
leaf_value=3.7061354414144496 -0.85729958278917895 0.30623584481527871 -2.838041313468032 0.035774591553508046 2.6590682056186941 -0.3650683466999109 5.7771817668621388 -2.5072576590180535 -0.0051451599280773709 -3.1185975305907898 -0.13588211612065731 1.0590755971750914 -0.55734053756126933 0.36196330034301338
leaf_weight=17 42 347 100 387 172 742 30 213 53900 74 163 572 391 1250
leaf_count=17 42 347 100 387 172 742 30 213 53900 74 163 572 391 1250
internal_value=7.48561e-05 -0.182042 0.291838 -0.561257 1.09186 -0.646094 1.9693 -0.8463 0.0066504 -0.740391 -1.08204 0.0100547 0.402803 0.00318324
internal_weight=58400 2033 1006 487 519 1027 72 955 56367 254 237 56113 963 55150
internal_count=58400 2033 1006 487 519 1027 72 955 56367 254 237 56113 963 55150
is_linear=0
shrinkage=0.0940712


Tree=471
num_leaves=16
num_cat=0
split_feature=5 30 30 0 20 48 43 69 5 26 66 41 63 56 5
split_gain=8007.75 61870.4 110432 89148.6 146623 86324.8 81786 75441.9 51992.6 87329 91822.6 62405.7 27901.5 60654.2 60579.3
threshold=82.975000000000009 247.50000000000003 241.50000000000003 189.50000000000003 -0.35460488704253573 97.325912959156554 448.50000000000006 4.5000000000000009 81.305000000000021 6.5000000000000009 1.5000000000000002 135.46101884506939 134.50000000000003 148.50000000000003 29.585000000000004
decision_type=2 2 2 2 2 2 8 2 2 8 2 2 2 10 2
left_child=8 2 6 7 -5 -4 -2 -3 12 11 -11 -10 13 -1 -14
right_child=1 3 5 4 -6 -7 -8 -9 9 10 -12 -13 14 -15 -16
leaf_value=-0.017961708354765769 0.28378973445696815 -0.70454445470415472 4.5426700093161543 -1.5364031375494205 2.933593143169666 0.83274581725044061 -1.038389991191643 0.063719665623721403 -0.1513006608879004 0.063506103739100941 -1.6522957377946865 7.717077568538155 -0.19922810931134632 -0.53542480727189745 0.20848429003517249
leaf_weight=27607 5679 2058 89 97 190 146 445 2508 17 553 549 17 4428 2160 11857
leaf_count=27607 5679 2058 89 97 190 146 445 2508 17 553 549 17 4428 2160 11857
internal_value=7.62625e-05 0.0715354 0.264564 -0.181373 1.42225 2.25902 0.187453 -0.282649 -0.0169018 -0.645165 -0.792295 3.94543 -0.00137983 -0.055541 0.0976083
internal_weight=58400 11212 6359 4853 287 235 6124 4566 47188 1136 1102 34 46052 29767 16285
internal_count=58400 11212 6359 4853 287 235 6124 4566 47188 1136 1102 34 46052 29767 16285
is_linear=0
shrinkage=0.0940712


Tree=472
num_leaves=16
num_cat=0
split_feature=53 58 46 5 45 54 46 52 3 24 25 25 35 35 41
split_gain=7994.48 58683.4 63678.1 97569.6 57486.8 76497.6 61645.8 54389.5 33835.7 93039.4 116755 91154.1 90679.3 127883 81147.6
threshold=78.500000000000014 3.7887515677716439 495.50000000000006 77.045000000000016 375.50000000000006 104.50000000000001 213.50000000000003 121.43550723376488 12.500000000000002 143.50000000000003 4.5000000000000009 3.5000000000000004 89.618667104904731 97.756439320213076 150.49533657302689
decision_type=2 2 10 2 8 2 10 2 2 10 8 8 2 2 2
left_child=1 2 7 -4 6 -6 -3 -1 9 11 -11 -2 14 -14 -10
right_child=8 4 3 -5 5 -7 -8 -9 12 10 -12 -13 13 -15 -16
leaf_value=0.29482883344601207 -1.5423263819546871 -2.5916095978364555 2.8963465894643674 -1.5795754635359136 -2.5803385907357685 1.8763934859050133 -0.48243640457883263 -0.051189332999048917 0.62435764154691564 1.7660262713041026 -0.38769905805640764 0.08688899667964757 -0.76022751291269886 0.089054204416713842 -1.1799478281372484
leaf_weight=5996 309 198 157 58 45 126 321 12190 3282 227 8782 14162 1844 10468 235
leaf_count=5996 309 198 157 58 45 126 321 12190 3282 227 8782 14162 1844 10468 235
internal_value=9.60754e-05 0.0500391 0.0820112 1.68562 -0.800675 0.690102 -1.29269 0.0629029 -0.0241573 -0.0958171 -0.333121 0.0519289 0.0821305 -0.0382149 0.503291
internal_weight=58400 19091 18401 215 690 171 519 18186 39309 23480 9009 14471 15829 12312 3517
internal_count=58400 19091 18401 215 690 171 519 18186 39309 23480 9009 14471 15829 12312 3517
is_linear=0
shrinkage=0.0940712


Tree=473
num_leaves=16
num_cat=0
split_feature=34 68 26 1 46 24 19 41 34 1 54 1 34 21 34
split_gain=8381.53 51904.1 80449.5 156268 95932.3 72675.6 63547.5 55661.8 49129.7 102896 159546 112986 36623.2 101358 51249.7
threshold=106.67857142857143 1.0000000180025095e-35 65.500000000000014 124.88500000000001 98.500000000000014 5.5000000000000009 -0.9330127018922193 117.55126417915891 113.89285714285715 47.545000000000009 422.50000000000006 67.225000000000009 116.89285714285715 -0.99635443704902682 117.96428571428574
decision_type=2 2 8 2 8 10 2 2 2 2 2 2 2 2 2
left_child=1 2 3 -1 -4 7 -7 -3 9 10 -2 -11 13 -10 -14
right_child=8 5 4 -5 -6 6 -8 -9 12 11 -12 -13 14 -15 -16
leaf_value=-2.559537469905854 1.6764044902288089 -1.4361384240202433 4.604279518796476 0.22797298434725338 -0.2080761809770702 1.0521262976885772 0.032276027981775764 2.2228339708554441 -4.8475809328891408 -1.3688852071227455 -1.9428326473674153 0.28541925527045059 0.76554349337871852 -0.30802675898003512 -0.0090917661394458327
leaf_weight=391 807 409 36 325 1521 594 5872 39 43 417 123 2872 768 1905 42278
leaf_count=391 807 409 36 325 1521 594 5872 39 43 417 123 2872 768 1905 42278
internal_value=7.75695e-05 -0.0823955 -0.472209 -1.29634 -0.0922256 0.0458163 0.126216 -1.11072 0.0154782 0.322364 1.19514 0.0750878 -0.0133052 -0.412099 0.00475313
internal_weight=58400 9187 2273 716 1557 6914 6466 448 49213 4219 930 3289 44994 1948 43046
internal_count=58400 9187 2273 716 1557 6914 6466 448 49213 4219 930 3289 44994 1948 43046
is_linear=0
shrinkage=0.0940712


Tree=474
num_leaves=15
num_cat=0
split_feature=3 36 31 30 31 49 33 23 58 55 71 46 40 25
split_gain=8404.24 81116.2 57453.7 71798.8 53508.8 45808.6 66963.1 36943.9 78086.5 104735 82189.5 65831.4 89988.1 72275.1
threshold=7.5000000000000009 482.50000000000006 175.6428571428572 144.50000000000003 153.34285714285718 214.77380952380955 416.50000000000006 110.50000000000001 1.2036797958390468 -289.49999999999994 163.50000000000003 357.50000000000006 131.68963813430824 324.50000000000006
decision_type=2 2 2 2 2 2 2 10 2 10 2 10 2 10
left_child=1 2 4 -4 -1 -3 -7 11 9 -9 -10 13 -13 -2
right_child=7 5 3 -5 -6 6 -8 8 10 -11 -12 12 -14 -15
leaf_value=0.066887242749974318 -0.11718384473017808 2.6439024082721452 -1.7998611417668904 0.4607642144727635 -0.33705149873177681 -4.4895821122963762 -0.62518183195673649 0.98539742194019642 0.37619956985141112 -0.62557843087973175 -0.15794583415109217 0.031398897522346175 0.81567498581647457 0.74924344369613505
leaf_weight=15690 11592 15.999999999999998 127 3800 3559 74 85 392 3504 3867 9343 3306 2127 918
leaf_count=15690 11592 16 127 3800 3559 74 85 392 3504 3867 9343 3306 2127 918
internal_value=6.55067e-05 0.0437865 0.0590907 0.386937 -0.00781281 -1.9649 -2.45066 -0.0290601 -0.127972 -0.476967 -0.0122206 0.0652338 0.33861 -0.0535086
internal_weight=58400 23351 23176 3927 19249 175 159 35049 17106 4259 12847 17943 5433 12510
internal_count=58400 23351 23176 3927 19249 175 159 35049 17106 4259 12847 17943 5433 12510
is_linear=0
shrinkage=0.0940712


Tree=475
num_leaves=16
num_cat=0
split_feature=71 54 25 68 43 36 11 48 26 48 25 48 59 25 63
split_gain=8501.44 74398.3 74564 76186.7 67254.1 51010.5 113653 97167.9 78175.9 71849.6 107699 99545.1 31068.2 135487 32365.2
threshold=152.50000000000003 163.50000000000003 50.500000000000007 1.5000000000000002 86.500000000000014 384.50000000000006 10.500000000000002 12.055427546678727 70.500000000000014 32.506409220005196 288.50000000000006 36.295086903510459 -4.5800000000000001 318.50000000000006 -152.49999999999997
decision_type=2 2 10 2 10 2 2 2 10 2 8 2 2 10 2
left_child=5 2 3 -2 -4 9 8 -8 -7 10 -1 -11 13 -3 -14
right_child=1 12 4 -5 -6 6 7 -9 -10 11 -12 -13 14 -15 -16
leaf_value=-1.9215091356662701 0.75142868484441872 -0.14470814416874248 3.0783902578801516 -1.4089399103057789 0.72559789449489565 -1.7338094365855714 5.7524509327206585 0.33943682888704657 -0.061113164049269142 2.9067705196274809 2.3757206936306936 -0.17992768464229239 -1.5104454546411274 -3.1107191266730587 0.014348562465187724
leaf_weight=393 282 1654 115 293 1430 407 28 4253 627 92 58 7836 122 147 40663
leaf_count=393 282 1654 115 293 1430 407 28 4253 627 92 58 7836 122 147 40663
internal_value=5.4258e-05 0.0199212 0.563614 -0.350035 0.903738 -0.0647899 0.163131 0.376955 -0.721258 -0.209384 -1.3623 -0.143527 -0.00716141 -0.389353 0.00972671
internal_weight=58400 44706 2120 575 1545 13694 5315 4281 1034 8379 451 7928 42586 1801 40785
internal_count=58400 44706 2120 575 1545 13694 5315 4281 1034 8379 451 7928 42586 1801 40785
is_linear=0
shrinkage=0.0940712


Tree=476
num_leaves=15
num_cat=0
split_feature=57 64 52 50 11 42 42 37 37 48 51 24 51 57
split_gain=9230.64 58994.8 69040.7 69022.1 52000.5 90766.7 96790.2 71560.3 87742.5 73789.2 64774.2 45035 105786 58878.6
threshold=36.500000000000007 0.18364464429839736 89.899470712894683 158.19961772228604 18.500000000000004 418.50000000000006 398.50000000000006 152.44642857142858 151.90097402597405 179.76002506578138 270.25000000000006 19.500000000000004 282.58571428571435 18.500000000000004
decision_type=8 2 2 2 2 2 2 2 2 2 2 8 2 8
left_child=1 2 -1 -4 5 6 -2 8 -6 -9 -7 12 -3 -13
right_child=4 11 3 -5 7 10 -8 9 -10 -11 -12 13 -14 -15
leaf_value=6.8882793806374716 0.21430654644744784 -0.0019910403058150017 0.42438290464093203 3.5920256993940218 -0.066363617367311722 0.34785533097845117 1.5094260458646342 -0.69956368678693126 2.3680718708585533 0.59415031492441617 -0.73303003621671603 0.00017798363990908272 -1.7808475402542348 0.48018221526071353
leaf_weight=14.999999999999998 5275 1066 624 66 11233 738 564 2961 131 448 1457 30976 408 2438
leaf_count=15 5275 1066 624 66 11233 738 564 2961 131 448 1457 30976 408 2438
internal_value=6.37196e-05 0.0300031 0.881016 0.734983 -0.0466535 0.145938 0.339796 -0.151403 -0.0379678 -0.529317 -0.36957 0.012764 -0.495824 0.0352253
internal_weight=58400 35593 705 690 22807 8034 5839 14773 11364 3409 2195 34888 1474 33414
internal_count=58400 35593 705 690 22807 8034 5839 14773 11364 3409 2195 34888 1474 33414
is_linear=0
shrinkage=0.0940712


Tree=477
num_leaves=15
num_cat=0
split_feature=46 63 63 8 46 23 4 64 46 27 54 40 27 58
split_gain=8112.3 74458.8 178518 119584 83957.8 76861.4 75492.6 72434.7 39711 73516 50295.9 23563.7 50458.8 21362
threshold=116.50000000000001 218.50000000000003 196.50000000000003 13.250000000000002 92.500000000000014 2.5000000000000004 1.0000000180025095e-35 0.18364464429839736 118.50000000000001 14.500000000000002 96.500000000000014 48.88633645625584 94.500000000000014 0.99999998953153646
decision_type=10 2 2 2 8 8 2 2 8 8 2 2 10 2
left_child=1 2 5 -4 6 -1 -3 -6 9 -2 -11 12 -10 -13
right_child=8 4 3 -5 7 -7 -8 -9 11 10 -12 13 -14 -15
leaf_value=-2.158564098996274 3.9885208014221032 -1.9847168899428156 3.2679899834592732 0.43704493089510849 -2.1640806940616382 0.11764235965088352 -0.268743255991995 0.57961904988486002 -3.0698612274636807 2.5287463800470884 -2.0609135987655298 -0.12277477082402689 0.37142980608103032 0.027868446854741654
leaf_weight=132 21 442 265 263 96 7677 466 668 67 22 221 10728 83 37249
leaf_count=132 21 442 265 263 96 7677 466 668 67 22 221 10728 83 37249
internal_value=9.15825e-05 0.0771789 0.192107 1.86356 -0.495449 0.0787263 -1.10616 0.230985 -0.0158522 -1.16304 -1.63138 -0.00951916 -1.18064 -0.00581672
internal_weight=58400 10009 8337 528 1672 7809 908 764 48391 264 243 48127 150 47977
internal_count=58400 10009 8337 528 1672 7809 908 764 48391 264 243 48127 150 47977
is_linear=0
shrinkage=0.0940712


Tree=478
num_leaves=15
num_cat=0
split_feature=57 25 56 56 10 51 46 10 58 61 58 58 55 27
split_gain=8663.74 75888.2 94446.9 119029 62647.6 129665 66912.8 52454.7 126566 95998.9 78281.3 85787.8 76441.4 75761.2
threshold=-55.499999999999993 1.0000000180025095e-35 -272.49999999999994 -51.499999999999993 24.500000000000004 252.07417582417585 431.50000000000006 25.500000000000004 0.99999991442018865 21.023809523809529 0.99999995856639734 0.99999996426657167 44.500000000000007 334.50000000000006
decision_type=8 8 10 10 2 2 10 2 2 2 2 2 8 8
left_child=1 2 -1 -4 6 -6 -3 10 13 -10 12 -12 -2 -9
right_child=7 4 3 -5 5 -7 -8 8 9 -11 11 -13 -14 -15
leaf_value=-2.8899338644263888 -1.1352767713541838 0.04270150578824574 7.3301090510699485 0.20175395830670068 -1.226371574008819 0.0070455621366090774 0.59267901453877492 1.8171093097110596 0.082354301401906291 2.761473488582308 1.6855591983413858 -0.052158428703584427 0.010000255393699349 8.2621193120757201
leaf_weight=21 1173 13043 43 39 988 3171 2302 235 6498 119 252 29581 919 15.999999999999998
leaf_count=21 1173 13043 43 39 988 3171 2302 235 6498 119 252 29581 919 16
internal_value=8.16785e-05 0.0510467 2.5786 4.00843 0.0374869 -0.286281 0.125267 -0.0256751 0.210134 0.131195 -0.0764162 -0.0373882 -0.632473 2.27699
internal_weight=58400 19607 103 82 19504 4159 15345 38793 6868 6617 31925 29833 2092 251
internal_count=58400 19607 103 82 19504 4159 15345 38793 6868 6617 31925 29833 2092 251
is_linear=0
shrinkage=0.0940712


Tree=479
num_leaves=13
num_cat=0
split_feature=26 25 44 54 70 5 25 47 5 25 25 64
split_gain=8699.46 80992.7 64186.3 111780 53888.3 20903.9 66329.1 64328.3 61529.1 137208 46283.7 36368.1
threshold=314.50000000000006 467.50000000000006 488.50000000000006 276.50000000000006 1.5000000000000002 21.895000000000003 1.5000000000000002 397.41666666666669 26.665000000000003 83.500000000000014 1.0000000180025095e-35 0.15678704305202859
decision_type=10 8 10 2 2 2 8 2 2 10 10 2
left_child=5 2 4 -4 -2 6 10 -8 9 -7 -1 -10
right_child=1 -3 3 -5 -6 8 7 -9 11 -11 -12 -13
leaf_value=-0.16156006719127933 0.43734892354318977 6.4483979777415197 -0.26946779563280526 5.6774638362553231 -0.35060592101690852 0.35408041079313263 0.25657346839631368 -1.0509325797423656 0.42020484189291701 -0.99167360846621411 -4.9639021162429016 -0.0026980649514597656
leaf_weight=34 957 14.999999999999998 72 44 3864 1133 6643 349 1879 1638 36 41736
leaf_count=34 957 15 72 44 3864 1133 6643 349 1879 1638 36 41736
internal_value=0.000119204 -0.11914 -0.141152 2.03064 -0.194075 0.0111741 0.161933 0.191072 -0.01178 -0.44149 -2.68752 0.0155327
internal_weight=58400 4952 4937 116 4821 53448 7062 6992 46386 2771 70 43615
internal_count=58400 4952 4937 116 4821 53448 7062 6992 46386 2771 70 43615
is_linear=0
shrinkage=0.0940712


Tree=480
num_leaves=16
num_cat=0
split_feature=46 27 0 23 6 46 39 11 27 44 59 45 30 54 45
split_gain=7981.63 74835.5 93552.8 94020.3 71398.1 71797.4 65137.8 41900.2 16501.9 53854.2 112244 46550.2 42136.1 65719.1 57984.9
threshold=473.50000000000006 90.500000000000014 23.500000000000004 194.50000000000003 14.500000000000002 476.50000000000006 330.50000000000006 35.500000000000007 129.50000000000003 54.500000000000007 3.534999999999997 496.50000000000006 379.50000000000006 250.50000000000003 492.50000000000006
decision_type=10 10 2 10 2 10 2 2 8 8 2 10 2 2 8
left_child=8 4 7 -4 5 -2 -6 -3 12 10 -10 -11 14 -14 -1
right_child=1 2 3 -5 6 -7 -8 -9 9 11 -12 -13 13 -15 -16
leaf_value=0.074083398719103008 -2.4021885228038746 8.352482189440039 -0.23719580794841408 1.2939389523497029 -7.4244566830996988 -0.12953315526425349 -1.688999835848396 1.6035304734579516 -2.3399194075807621 -0.023313525728165155 3.8065494219506615 -1.4879246125767274 0.011730015907820059 -0.94420435537392866 1.1124980652176553
leaf_weight=26629 136 15.999999999999998 1340 481 18 1167 193 17 191 24499 29 192 2097 912 483
leaf_count=26629 136 16 1340 481 18 1167 193 17 191 24499 29 192 2097 912 483
internal_value=0.000122178 -0.140419 0.260171 0.167932 -0.630817 -0.369428 -2.22982 5.10892 0.00872946 -0.0479104 -1.50802 -0.034801 0.0555766 -0.278302 0.0926504
internal_weight=58400 3368 1854 1821 1514 1303 211 33 55032 24911 220 24691 30121 3009 27112
internal_count=58400 3368 1854 1821 1514 1303 211 33 55032 24911 220 24691 30121 3009 27112
is_linear=0
shrinkage=0.0940712


Tree=481
num_leaves=16
num_cat=0
split_feature=37 41 47 37 48 38 38 24 35 43 2 58 2 5 2
split_gain=8287.53 49898.6 47752.1 48053.5 43672.7 95326.9 114273 91916.2 77386.2 46827.6 42737.4 79690.7 49693.3 37588.9 19024
threshold=135.32738095238099 173.92029562182316 291.83333333333343 132.78759398496243 61.554853586049326 115.97491917784127 116.84404882588362 302.50000000000006 60.045403943016645 106.50000000000001 99.045000000000016 1.2487561930191504 77.455000000000013 27.025000000000002 47.32500000000001
decision_type=2 2 2 2 2 2 2 10 2 10 2 2 2 2 2
left_child=1 10 14 -4 5 7 -7 -2 13 -10 12 -12 -1 -6 -3
right_child=4 2 3 -5 8 6 -8 -9 9 -11 11 -13 -14 -15 -16
leaf_value=-0.082929322346033063 0.46805143671512855 -1.7849284227924052 -1.5996821134587063 1.2357262995741798 1.3122067541524822 -2.9805160488823019 -0.012690583271886527 2.240915334642557 0.34354608992228958 -0.054714085603219546 -1.9266402017977289 1.9575505688704864 0.20746164917584523 -3.7542799035655583 -6.5107432040210824
leaf_weight=21213 2532 14.999999999999998 188 72 14.999999999999998 120 2069 287 2970 21629 233 57 6913 69 18
leaf_count=21213 2532 15 188 72 15 120 2069 287 2970 21629 233 57 6913 69 18
internal_value=0.000109011 -0.0359263 -1.25401 -0.81132 0.0349568 0.288201 -0.177452 0.649731 -0.0164344 -0.00660561 -0.0232939 -1.15637 -0.011543 -2.84064 -4.54398
internal_weight=58400 28709 293 260 29691 5008 2189 2819 24683 24599 28416 290 28126 84 33
internal_count=58400 28709 293 260 29691 5008 2189 2819 24683 24599 28416 290 28126 84 33
is_linear=0
shrinkage=0.0940712


Tree=482
num_leaves=16
num_cat=0
split_feature=42 34 52 25 32 43 43 53 63 1 68 1 42 25 55
split_gain=8219.57 58199 94983.7 98065.1 97540.7 82109.7 160667 87753.5 49239.9 103211 159779 103629 61524.2 104039 83465.2
threshold=450.50000000000006 162.96428571428575 91.495360955593341 300.50000000000006 67.897506764620147 408.50000000000006 398.50000000000006 43.500000000000007 224.50000000000003 24.725000000000005 2.5000000000000004 31.035000000000004 410.50000000000006 39.500000000000007 345.50000000000006
decision_type=2 2 2 8 2 10 8 2 2 2 2 2 2 10 10
left_child=8 5 3 -3 -4 6 -2 -7 12 10 -10 -11 14 -14 -1
right_child=1 2 4 -5 -6 7 -8 -9 9 11 -12 -13 13 -15 -16
leaf_value=-0.010956884335959241 0.18112285354325913 9.4136943759988796 -6.3887766309881124 -0.42549709406281228 -0.41096509587420699 3.5305000228365766 -3.3791615719577801 0.71963024931134334 -0.91025260799282226 3.0605891229827216 -6.186712041746862 -0.31007494689861331 1.6508616296749377 0.14487454826915497 -4.8502122283563081
leaf_weight=46853 3818 15.999999999999998 23 18 1516 111 114 790 242 82 63 2370 520 1834 30
leaf_count=46853 3818 16 23 18 1516 111 114 790 242 82 63 2370 520 1834 30
internal_value=7.06263e-05 0.100604 -0.396119 4.41119 -0.506769 0.262374 0.0765675 1.07157 -0.0123159 -0.399073 -2.02652 -0.195425 0.00934971 0.478475 -0.0142176
internal_weight=58400 6406 1573 34 1539 4833 3932 901 51994 2757 305 2452 49237 2354 46883
internal_count=58400 6406 1573 34 1539 4833 3932 901 51994 2757 305 2452 49237 2354 46883
is_linear=0
shrinkage=0.0940712


Tree=483
num_leaves=13
num_cat=0
split_feature=34 51 45 22 32 52 50 39 31 34 17 22
split_gain=8483.87 62940.6 113668 91465.9 63318 59515.3 81211.2 55087 37213.2 26678.8 78653.1 23938.9
threshold=186.39285714285717 290.53571428571433 235.50000000000003 302.50000000000006 106.45555742970976 126.31250492502191 163.79727597981733 413.50000000000006 264.64285714285717 180.32142857142858 -0.56174490092936669 317.50000000000006
decision_type=2 2 8 2 2 2 2 2 2 2 2 2
left_child=8 2 4 -4 -2 7 -7 -3 9 11 -11 -1
right_child=1 5 3 -5 -6 6 -8 -9 -10 10 -12 -13
leaf_value=-0.014035588761361932 7.9311442474139415 -0.37762427909328505 1.087176551765122 -3.4594646115080967 2.5150194514807764 -0.81426699953947257 1.4772861230778573 0.85877662952952771 -3.4639096338731967 0.73370460485804545 -0.88584944051084746 0.22384882120059008
leaf_weight=50145 23 498 172 49 101 1001 157 881 26 369 934 4044
leaf_count=50145 23 498 172 49 101 1001 157 881 26 369 934 4044
internal_value=5.28826e-05 0.157379 1.34651 0.0613324 3.60676 -0.00500647 -0.501902 0.41226 -0.008116 -0.00639714 -0.426778 0.00372078
internal_weight=58400 2882 345 221 124 2537 1158 1379 55518 55492 1303 54189
internal_count=58400 2882 345 221 124 2537 1158 1379 55518 55492 1303 54189
is_linear=0
shrinkage=0.0940712


Tree=484
num_leaves=16
num_cat=0
split_feature=55 55 59 56 25 57 66 59 56 59 56 21 47 38 67
split_gain=8375.52 99667.5 109485 103166 95415.8 71994.7 86613.8 64895.4 64386.4 59858.2 49197.1 46595.6 78020.6 51482.2 45500.6
threshold=28.500000000000004 19.500000000000004 -0.094999999999998849 229.50000000000003 120.50000000000001 -369.49999999999994 1.0000000180025095e-35 -2.550000000000002 391.50000000000006 0.93500000000000238 364.50000000000006 -0.2393156642875576 248.16666666666671 72.914052107283936 1.0000000180025095e-35
decision_type=10 10 2 8 10 10 2 2 10 2 10 2 2 2 2
left_child=1 8 3 -3 -4 6 7 -2 10 -10 -1 13 -13 -7 -8
right_child=5 2 4 -5 -6 11 14 -9 9 -11 -12 12 -14 -15 -16
leaf_value=0.0014576324097251589 5.669077673553006 1.2983171105055908 1.1761136597090116 4.8832516114460098 -1.278276268571154 -2.0587879882460158 -0.10067891975238176 -0.57480928782255925 0.14229559625286498 6.9776912887681553 -2.4508216963586973 0.37476836682041753 -0.079103981782266866 -0.15006247557463484 -3.4820179992306661
leaf_weight=31669 19 461 287 83 271 125 47 51 23 21 71 5263 9222 10646 141
leaf_count=31669 19 461 287 83 271 125 47 51 23 21 71 5263 9222 10646 141
internal_value=6.25231e-05 0.0314431 0.910311 1.85793 -0.015908 -0.0403797 -1.5991 1.20491 0.000924216 3.53474 -0.00414424 -0.0243538 0.0858205 -0.172521 -2.64514
internal_weight=58400 32886 1102 544 558 25514 258 70 31784 44 31740 25256 14485 10771 188
internal_count=58400 32886 1102 544 558 25514 258 70 31784 44 31740 25256 14485 10771 188
is_linear=0
shrinkage=0.0940712


Tree=485
num_leaves=16
num_cat=0
split_feature=43 43 0 1 66 5 20 51 24 27 20 1 24 8 43
split_gain=8279.97 66073.9 65562.5 96648.4 84404.4 60478.9 117283 86200.9 25282.6 80255.8 72916.8 60155 39730 71126.1 26170.3
threshold=136.50000000000003 128.50000000000003 174.50000000000003 40.465000000000011 1.0000000180025095e-35 69.075000000000003 -0.99635443704902682 269.53571428571433 452.50000000000006 202.50000000000003 -0.85421994577343319 73.395000000000024 439.50000000000006 11.850000000000003 168.50000000000003
decision_type=8 10 2 2 2 2 2 2 10 8 2 2 10 2 8
left_child=1 5 3 -3 -4 7 -7 -1 12 11 -11 -10 14 -14 -2
right_child=8 2 4 -5 -6 6 -8 -9 9 10 -12 -13 13 -15 -16
leaf_value=-0.43946020010255205 0.24414457596245567 -3.2668557987136171 -2.717078642710042 -0.66321502829726853 1.9446113991897753 4.2278265239402701 0.24053821753765267 0.24772339334038224 -4.3436276258636086 6.7817202173586288 0.018814971855079202 -0.7417165560026 3.9638175643881937 -0.2994863584175228 -0.0040911210958265226
leaf_weight=4050 4120 154 44 676 139 65 3435 2685 61 17 59 122 61 77 42635
leaf_count=4050 4120 154 44 676 139 65 3435 2685 61 17 59 122 61 77 42635
internal_value=8.24677e-05 -0.0724328 -0.79655 -1.15168 0.809579 -0.000641098 0.316476 -0.165492 0.0173853 -0.906685 1.63927 -1.96963 0.0225219 1.60738 0.0177879
internal_weight=58400 11248 1013 830 183 10235 3500 6735 47152 259 76 183 46893 138 46755
internal_count=58400 11248 1013 830 183 10235 3500 6735 47152 259 76 183 46893 138 46755
is_linear=0
shrinkage=0.0940712


Tree=486
num_leaves=16
num_cat=0
split_feature=61 61 28 27 37 28 33 29 41 50 58 29 44 59 35
split_gain=8071.54 46413.8 72677.4 86651.6 70808.2 42306.7 86334.5 92715.2 82762.9 44722.1 73021.9 39899.6 37826 43616.1 37362.9
threshold=1.7949514253862082 1.9376215953307396 223.83333333333334 411.50000000000006 158.87500000000003 55.833333333333336 284.50000000000006 41.307787804883738 144.94958270411504 177.19017222432424 1.8898775877685672 30.664855018952043 499.50000000000006 -0.88000000000000156 156.37557719172855
decision_type=2 2 2 8 2 2 2 2 2 2 2 2 10 2 2
left_child=5 2 3 -2 -4 6 7 -1 -8 11 -11 -7 14 -14 -3
right_child=1 12 4 -5 -6 9 8 -9 -10 10 -12 -13 13 -15 -16
leaf_value=0.89827065525313166 0.72832508251972528 0.014193693026637554 -2.5984201374613733 -2.0884592628806327 1.3891841422766262 0.44695970614871966 -2.5785209373772595 -2.1308966971771079 2.9666810713620317 1.1915847492223215 -2.3520366590579806 -0.066693411281449275 -5.4843207954446473 -0.48466525884035311 -1.246306150625867
leaf_weight=322 2017 29786 125 100 56 1418 249 122 25 490 56 23358 22 46 208
leaf_count=322 2017 29786 125 100 56 1418 249 122 25 490 56 23358 22 46 208
internal_value=8.75675e-05 0.0314612 0.438796 0.593769 -1.36267 -0.0388953 -0.750184 0.0610979 -2.05817 -0.0186769 0.822235 -0.0372642 0.000298347 -2.19081 0.00538385
internal_weight=58400 32360 2298 2117 181 26040 718 444 274 25322 546 24776 30062 68 29994
internal_count=58400 32360 2298 2117 181 26040 718 444 274 25322 546 24776 30062 68 29994
is_linear=0
shrinkage=0.0940712


Tree=487
num_leaves=16
num_cat=0
split_feature=23 23 63 40 45 49 22 37 23 35 61 3 20 0 2
split_gain=8379.23 76743.5 94303.6 135073 77415 75932.7 75889.7 58832.1 54817.3 89128.4 94884.1 70703.6 42256.5 68571.3 53267.8
threshold=135.50000000000003 138.50000000000003 184.50000000000003 110.723821951586 88.500000000000014 194.78571428571431 154.50000000000003 104.5386904761905 129.50000000000003 89.910028288336335 35.38750000000001 17.500000000000004 0.61559370248597556 165.50000000000003 93.695000000000007
decision_type=8 8 2 2 10 2 2 2 8 2 2 2 2 2 2
left_child=8 2 3 -2 -4 6 -3 -7 12 11 -11 -10 14 -14 -1
right_child=1 5 4 -5 -6 7 -8 -9 9 10 -12 -13 13 -15 -16
leaf_value=0.097323416697394652 -0.4840443792078547 -0.53321755138658211 4.5675820522035968 3.1575878703373874 -2.0093197690284388 -0.70835894230654295 -3.2840130179453597 0.075681473693666138 -2.7949057802639743 -0.33423658683055441 6.6640046649320226 1.2761188734625453 -0.29974457328949383 0.33252943413217884 -0.4587036843301156
leaf_weight=21935 138 538 17 256 108 879 105 22169 233 721 15.999999999999998 44 7716 1888 1637
leaf_count=21935 138 538 17 256 108 879 105 22169 233 721 16 44 7716 1888 1637
internal_value=5.00598e-05 0.0423959 1.17225 1.8849 -1.06855 0.0175631 -0.989477 0.0457285 -0.029932 -0.710726 -0.168369 -2.14426 -0.00908774 -0.175402 0.0586759
internal_weight=58400 24210 519 394 125 23691 643 23048 34190 1014 737 277 33176 9604 23572
internal_count=58400 24210 519 394 125 23691 643 23048 34190 1014 737 277 33176 9604 23572
is_linear=0
shrinkage=0.0940712


Tree=488
num_leaves=16
num_cat=0
split_feature=39 27 21 61 58 23 5 5 39 1 33 34 39 43 24
split_gain=9071.45 76970.7 70644.6 88962.5 75464.2 68476.6 116425 105508 40314.8 80812.9 124678 91408.5 40773 92579.4 24498.7
threshold=322.50000000000006 258.50000000000006 0.95297903005573359 4.0976935312831397 2.5891934264838543 112.50000000000001 14.515000000000002 16.015000000000004 337.50000000000006 111.62500000000001 321.50000000000006 96.392857142857153 339.50000000000006 92.500000000000014 1.5000000000000002
decision_type=2 8 2 2 2 8 2 2 2 2 2 2 2 10 8
left_child=1 5 3 -3 -4 7 -7 -1 9 10 -2 -11 13 -10 -14
right_child=8 2 4 -5 -6 6 -8 -9 12 11 -12 -13 14 -15 -16
leaf_value=-1.4284801884821929 -1.3669708868753505 -2.0208869297361498 -0.18611672427732304 0.6057344559547756 3.58526494055875 2.9310957478667663 -0.28377043878942715 0.70280179261039477 -3.7040298369105242 2.1777881175687375 0.40959350418284529 -0.10903929811983248 0.65763727228961377 1.2167779310579787 -0.0072247075912974367
leaf_weight=220 1105 424 656 155 49 103 2136 2857 35 171 510 1491 494 459 47535
leaf_count=220 1105 424 656 155 49 103 2136 2857 35 171 510 1491 494 459 47535
internal_value=5.79801e-05 0.103915 -0.549299 -1.31778 0.0831726 0.261827 -0.133882 0.549731 -0.013175 -0.33244 -0.806019 0.127995 0.00839394 0.857311 -0.000362516
internal_weight=58400 6600 1284 579 705 5316 2239 3077 51800 3277 1615 1662 48523 494 48029
internal_count=58400 6600 1284 579 705 5316 2239 3077 51800 3277 1615 1662 48523 494 48029
is_linear=0
shrinkage=0.0940712


Tree=489
num_leaves=15
num_cat=0
split_feature=0 46 54 61 38 25 10 0 11 17 55 10 27 8
split_gain=8084.71 61845.8 83315.7 123487 65640.5 61981.4 31160.5 30145.8 89512.3 186125 105688 14617.5 87233 29998.5
threshold=192.50000000000003 421.50000000000006 69.500000000000014 1.0113895807388962 135.46703212260408 101.50000000000001 9.5000000000000018 189.50000000000003 18.500000000000004 -0.56174490092936669 138.50000000000003 25.500000000000004 152.50000000000003 54.850000000000001
decision_type=2 8 2 2 2 8 2 2 2 2 10 2 8 2
left_child=7 2 6 -4 5 -3 -2 11 9 -9 -10 13 -13 -1
right_child=1 4 3 -5 -6 -7 -8 8 10 -11 -12 12 -14 -15
leaf_value=-0.044345247385598273 -6.161990203601551 -0.15421678260513816 6.0133451440375296 0.081963998554848552 4.263262792109491 -2.2755183975601301 -1.7255324458478654 5.1789919512119535 0.5382795811927672 0.41113032108401676 -2.2954206439436988 0.32457526379120211 -0.25355635400016735 0.2696217811861597
leaf_weight=42201 20 226 30 1970 18 264 46 97 462 275 154 6015 3747 2875
leaf_count=42201 20 226 30 1970 18 264 46 97 462 275 154 6015 3747 2875
internal_value=6.03206e-05 -0.162889 0.0659378 0.175619 -1.09111 -1.30098 -3.18312 0.00758014 0.522175 1.67115 -0.173953 -0.00170347 0.10265 -0.0243086
internal_weight=58400 2574 2066 2000 508 490 66 55826 988 372 616 54838 9762 45076
internal_count=58400 2574 2066 2000 508 490 66 55826 988 372 616 54838 9762 45076
is_linear=0
shrinkage=0.0940712


Tree=490
num_leaves=15
num_cat=0
split_feature=63 27 52 24 2 27 24 63 31 59 63 47 43 47
split_gain=7886.41 52902.3 98321.2 61662 50007.4 72628.3 63684.4 21354.8 72838.9 87087.8 52249.1 90355.8 38523.7 20308.5
threshold=-126.49999999999999 439.50000000000006 161.66951765759617 290.50000000000006 92.375000000000014 108.50000000000001 62.500000000000007 -112.49999999999999 77.214285714285737 2.2399999999999971 -110.49999999999999 222.16666666666671 110.50000000000001 159.83333333333334
decision_type=2 8 2 8 2 10 10 2 2 2 2 2 8 2
left_child=1 4 3 -3 6 -6 -1 8 12 -10 11 -9 -2 -12
right_child=7 2 -4 -5 5 -7 -8 10 9 -11 13 -13 -14 -15
leaf_value=0.92225746270854381 1.0945770521422633 -3.4161276388131023 5.3507858124318117 1.0767989312282411 -2.3697653547292368 0.5933631491723671 0.028048830098379059 2.9004976068843624 0.3286809455080022 -1.1992621952526545 -0.26719905091875962 -0.5339533269475657 -2.5631084369259365 0.0082222209426680865
leaf_weight=1038 29 108 14.999999999999998 35 153 138 2190 144 1133 464 2485 126 169 50173
leaf_count=1038 29 108 15 35 153 138 2190 144 1133 464 2485 126 169 50173
internal_value=6.51362e-05 0.133398 -1.54196 -2.31583 0.209307 -0.968472 0.315938 -0.00889514 -0.327855 -0.115914 0.00192901 1.30343 -2.02238 -0.00478041
internal_weight=58400 3677 158 143 3519 291 3228 54723 1795 1597 52928 270 198 52658
internal_count=58400 3677 158 143 3519 291 3228 54723 1795 1597 52928 270 198 52658
is_linear=0
shrinkage=0.0940712


Tree=491
num_leaves=16
num_cat=0
split_feature=10 49 35 1 37 49 49 1 36 52 54 36 53 10 36
split_gain=8518.26 114815 109114 130010 96292.1 94464.9 102336 90177.5 38914.9 73191.4 85699.7 72255.7 44217.7 102064 53243.9
threshold=20.500000000000004 193.07142857142858 132.31462255041058 9.2150000000000016 144.48214285714289 235.7571428571429 239.6428571428572 85.595000000000013 426.50000000000006 104.29107880779121 422.50000000000006 433.50000000000006 162.50000000000003 18.500000000000004 421.50000000000006
decision_type=2 2 2 2 2 2 2 2 2 2 2 2 2 2 2
left_child=8 2 3 -2 -4 7 -7 -3 12 10 -10 -11 14 -14 -1
right_child=1 5 4 -5 -6 6 -8 -9 9 11 -12 -13 13 -15 -16
leaf_value=-0.010089722536825177 6.2779598142485469 -1.1177260831708216 8.6826212157927483 0.47020109369141266 0.92133492266167316 1.2634136790311583 -0.046968991501088395 -0.14283003296321831 0.64017287078487406 -1.0116330303293071 5.4810716916313922 -0.11628265355441887 0.16413884931466116 1.4262010110497765 0.91774545650501527
leaf_weight=25011 34 1425 28 851 28 545 15046 2043 239 955 36 4807 6171 623 558
leaf_count=25011 34 1425 28 851 28 545 15046 2043 239 955 36 4807 6171 623 558
internal_value=6.43283e-05 -0.0497137 0.963771 0.70413 4.93443 -0.099834 -0.00103314 -0.543774 0.0259946 -0.193231 1.30171 -0.264935 0.0669003 0.280188 0.0102086
internal_weight=58400 20000 941 885 56 19059 15591 3468 38400 6037 275 5762 32363 6794 25569
internal_count=58400 20000 941 885 56 19059 15591 3468 38400 6037 275 5762 32363 6794 25569
is_linear=0
shrinkage=0.0940712


Tree=492
num_leaves=16
num_cat=0
split_feature=46 40 27 1 8 58 55 70 46 34 27 54 27 5 58
split_gain=7807.7 70945.3 95538.8 101421 63116.6 75928 62016.1 54463 32426 79659 74622.7 42628.7 24587 116706 26246.5
threshold=116.50000000000001 59.254547539144816 88.500000000000014 60.635000000000012 1.8500000000000003 1.0696281719444858 253.50000000000003 6.5000000000000009 120.50000000000001 178.09821428571431 15.500000000000002 236.50000000000003 468.50000000000006 23.025000000000002 0.99999998934753676
decision_type=10 2 8 2 2 2 10 2 8 2 10 2 8 2 2
left_child=1 2 3 -1 5 -3 -6 -4 9 10 -2 -11 14 -14 -10
right_child=8 4 7 -5 6 -7 -8 -9 12 11 -12 -13 13 -15 -16
leaf_value=11.603181337224635 2.0280905011652175 0.76245910265101136 -1.0136830633256126 2.1495865133465224 0.19800318244316223 -1.240111553449766 -0.64443582156231627 3.1103798430013967 -0.13170011921220884 0.65604199262265372 -1.4949249227447421 6.4758645967581039 2.6773702508221962 -1.1334318170146211 0.037553925771272485
leaf_weight=14.999999999999998 59 225 71 28 8128 644 853 45 10393 29 445 17 81 513 36854
leaf_count=15 59 225 71 28 8128 644 853 45 10393 29 445 17 81 513 36854
internal_value=0.000118743 0.075745 2.03726 5.7412 0.0437513 -0.721027 0.117878 0.605157 -0.0155228 -0.732688 -1.07727 2.95149 -0.00725171 -0.607908 0.000317042
internal_weight=58400 10009 159 43 9850 869 8981 116 48391 550 504 46 47841 594 47247
internal_count=58400 10009 159 43 9850 869 8981 116 48391 550 504 46 47841 594 47247
is_linear=0
shrinkage=0.0940712


Tree=493
num_leaves=15
num_cat=0
split_feature=3 36 41 53 57 2 57 51 34 2 36 43 1 51
split_gain=8540.25 68349 50442.2 72139.9 60292 37798 49993.7 34576 87636.2 125982 66162.9 47013.9 72452 44983.4
threshold=7.5000000000000009 482.50000000000006 178.76962683489757 173.50000000000003 -261.49999999999994 91.065000000000012 86.500000000000014 315.32142857142861 142.03571428571431 59.805000000000007 482.50000000000006 494.50000000000006 12.435 314.10714285714295
decision_type=2 2 2 2 10 2 10 2 2 2 2 10 2 2
left_child=1 2 4 -4 -1 6 -3 11 9 -9 -10 13 -13 -2
right_child=7 5 3 -5 -6 -7 -8 8 10 -11 -12 12 -14 -15
leaf_value=0.65997344969928995 -0.017886581395414533 -3.4293662658567996 0.27811899678450852 1.8974686292551155 -0.022327981581569394 1.6652156443958221 0.28788584451845728 -0.045090551865112814 -0.1188814160238147 -2.2859309843431883 2.899880031076524 6.3679044178127926 0.73424859243571994 1.2427846880294415
leaf_weight=1214 30282 107 1626 285 20051 23 45 467 3207 422 64 20 336 251
leaf_count=1214 30282 107 1626 285 20051 23 45 467 3207 422 64 20 336 251
internal_value=0.000168647 0.0442419 0.0582904 0.521041 0.0166637 -1.7996 -2.3363 -0.0291917 -0.283741 -1.11108 -0.0584227 0.00509836 1.07752 -0.00745593
internal_weight=58400 23351 23176 1911 21265 175 152 35049 4160 889 3271 30889 356 30533
internal_count=58400 23351 23176 1911 21265 175 152 35049 4160 889 3271 30889 356 30533
is_linear=0
shrinkage=0.0940712


Tree=494
num_leaves=15
num_cat=0
split_feature=27 27 57 39 10 56 52 27 48 58 59 24 26 24
split_gain=7756.84 85841 93103.8 92250.1 70118.5 89366.8 65824.4 52095.6 115053 130984 90496.6 36912.7 65493.5 54161
threshold=168.50000000000003 170.50000000000003 -205.49999999999997 342.50000000000006 29.500000000000004 -292.49999999999994 106.10741240284621 156.50000000000003 194.97777651141004 0.99999998515329258 3.4199999999999968 337.50000000000006 143.50000000000003 333.50000000000006
decision_type=10 8 10 2 2 10 2 10 2 2 2 10 8 10
left_child=7 2 -2 -4 6 -6 -3 11 9 -9 -10 13 -13 -1
right_child=1 4 3 -5 5 -7 -8 8 10 -11 -12 12 -14 -15
leaf_value=0.016595627977785434 -3.5034970417926283 0.62850476569642644 -1.745264448380927 3.0863114205128719 2.5868995598595959 -1.0156974746324028 0.0082498187054238364 1.2159681493974734 3.204716389335748 -1.0988093773017498 -3.3493938873708036 0.049292535262261829 -0.95546745299055535 1.8733829974831333
leaf_weight=35933 26 1679 41 205 64 873 15293 255 111 1383 21 1413 965 138
leaf_count=35933 26 1679 41 205 64 873 15293 255 111 1383 21 1413 965 138
internal_value=0.000178626 0.0511699 1.70498 2.27461 0.0258984 -0.7656 0.0696698 -0.0228699 -0.521637 -0.737558 2.13411 0.00010778 -0.358749 0.0237836
internal_weight=58400 18181 272 246 17909 937 16972 40219 1770 1638 132 38449 2378 36071
internal_count=58400 18181 272 246 17909 937 16972 40219 1770 1638 132 38449 2378 36071
is_linear=0
shrinkage=0.0940712


Tree=495
num_leaves=16
num_cat=0
split_feature=52 0 44 53 44 25 22 52 25 49 1 2 56 52 39
split_gain=8315.34 77087.4 106349 121397 80553.1 65798.1 68868.2 65459.3 170406 110068 108802 35977.7 24190 53453.9 25290.7
threshold=100.82388627532171 40.500000000000007 285.50000000000006 169.50000000000003 257.50000000000006 366.50000000000006 8.5000000000000018 103.28724749042016 41.500000000000007 236.46428571428575 26.285000000000004 49.465000000000011 409.50000000000006 127.90033035407154 323.50000000000006
decision_type=2 2 8 2 10 10 2 2 8 2 2 2 8 2 2
left_child=1 2 4 -4 -1 6 -3 8 9 -2 -10 -7 14 -14 -9
right_child=7 5 3 -5 -6 11 -8 12 10 -11 -12 -13 13 -15 -16
leaf_value=0.44338436687230132 2.0481961678855662 -2.3872353215958304 3.3876897824844048 -2.3538485987838289 -3.8549561953061877 -5.3893752058277844 -0.14808709507120374 0.19010910425543004 4.6023774039281076 -3.1991898811915447 1.0120296645672886 -1.0164065407357885 -2.4606474441220048 -0.12710997075859062 -0.020279636444632328
leaf_weight=203 47 125 192 38 46 32 3089 5656 83 131 659 35 111 382 47571
leaf_count=203 47 125 192 38 46 32 3089 5656 83 131 659 35 111 382 47571
internal_value=0.000164749 -0.13512 0.97767 2.42907 -0.369257 -0.298005 -0.236329 0.00948015 0.795597 -1.80718 1.42264 -3.182 -0.00400314 -0.658876 0.00207921
internal_weight=58400 3760 479 230 249 3281 3214 54640 920 178 742 67 53720 493 53227
internal_count=58400 3760 479 230 249 3281 3214 54640 920 178 742 67 53720 493 53227
is_linear=0
shrinkage=0.0940712


Tree=496
num_leaves=16
num_cat=0
split_feature=52 25 29 24 38 71 39 21 59 37 54 10 38 58 69
split_gain=8290.24 56821.6 117491 112676 72480.3 52343.7 79144.1 52073.2 92322.2 88280.1 55087.8 97484.6 60964.4 48019.6 23738
threshold=124.67291271153739 9.5000000000000018 21.221058723195359 95.500000000000014 104.7379288039369 480.50000000000006 285.50000000000006 -0.98182534576205283 4.5450000000000026 144.73214285714289 499.50000000000006 23.500000000000004 131.7426217524154 -2.7037042878373483 4.5000000000000009
decision_type=2 10 2 8 2 2 2 2 2 2 2 2 2 2 2
left_child=7 2 3 -2 -4 13 -7 8 9 -1 12 -12 -9 -3 -10
right_child=1 5 4 -5 -6 6 -8 10 14 -11 11 -13 -14 -15 -16
leaf_value=0.088832186894178877 -1.0276997335236209 0.82541281405567613 -1.2818470562902609 4.3870674115831187 -0.16686169581988017 -2.6463866125874276 0.65674761453384634 -0.081763018298797258 -1.0768954891339497 1.7529126559501318 -0.28478998788282972 -2.993902295457362 0.78877421484286236 0.014082274329838744 -5.1396463016102611
leaf_weight=750 56 658 828 83 1367 65 1825 20445 25 451 493 153 736 30438 27
leaf_count=750 56 658 828 83 1367 65 1825 20445 25 451 493 153 736 30438 27
internal_value=0.000124911 0.0287777 -0.419615 2.2175 -0.588127 0.060527 0.54099 -0.0437169 0.545639 0.715298 -0.0775918 -0.932289 -0.0514516 0.0312949 -3.27709
internal_weight=58400 35320 2334 139 2195 32986 1890 23080 1253 1201 21827 646 21181 31096 52
internal_count=58400 35320 2334 139 2195 32986 1890 23080 1253 1201 21827 646 21181 31096 52
is_linear=0
shrinkage=0.0940712


Tree=497
num_leaves=16
num_cat=0
split_feature=38 56 41 41 50 24 64 46 41 54 47 1 52 55 39
split_gain=8501.52 60761.4 81879.2 168353 104713 49539 83492.8 63181.3 35617.6 91560.5 140358 91513.4 52679.6 41772.3 35966
threshold=98.570027211394248 -194.49999999999997 127.16544174879235 107.44529350673866 121.77350169083083 282.50000000000006 4.546536796536798 345.50000000000006 96.825773379449814 337.50000000000006 249.16666666666671 152.75000000000003 75.575319477882687 -85.499999999999986 294.50000000000006
decision_type=2 8 2 2 2 10 2 10 2 2 2 2 2 10 2
left_child=1 2 3 -1 -4 7 -7 -3 9 11 -11 -2 13 -10 -14
right_child=8 5 4 -5 -6 6 -8 -9 12 10 -12 -13 14 -15 -16
leaf_value=0.13242571869907549 -1.5530111788040593 -0.031475130724333354 -1.2733524532080722 -1.7294480745951344 1.315508934074674 0.65450794821882097 4.7925177058180566 0.42661364798443124 0.95879742473405716 2.3872983955656029 -0.70882732689234762 0.084365151887285481 -2.0101962610700954 -3.9394324221926076 0.0045422106230851482
leaf_weight=941 728 9321 198 789 449 477 46 3729 21 223 305 515 77 51 40530
leaf_count=941 728 9321 198 789 449 477 46 3729 21 223 305 515 77 51 40530
internal_value=9.69921e-05 0.0586499 -0.379929 -0.717439 0.521892 0.135501 1.03189 0.0994481 -0.0219018 -0.43469 0.601762 -0.875257 -0.00391157 -2.51904 0.000641559
internal_weight=58400 15950 2377 1730 647 13573 523 13050 42450 1771 528 1243 40679 72 40607
internal_count=58400 15950 2377 1730 647 13573 523 13050 42450 1771 528 1243 40679 72 40607
is_linear=0
shrinkage=0.0940712


Tree=498
num_leaves=16
num_cat=0
split_feature=38 8 41 61 21 23 8 42 38 53 5 5 52 25 25
split_gain=8364.25 55621.9 104264 111993 89921.5 83315.8 74779.4 66640.4 39009.5 93735.4 97653.5 74014.4 19918 74930.2 62525.6
threshold=126.0048867351418 12.050000000000002 120.1011384729013 7.7561561561561572 0.95297903005573359 19.500000000000004 2.2500000000000004 104.50000000000001 125.41148673254871 67.500000000000014 70.865000000000023 26.285000000000004 124.2896851064403 12.500000000000002 9.5000000000000018
decision_type=2 2 2 2 2 8 2 2 2 2 2 2 2 10 10
left_child=8 5 3 -3 -4 7 -7 -2 12 11 -11 -10 14 -14 -1
right_child=1 2 4 -5 -6 6 -8 -9 9 10 -12 -13 13 -15 -16
leaf_value=0.53240477614557824 1.5232541702070121 2.513033464888474 -0.20838731715445974 -0.83769176014353819 1.3762608562392615 0.67242045393808869 -0.50733010000062262 -2.3741647100148766 2.2907168972392538 2.7941873937036847 -0.51808816183477657 -2.9601673552742338 -0.44707977343655558 0.097239732443204399 -0.10987873316209068
leaf_weight=1439 44 299 2912 124 354 621 2011 276 32 225 120 81 2431 27977 19454
leaf_count=1439 44 299 2912 124 354 621 2011 276 32 225 120 81 2431 27977 19454
internal_value=8.68424e-05 -0.0992875 0.144208 1.53102 -0.0360139 -0.403533 -0.228696 -1.83308 0.0128422 0.87569 1.64458 -1.46113 0.00511011 0.0536987 -0.0655991
internal_weight=58400 6641 3689 423 3266 2952 2632 320 51759 458 345 113 51301 30408 20893
internal_count=58400 6641 3689 423 3266 2952 2632 320 51759 458 345 113 51301 30408 20893
is_linear=0
shrinkage=0.0940712


Tree=499
num_leaves=15
num_cat=0
split_feature=0 41 8 36 45 47 5 56 64 61 5 5 0 56
split_gain=7885.4 58834.1 72728.6 70530.9 117610 68769.8 62899 57252.4 30160 37285.2 26867.6 71566.5 41861 20708.2
threshold=51.500000000000007 139.83772930511151 0.25000000000000006 271.50000000000006 159.50000000000003 282.16666666666669 69.435000000000016 -316.49999999999994 0.13491590890802288 1.0715199123127512 31.735000000000003 31.405000000000005 61.500000000000007 178.50000000000003
decision_type=2 2 2 2 10 2 2 10 2 2 2 2 2 10
left_child=1 2 6 4 -3 -5 -1 -4 9 13 11 -10 -12 -2
right_child=8 3 7 5 -6 -7 -8 -9 10 -11 12 -13 -14 -15
leaf_value=-0.46678526123910991 -6.3597621345334723 -1.986580683167271 -1.4524345332195248 -0.35391973343881666 5.5582963721100462 0.41575780701691684 -6.3228694296907166 -0.16406172270508526 -0.075912200377821426 0.86803385317543436 0.43595474980735116 -1.8911078758915474 0.031358832252083045 -1.8388301346435119
leaf_weight=33 14.999999999999998 27 322 1629 51 2775 31 5413 11261 24 2422 194 34179 24
leaf_count=33 15 27 322 1629 51 2775 31 5413 11261 24 2422 194 34179 24
internal_value=8.81176e-05 -0.0746862 -0.272502 0.181234 2.95729 0.131008 -3.38828 -0.236797 0.0160688 -2.01578 0.0188005 -0.106919 0.0581531 -3.75865
internal_weight=58400 10281 5799 4482 78 4404 64 5735 48119 63 48056 11455 36601 39
internal_count=58400 10281 5799 4482 78 4404 64 5735 48119 63 48056 11455 36601 39
is_linear=0
shrinkage=0.0940712


Tree=500
num_leaves=16
num_cat=0
split_feature=31 11 35 39 49 65 53 46 50 1 18 53 57 25 29
split_gain=8680.37 60596.7 149569 79036.6 71417.6 45278.5 80419.4 70613.4 36621.9 116590 126090 98605.4 54378.5 163281 54530.9
threshold=148.50000000000003 47.500000000000007 129.23962963474602 474.50000000000006 250.50000000000003 1.5000000000000002 144.50000000000003 72.500000000000014 144.11239000263572 9.2150000000000016 1.0000000180025095e-35 173.50000000000003 -188.49999999999997 3.5000000000000004 53.671842310691979
decision_type=2 2 2 2 2 2 2 8 2 2 2 2 8 8 2
left_child=8 5 3 -3 -4 6 -2 -7 12 10 -10 -11 13 -1 -14
right_child=1 2 4 -5 -6 7 -8 -9 9 11 -12 -13 14 -15 -16
leaf_value=5.8329055401861334 0.37898142446554672 -1.11460415613219 5.79718132600087 4.5023181686150382 0.59212639976269865 0.95735876241663898 -0.27783210885484416 -0.16590317879968824 -0.12981754697686718 -0.30813790687528042 3.4062933389658254 0.51398689385541285 -0.15341585479243575 0.41821345013728228 0.14429366215030084
leaf_weight=49 5397 1437 23 21 483 517 2374 11020 188 8458 168 1522 8081 1982 16680
leaf_count=49 5397 1437 23 21 483 517 2374 11020 188 8458 168 1522 8081 1982 16680
internal_value=4.43974e-05 -0.0478658 -0.545473 -1.02889 0.846075 0.00278402 0.178297 -0.115433 0.0274982 -0.122904 1.54614 -0.182686 0.0855298 0.553291 0.0471245
internal_weight=58400 21272 1964 1458 506 19308 7771 11537 37128 10336 356 9980 26792 2031 24761
internal_count=58400 21272 1964 1458 506 19308 7771 11537 37128 10336 356 9980 26792 2031 24761
is_linear=0
shrinkage=0.0940712


Tree=501
num_leaves=15
num_cat=0
split_feature=21 50 56 50 50 1 58 38 6 46 37 5 2 2
split_gain=8335.02 69878.2 66348.5 70315.5 66563.8 39749.7 40399.8 28287.5 11093.6 62159.1 62291.3 22106.3 66222.4 23537.3
threshold=-0.99635443704902682 168.03797753245507 -167.49999999999997 131.94335003673874 111.44740378078889 133.60500000000005 1.2724795351389755 116.84404882588362 15.500000000000002 499.50000000000006 103.91071428571429 9.6450000000000014 11.425000000000002 64.00500000000001
decision_type=2 2 10 2 2 2 2 2 2 10 2 2 2 2
left_child=1 2 4 -4 -1 7 -7 -3 11 10 -10 12 -2 -13
right_child=8 5 3 -5 -6 6 -8 -9 9 -11 -12 13 -14 -15
leaf_value=4.4191554336322385 -0.39344412448138361 -2.0788187409369114 -1.1557738467011311 0.60220136969363558 0.49936717766993427 2.4492649391374877 -3.9379589041715346 -7.8200913633933888 1.2434790431776683 -5.3077902337171476 0.059061483739594751 -0.068426203974984487 1.5570982372741258 0.062100572289899597
leaf_weight=48 317 14.999999999999998 500 335 172 15.999999999999998 15.999999999999998 18 422 17 5444 30283 297 20500
leaf_count=48 317 15 500 335 172 16 16 18 422 17 5444 30283 297 20500
internal_value=9.21211e-05 -0.253879 -0.0671467 -0.45052 1.38028 -3.21012 -0.775214 -5.42589 0.00506702 0.127417 0.144598 -0.00893837 0.551411 -0.0157326
internal_weight=58400 1120 1055 835 220 65 32 33 57280 5883 5866 51397 614 50783
internal_count=58400 1120 1055 835 220 65 32 33 57280 5883 5866 51397 614 50783
is_linear=0
shrinkage=0.0940712


Tree=502
num_leaves=15
num_cat=0
split_feature=43 27 14 59 58 43 47 14 26 56 43 38 59 26
split_gain=7880.41 47238.9 48849.5 81556.2 72529.6 45898.2 58830.9 14179.7 58413.7 83623.5 59836 52703.4 60547.7 48091.2
threshold=484.50000000000006 8.5000000000000018 2022.5000000000002 -0.42999999999999611 1.3540344907103095 488.50000000000006 332.83333333333343 2022.5000000000002 54.500000000000007 -253.49999999999997 154.50000000000003 70.967347083178694 3.0649999999999982 135.50000000000003
decision_type=10 8 2 2 2 10 2 2 8 10 8 2 2 8
left_child=7 5 4 -4 -3 -2 -7 8 9 -1 -10 12 -9 -13
right_child=1 2 3 -5 -6 6 -8 11 10 -11 -12 13 -14 -15
leaf_value=-0.70932357395988499 6.040866926390934 -1.2674418162800429 1.0956694420186444 -0.6312284507523811 0.47810868746741103 4.4126478051945019 -1.5875126201617178 -2.6706267768345242 -0.31408544676472949 0.38130944082155288 0.061998244104974572 -0.13348469473979713 1.3904829120680082 0.11644997546150714
leaf_weight=684 18 689 467 499 302 22 36 130 4907 6728 15774 16501 42 11601
leaf_count=684 18 689 467 499 302 22 36 130 4907 6728 15774 16501 42 11601
internal_value=5.86284e-05 -0.181824 -0.271916 0.203908 -0.735456 2.0952 0.742304 0.00662572 0.05396 0.280518 -0.0272464 -0.0404015 -1.67465 -0.030302
internal_weight=58400 2033 1957 966 991 76 58 56367 28093 7412 20681 28274 172 28102
internal_count=58400 2033 1957 966 991 76 58 56367 28093 7412 20681 28274 172 28102
is_linear=0
shrinkage=0.0940712


Tree=503
num_leaves=16
num_cat=0
split_feature=47 54 39 46 23 24 38 18 36 8 8 8 0 33 35
split_gain=8409.27 56671.2 137748 93160.2 68475.6 67058.6 75467.8 60331.4 33490.6 85033.4 102681 78096.4 116387 67907.7 64845.9
threshold=310.83333333333343 186.50000000000003 330.50000000000006 132.50000000000003 226.50000000000003 1.0000000180025095e-35 110.42978508462856 -0.24999999999999994 406.50000000000006 0.35000000000000003 0.65000000000000002 0.25000000000000006 58.500000000000007 405.50000000000006 129.23962963474602
decision_type=2 2 2 10 8 8 2 2 2 2 2 2 2 2 2
left_child=8 2 4 -4 -2 6 -3 -7 11 14 -11 12 -1 -13 -10
right_child=1 5 3 -5 -6 7 -8 -9 9 10 -12 13 -14 -15 -16
leaf_value=-2.1885483817435358 -2.9223335643701973 6.4558966029261775 0.68621490290615017 -0.4121888124467144 0.019660181169765197 -0.20323886729650067 0.20092321560816484 0.19336467369778781 -0.07811657894971516 2.7017762872062399 0.18200140913934559 -0.031439455495236447 2.140362323900701 -2.9953719805475076 -3.9476796604226809
leaf_weight=66 256 29 855 3377 96 5839 39 8102 77 144 8584 30497 297 67 75
leaf_count=66 256 29 855 3377 96 5839 39 8102 77 144 8584 30497 297 67 75
internal_value=6.9874e-05 -0.0521571 -0.339207 -0.190075 -2.12307 0.0417892 2.95534 0.0272394 0.0244683 0.18548 0.224065 -0.0217657 1.34694 -0.0380936 -2.00899
internal_weight=58400 18593 4584 4232 352 14009 68 13941 39807 8880 8728 30927 363 30564 152
internal_count=58400 18593 4584 4232 352 14009 68 13941 39807 8880 8728 30927 363 30564 152
is_linear=0
shrinkage=0.0940712


Tree=504
num_leaves=16
num_cat=0
split_feature=38 27 53 70 40 24 53 66 2 46 1 38 64 5 35
split_gain=8488.65 51038.3 77435.2 57180.8 48104.2 69372.1 47791 45489.5 87688.2 100682 92672.2 57848.1 108719 47491.7 16987.3
threshold=106.8811923830428 428.50000000000006 122.50000000000001 3.5000000000000004 213.1467509472042 315.50000000000006 180.50000000000003 2.5000000000000004 67.735000000000014 64.500000000000014 92.565000000000012 107.48979894969709 0.41185719570847212 92.645000000000024 80.566554968682837
decision_type=2 10 2 2 2 10 2 2 2 8 2 2 2 2 2
left_child=1 4 14 -4 6 -6 -1 11 9 -9 -10 12 -2 -13 -3
right_child=7 2 3 -5 5 -7 -8 8 10 -11 -12 13 -14 -15 -16
leaf_value=0.062138285608603905 -3.0905555110129197 -2.9950808498462953 0.86349638235045389 8.4672792582784044 0.78975005809715937 6.3131856418610113 -0.33480987675932566 2.574029776471447 -1.2807485391855542 -0.06348048167395319 -0.18504609275294978 0.016703680433721561 -0.20117780662868759 0.5080498577998962 1.2795105631867931
leaf_weight=24026 145 15.000000000000002 14.999999999999998 21 318 20 3020 130 1190 4836 1603 20605 541 1900 14.999999999999998
leaf_count=24026 145 15 15 21 318 20 3020 130 1190 4836 1603 20605 541 1900 15
internal_value=6.25996e-05 0.0381464 2.62056 5.46999 0.0317687 1.14448 0.017793 -0.0337106 -0.230857 0.00632624 -0.652387 0.0322543 -0.817721 0.0582239 -0.89622
internal_weight=58400 27450 66 36 27384 338 27046 30950 7759 4966 2793 23191 686 22505 30
internal_count=58400 27450 66 36 27384 338 27046 30950 7759 4966 2793 23191 686 22505 30
is_linear=0
shrinkage=0.0940712


Tree=505
num_leaves=15
num_cat=0
split_feature=26 46 49 56 2 13 64 49 47 7 39 1 49 46
split_gain=8504.9 65138.1 61440.2 57441.6 49144.8 38709 36117.1 15589.8 71873.7 57450.7 53855.9 84086.1 52895.8 50286.5
threshold=9.5000000000000018 473.50000000000006 341.21428571428578 42.500000000000007 55.185000000000009 1.5000000000000002 1.5313907657657659 333.73214285714295 445.50000000000006 205.50000000000003 301.50000000000006 213.95500000000001 326.17142857142863 130.50000000000003
decision_type=8 10 2 10 2 2 2 2 2 2 2 2 2 8
left_child=1 2 4 -4 -1 -3 -7 8 12 -10 11 -9 -2 -12
right_child=7 5 3 -5 -6 6 -8 10 9 -11 13 -13 -14 -15
leaf_value=0.46698793834944413 0.015637083406625278 1.0532146934805755 -0.42445927520498761 -3.4816691216930318 -0.35327141865190476 -5.7565450651389156 -1.000230196083165 2.6227727008759238 -3.7715051683304877 0.20835338440778547 0.69310007597546264 -1.2143803567693532 -0.49880234872339319 -0.029769364191202446
leaf_weight=1271 47228 17 151 84 1312 36 24 173 79 53 1023 70 1836 5043
leaf_count=1271 47228 17 151 84 1312 36 24 173 79 53 1023 70 1836 5043
internal_value=8.89131e-05 -0.157055 -0.082478 -1.53355 0.0503377 -2.8289 -3.92969 0.00829161 -0.00956126 -2.18883 0.147492 1.51621 -0.00362619 0.0922651
internal_weight=58400 2895 2818 235 2583 77 60 55505 49196 132 6309 243 49064 6066
internal_count=58400 2895 2818 235 2583 77 60 55505 49196 132 6309 243 49064 6066
is_linear=0
shrinkage=0.0940712


Tree=506
num_leaves=15
num_cat=0
split_feature=6 5 16 26 1 23 15 27 23 53 58 27 52 69
split_gain=8408.58 70397.8 69668.2 113789 74855.8 54420.6 21493.9 16790.7 79766.1 91292.1 75750 17518.8 72505.6 16412.9
threshold=2.5000000000000004 98.225000000000009 -1.0000000180025095e-35 262.50000000000006 85.595000000000013 194.50000000000003 1.0000000180025095e-35 428.50000000000006 202.50000000000003 114.50000000000001 1.2514721416886883 419.50000000000006 133.15330336786587 1.0000000180025095e-35
decision_type=2 2 2 8 2 10 2 10 10 2 2 10 2 2
left_child=1 2 3 -1 -4 6 -3 11 10 -10 -9 13 -13 -2
right_child=7 5 4 -5 -6 -7 -8 8 9 -11 -12 12 -14 -15
leaf_value=0.091071028680263011 -0.37119751671887791 -5.8522273346868738 1.4212279232578138 -2.3084367665070098 0.1276856336535302 1.4323131998123786 -1.3761966682432207 -2.203832545953833 -1.0295098300374947 3.5752851183150769 0.21309808644781955 2.721892585167327 -1.1187733894094556 0.0014834129406775393
leaf_weight=1056 1065 32 636 208 1046 18 14.999999999999998 252 72 78 209 92 80 53541
leaf_count=1056 1065 32 636 208 1046 18 15 252 72 78 209 92 80 53541
internal_value=5.0888e-05 0.153109 0.221389 -0.306046 0.617741 -2.87227 -4.51649 -0.0082713 -0.498053 1.37632 -1.11079 -0.00279187 0.940815 -0.00579321
internal_weight=58400 3011 2946 1264 1682 65 47 55389 611 150 461 54778 172 54606
internal_count=58400 3011 2946 1264 1682 65 47 55389 611 150 461 54778 172 54606
is_linear=0
shrinkage=0.0940712


Tree=507
num_leaves=16
num_cat=0
split_feature=53 53 59 47 26 31 42 71 64 64 1 59 26 43 49
split_gain=7817.65 54691.8 75629.5 192693 67923.8 81197.4 67831.1 62208.1 35608.3 115121 116269 83742.4 83029.3 73740.3 58599.7
threshold=78.500000000000014 68.500000000000014 -1.9950000000000043 391.16666666666669 129.50000000000003 165.73214285714289 162.50000000000003 448.50000000000006 0.41740100931677021 0.42875939849624062 148.48500000000004 -1.8350000000000006 64.500000000000014 92.500000000000014 333.73214285714295
decision_type=2 2 2 2 8 2 2 2 2 2 2 2 10 10 2
left_child=1 4 3 -3 7 -6 -4 -1 11 10 -10 13 -13 -2 -11
right_child=8 2 6 -5 5 -7 -8 -9 9 14 -12 12 -14 -15 -16
leaf_value=-0.15775278615473401 -2.1533855314788402 0.75110511045561623 -0.76809815323562269 6.3125048586096666 0.37479091526598607 -0.37868733953950207 0.40271507430888909 -1.8059784852459411 3.1519398071870972 -0.038067001630360184 -0.51071723770048538 0.48309072548818444 -0.24958597567673915 -0.46752879002879949 0.40325467775688473
leaf_weight=8619 252 960 592 57 5331 1658 1668 206 203 27275 122 2090 3959 2459 2949
leaf_count=8619 252 960 592 57 5331 1658 1668 206 203 27275 122 2090 3959 2459 2949
internal_value=3.43388e-05 0.049422 0.3991 1.07213 -0.023063 0.195981 0.0956498 -0.196554 -0.0239493 0.0239938 1.78078 -0.191132 0.00360083 -0.625433 0.00500783
internal_weight=58400 19091 3277 1017 15814 6989 2260 8825 39309 30549 325 8760 6049 2711 30224
internal_count=58400 19091 3277 1017 15814 6989 2260 8825 39309 30549 325 8760 6049 2711 30224
is_linear=0
shrinkage=0.0940712


Tree=508
num_leaves=15
num_cat=0
split_feature=49 49 8 45 45 50 38 10 51 59 24 51 21 41
split_gain=8256.4 48234 80189.4 103578 75560.2 69834.8 99604.7 51523.5 39791.8 103567 80915.7 42889.4 81350.4 45565.9
threshold=308.15476190476198 316.78571428571433 16.850000000000005 106.50000000000001 225.50000000000003 163.79727597981733 123.19244151119553 2.5000000000000004 323.60714285714295 4.7200000000000024 4.5000000000000009 317.32142857142861 0.98182534576205305 224.11204061610189
decision_type=2 2 2 8 10 2 2 2 2 2 10 2 2 2
left_child=8 2 4 -4 -2 7 -7 -3 11 10 -10 13 -13 -1
right_child=1 5 3 -5 -6 6 -8 -9 9 -11 -12 12 -14 -15
leaf_value=0.021041847642554862 -0.063983446211184611 0.75254265080196936 -2.2981317436874686 0.43921377381682136 -1.349447031516485 0.20807317365757183 2.9763686618784937 -0.079354932775986181 7.3401335379578994 -5.2540506461272729 0.69397335886915801 -1.0205793696367722 3.612977611118922 -4.5201989115059922
leaf_weight=42508 681 703 135 1172 997 368 166 10149 14.999999999999998 24 834 596 34 18
leaf_count=42508 681 703 135 1172 997 368 166 10149 15 24 834 596 34 18
internal_value=4.39534e-05 -0.0618615 -0.39835 0.153972 -0.828374 0.0263851 1.07503 -0.0253519 0.0202541 0.648461 0.824804 0.00752025 -0.762 0.0189508
internal_weight=58400 14371 2985 1307 1678 11386 534 10852 44029 873 849 43156 630 42526
internal_count=58400 14371 2985 1307 1678 11386 534 10852 44029 873 849 43156 630 42526
is_linear=0
shrinkage=0.0940712


Tree=509
num_leaves=15
num_cat=0
split_feature=54 10 53 37 1 58 58 71 26 36 23 37 46 37
split_gain=7677.23 58463.9 77324.6 126140 82325 66736.2 67262.2 31850.9 65204.5 67554.9 52162.3 22189.3 62882.3 23992.4
threshold=81.500000000000014 22.500000000000004 66.500000000000014 138.57983193277315 12.435 4.5842281583616442 1.0573295758654344 102.50000000000001 5.5000000000000009 406.50000000000006 202.50000000000003 185.98214285714289 227.50000000000003 183.72670807453417
decision_type=2 2 2 2 2 2 2 2 10 2 10 2 10 2
left_child=1 2 4 -4 -1 6 -3 8 10 -10 -2 13 -13 -9
right_child=7 5 3 -5 -6 -7 -8 11 9 -11 -12 12 -14 -15
leaf_value=-2.9986004602620482 -1.2698327514597916 -0.5365922529320889 4.760768357854551 -0.80017655589315717 -0.12968414258109168 -4.056411348484021 1.384224879782195 0.010582605398792742 -0.538397708450014 0.58667722529359567 -5.5485395886185493 0.52540577143882372 -1.3159989602752635 1.1347257608209225
leaf_weight=91 108 212 71 71 2033 23 663 51941 1662 658 32 285 383 167
leaf_count=91 108 212 71 71 2033 23 663 51941 1662 658 32 285 383 167
internal_value=4.3486e-05 0.142519 -0.112079 2.00095 -0.254771 0.784186 0.918567 -0.00811922 -0.338881 -0.219069 -2.29913 0.00730544 -0.530788 0.0142217
internal_weight=58400 3164 2266 142 2124 898 875 55236 2460 2320 140 52776 668 52108
internal_count=58400 3164 2266 142 2124 898 875 55236 2460 2320 140 52776 668 52108
is_linear=0
shrinkage=0.0940712


Tree=510
num_leaves=16
num_cat=0
split_feature=6 7 56 37 35 56 37 44 53 37 47 37 48 20 30
split_gain=8087.37 53550.9 59195.2 90838.2 76115.7 57146.1 68995.7 53738 29833.3 53063.3 65998.9 40324.5 31107.2 88357.4 32644.6
threshold=5.5000000000000009 201.50000000000003 -137.49999999999997 153.66071428571431 106.35221650720656 -378.49999999999994 136.23214285714289 425.50000000000006 20.500000000000004 137.29670329670333 184.16666666666671 152.76136363636365 32.506409220005196 -0.99635443704902682 75.500000000000014
decision_type=2 2 8 2 2 8 2 8 2 2 2 2 2 2 2
left_child=1 2 3 -1 -4 6 -3 -7 9 10 -2 -11 13 -10 -14
right_child=8 5 4 -5 -6 7 -8 -9 12 11 -12 -13 14 -15 -16
leaf_value=1.5497131924383376 -3.5741974634946523 3.5740555286879889 -1.779272940916895 -2.8552518610501645 -0.045225115504904524 0.17071769874780451 -0.2814888570402182 -0.33185862773187358 4.1118364342475235 -4.255389714089195 1.3395819420935584 -0.5668128816870438 0.36393135751993272 -0.43008606353599532 -0.01567045602647232
leaf_weight=210 30 90 450 50 445 11596 74 2246 37 58 102 48 2113 2237 38614
leaf_count=210 30 90 450 50 445 11596 74 2246 37 58 102 48 2113 2237 38614
internal_value=1.64703e-05 0.0591342 -0.556075 0.690134 -0.918814 0.109932 1.84735 0.0891324 -0.0207106 -1.06759 0.19314 -2.61874 -0.0148749 -0.353359 0.00403416
internal_weight=58400 15161 1155 260 895 14006 164 13842 43239 238 132 106 43001 2274 40727
internal_count=58400 15161 1155 260 895 14006 164 13842 43239 238 132 106 43001 2274 40727
is_linear=0
shrinkage=0.0940712


Tree=511
num_leaves=15
num_cat=0
split_feature=56 42 58 58 39 49 40 56 11 34 5 57 51 56
split_gain=7745.56 54829.1 58716.1 91851.6 74377.2 42959.8 49107.6 22096.1 76719.1 106887 89229.3 31531.7 71477.9 39332.3
threshold=284.50000000000006 354.50000000000006 1.308126822242109 1.2652343601180098 339.50000000000006 265.30952380952385 133.45263778509965 196.50000000000003 10.500000000000002 160.82142857142858 101.37500000000001 315.50000000000006 278.6785714285715 154.50000000000003
decision_type=10 2 2 2 2 2 2 10 2 2 2 10 2 10
left_child=7 5 3 -3 -4 6 -2 11 9 -9 -10 13 -13 -1
right_child=1 2 4 -5 -6 -7 -8 8 10 -11 -12 12 -14 -15
leaf_value=0.0044355308519270177 -1.0442402668117143 0.00088672067904941958 -2.1828637697947046 1.9739673665106912 -0.2808741595034065 0.30519829859008107 -8.4171107602145252 0.46446686722451852 -0.014168485269304117 2.9497360183405852 5.6720712838162353 2.3661858520875243 -0.092249599977065291 -0.33894009891962251
leaf_weight=45554 14.999999999999998 2309 216 228 1117 20 17 821 4279 187 23 159 300 3155
leaf_count=45554 15 2309 216 228 1117 20 17 821 4279 187 23 159 300 3155
internal_value=6.29397e-06 -0.127648 -0.0862081 0.179362 -0.591361 -3.11693 -5.17421 0.00920211 0.191479 0.929498 0.0182497 -0.0104861 0.764226 -0.0178133
internal_weight=58400 3922 3870 2537 1333 52 32 54478 5310 1008 4302 49168 459 48709
internal_count=58400 3922 3870 2537 1333 52 32 54478 5310 1008 4302 49168 459 48709
is_linear=0
shrinkage=0.0940712


Tree=512
num_leaves=16
num_cat=0
split_feature=38 11 48 8 2 25 32 38 38 1 57 1 64 2 34
split_gain=7832.4 51677 70863.8 69646.1 115334 88314.9 53583.7 37040.3 32956.1 71400.7 101805 79737.2 19026.9 86537.5 21193.7
threshold=126.0048867351418 24.500000000000004 12.055427546678727 8.1500000000000004 96.25500000000001 424.50000000000006 119.00880317544618 129.79405237373575 125.41148673254871 31.035000000000004 42.500000000000007 54.415000000000006 0.10459830866807612 93.355000000000004 137.87857142857146
decision_type=2 2 2 2 2 8 2 2 2 2 10 2 2 2 2
left_child=8 3 7 4 -2 -5 -4 -3 12 10 -10 -11 13 -1 -14
right_child=1 2 6 5 -6 -7 -8 -9 9 11 -12 -13 14 -15 -16
leaf_value=-0.17138076167913863 -1.2187841542921753 7.4572950093464199 -0.3968213532687716 -0.27184439783053943 3.844121678104869 1.752476479091821 0.37391003117821997 0.96493423111663934 7.517278569262773 -3.2749588670529084 -0.12566343185450063 0.82798727381950155 -0.039871573523011905 -4.0095054547078073 0.083450827577968595
leaf_weight=646 978 16.000000000000004 1218 1854 40 211 2309 14.999999999999998 30 46 30 352 29317 55 21283
leaf_count=646 978 16 1218 1854 40 211 2309 15 30 46 30 352 29317 55 21283
internal_value=9.13993e-06 -0.0961538 0.148069 -0.377978 -1.01414 -0.063772 0.107655 4.51662 0.0123524 0.805434 3.78749 0.342517 0.00524526 -0.480939 0.0119979
internal_weight=58400 6641 3558 3083 1018 2065 3527 31 51759 458 60 398 51301 701 50600
internal_count=58400 6641 3558 3083 1018 2065 3527 31 51759 458 60 398 51301 701 50600
is_linear=0
shrinkage=0.0940712


Tree=513
num_leaves=16
num_cat=0
split_feature=35 36 6 52 44 37 6 6 35 50 51 26 35 36 24
split_gain=8385.22 60420.3 113208 110021 71891.3 67098.4 119062 50572.4 47083.6 81155.4 87371.5 79598 50706.1 100617 42998.9
threshold=118.90333362424261 359.50000000000006 2.5000000000000004 129.52085197367117 377.50000000000006 126.68711180124225 10.500000000000002 6.5000000000000009 115.88238874812311 165.70369410519251 261.46428571428578 112.50000000000001 114.48015566642685 317.50000000000006 262.50000000000006
decision_type=2 2 2 2 8 2 2 2 2 2 2 10 2 2 10
left_child=8 2 3 -2 -4 6 -3 -7 12 11 -11 -10 14 -14 -1
right_child=1 5 4 -5 -6 7 -8 -9 9 10 -12 -13 13 -15 -16
leaf_value=-0.018664956491692499 7.7340108263354672 -1.0544890714160433 0.93583533468209223 0.32799714706254041 -0.64429731317503247 0.22239856366748872 0.35049969886045762 -0.15430396606718452 0.047790055166721766 -4.1998421314420069 -0.12279618634405001 1.0605815232791682 4.3746806177514417 -0.69605802689900875 0.31474315082441007
leaf_weight=32825 36 1534 699 34 399 4840 817 9045 1466 65 155 1291 34 1340 3820
leaf_count=32825 36 1534 699 34 399 4840 817 9045 1466 65 155 1291 34 1340 3820
internal_value=4.15583e-05 -0.0546618 0.598361 4.22421 0.36142 -0.1017 -0.566277 -0.0229746 0.023269 0.383441 -1.34906 0.52242 -0.00494481 -0.565666 0.0160991
internal_weight=58400 17404 1168 70 1098 16236 2351 13885 40996 2977 220 2757 38019 1374 36645
internal_count=58400 17404 1168 70 1098 16236 2351 13885 40996 2977 220 2757 38019 1374 36645
is_linear=0
shrinkage=0.0940712


Tree=514
num_leaves=15
num_cat=0
split_feature=39 32 53 61 38 50 27 39 1 35 34 39 26 41
split_gain=8189.08 64104.9 116243 100928 78392.2 72789.4 58460.4 32852.9 67799.5 118438 83446 33571.7 84421 23616.9
threshold=323.50000000000006 117.17040907116767 188.50000000000003 1.2836248556643717 103.62551816858998 105.76490100303243 258.50000000000006 337.50000000000006 111.62500000000001 76.063323075471672 96.392857142857153 339.50000000000006 262.50000000000006 82.857489181270282
decision_type=2 2 2 2 2 2 10 2 2 2 2 2 10 2
left_child=1 4 3 -3 6 -6 -1 8 9 -2 -10 12 -9 -13
right_child=7 2 -4 -5 5 -7 -8 11 10 -11 -12 13 -14 -15
leaf_value=0.16723527145462252 -3.0233272246318927 -2.4562089275952634 7.3740233412899485 1.7962638213236537 1.504436448397372 -3.166983079603265 -0.92714881563995344 0.27090927327847575 2.1932913209618077 -0.4521940966111393 -0.10077887503437143 0.56446119837793873 3.765713701403242 -0.009261683227772901
leaf_weight=5820 178 62 25 221 38 119 465 424 154 1365 1430 642 70 47387
leaf_count=5820 178 62 25 221 38 119 465 424 154 1365 1430 642 70 47387
internal_value=5.91744e-05 0.097492 1.41983 0.855818 0.0339213 -2.03184 0.0860363 -0.0126742 -0.308138 -0.751637 0.124116 0.00637331 0.776684 -0.00157204
internal_weight=58400 6750 308 283 6442 157 6285 51650 3127 1543 1584 48523 494 48029
internal_count=58400 6750 308 283 6442 157 6285 51650 3127 1543 1584 48523 494 48029
is_linear=0
shrinkage=0.0940712


Tree=515
num_leaves=16
num_cat=0
split_feature=49 23 69 8 52 52 70 31 51 43 26 55 32 43 32
split_gain=8094.16 77188 72913.6 92538 54543.3 133455 85531.2 34015.4 29531.8 67077.9 125206 90898.6 38797.7 143036 31693
threshold=211.6428571428572 2.5000000000000004 2.5000000000000004 6.0500000000000007 125.94920919424511 125.56191284001235 4.5000000000000009 81.214285714285737 238.46428571428575 102.50000000000001 369.50000000000006 112.50000000000001 35.379903716484655 420.50000000000006 110.79603740362869
decision_type=2 8 2 2 2 2 2 2 2 10 10 10 2 10 2
left_child=1 2 7 -4 5 -3 -6 -1 9 10 -2 -11 13 -10 -14
right_child=8 4 3 -5 6 -7 -8 -9 12 11 -12 -13 14 -15 -16
leaf_value=-3.956864075285242 -1.1993840839849745 0.28560316278448761 -1.8538617098935102 5.4009329647388471 -0.74158900492294211 5.7911573887048977 0.23846326521427924 1.3889606808453494 0.23791569885409691 -0.29915717888069077 5.4915732323187401 0.70769112122680977 -0.067262778531723785 5.8596065535583657 0.088190745415033939
leaf_weight=17 807 2616 19 70 1451 38 1721 23 288 3627 24 1014 24922 45 21718
leaf_count=17 807 2616 19 70 1451 38 1721 23 288 3627 24 1014 24922 45 21718
internal_value=7.24716e-05 0.103991 2.36612 3.8455 0.0532608 0.367838 -0.209956 -0.943275 -0.0117276 -0.21852 -0.996055 -0.0789823 0.012366 1.02178 0.00512226
internal_weight=58400 5955 129 89 5826 2654 3172 40 52445 5472 831 4641 46973 333 46640
internal_count=58400 5955 129 89 5826 2654 3172 40 52445 5472 831 4641 46973 333 46640
is_linear=0
shrinkage=0.0940712


Tree=516
num_leaves=15
num_cat=0
split_feature=33 40 35 31 54 50 35 35 34 34 49 51 51 38
split_gain=8491.58 57927.9 98654 69923.4 65616.6 55851 53538.7 42307.8 101673 200472 102032 93214.1 81317.5 78606.3
threshold=301.50000000000006 70.567298950245473 94.602827931877272 87.214285714285737 238.50000000000003 61.097107303167277 109.48044131775718 109.01422681627483 156.60714285714289 155.82142857142858 259.64285714285717 308.03571428571433 295.03571428571433 85.58390712447833
decision_type=2 2 2 2 2 2 2 2 2 2 2 2 2 2
left_child=7 2 -2 4 -3 -5 -4 11 9 -9 -10 12 -1 -13
right_child=1 3 6 5 -6 -7 -8 8 10 -11 -12 13 -14 -15
leaf_value=-0.025235678457038665 6.6566851250802648 -0.36823558584646021 -2.4081357480558263 -1.628555625993668 -4.1707789635622108 -0.021317982200027893 2.3563413890004057 0.38165381870638121 -1.3478406906135085 5.1427742116229771 0.18797158482791207 0.64796813368386885 0.65889136408154125 -0.95424915379557418
leaf_weight=17834 29 96 34 191 68 30023 49 4863 619 78 998 329 1681 1508
leaf_count=17834 29 96 34 191 68 30023 49 4863 619 78 998 329 1681 1508
internal_value=0.000109958 -0.0342069 2.08646 -0.0421365 -1.97013 -0.0315661 0.394707 0.0376034 0.246563 0.458441 -0.400604 -0.0265832 0.0337358 -0.666923
internal_weight=58400 30490 112 30378 164 30214 83 27910 6558 4941 1617 21352 19515 1837
internal_count=58400 30490 112 30378 164 30214 83 27910 6558 4941 1617 21352 19515 1837
is_linear=0
shrinkage=0.0940712


Tree=517
num_leaves=16
num_cat=0
split_feature=35 26 5 0 69 26 35 1 52 55 21 57 1 59 23
split_gain=8135.67 52074.6 109993 133042 98406.2 68168 77080.1 51570.2 30931.9 70650.4 55561.9 45965.7 28806.2 72840 41115.5
threshold=89.618667104904731 348.50000000000006 60.195000000000007 43.500000000000007 7.5000000000000009 339.50000000000006 68.582708508131716 31.035000000000004 81.997018110978857 -61.499999999999993 -1.7225464241988328e-16 4.5000000000000009 46.725000000000001 -4.6200000000000019 20.500000000000004
decision_type=2 10 2 2 2 10 2 2 2 8 2 10 2 2 10
left_child=1 5 3 -3 -4 7 -7 -1 9 11 -11 -2 13 -10 -14
right_child=8 2 4 -5 -6 6 -8 -9 12 10 -12 -13 14 -15 -16
leaf_value=0.56274984656176497 -1.7642586420396034 2.1398808795045885 -0.20177307911774625 -2.5029201376813877 4.0977132638581981 -3.1091113768622591 3.5945988187202826 0.011095042407137748 -1.5019375279460312 2.3405699045571362 -1.8611525539873821 -7.4745521325209365 -0.26582865177030784 -0.10879986360678719 0.060184969756455833
leaf_weight=1744 33 64 240 333 57 17 88 10647 343 50 59 20 3837 9228 31640
leaf_count=1744 33 64 240 333 57 17 88 10647 343 50 59 20 3837 9228 31640
internal_value=0.000112054 0.065114 -0.727087 -1.74869 0.640073 0.109206 2.4784 0.0888103 -0.018851 -1.31018 0.070936 -4.07364 -0.0141592 -0.158976 0.0249114
internal_weight=58400 13190 694 397 297 12496 105 12391 45210 162 109 53 45048 9571 35477
internal_count=58400 13190 694 397 297 12496 105 12391 45210 162 109 53 45048 9571 35477
is_linear=0
shrinkage=0.0940712


Tree=518
num_leaves=16
num_cat=0
split_feature=47 46 50 5 1 32 28 57 52 24 8 23 50 28 2
split_gain=7917.21 50028.4 74397.1 71048.4 110915 84992.1 62370.6 37506.3 32557.3 85231.9 68674.6 60234.2 54089.8 75870.4 53014.7
threshold=310.83333333333343 277.50000000000006 56.74546260201388 79.555000000000021 79.795000000000016 35.379903716484655 57.166666666666679 -7.4999999999999991 157.01894090260473 47.500000000000007 21.250000000000004 148.50000000000003 162.1700312856311 30.166666666666668 78.925000000000026
decision_type=2 8 2 2 2 2 2 10 2 8 2 10 2 2 2
left_child=8 2 7 5 -5 -3 -4 -2 12 10 -10 -11 14 -14 -1
right_child=1 3 6 4 -6 -7 -8 -9 9 11 -12 -13 13 -15 -16
leaf_value=-0.052346673728414013 -6.1971534358334042 3.1900237143138472 -1.4839322249250793 -1.5229365176275784 -0.15335814393041547 -0.090946005672749533 0.16564304526579804 -1.3437346314359364 -0.58817070107261338 -0.34357956320814714 -2.8983551274050643 1.1174649054651582 2.9512927588209732 0.3521878115617928 0.21836804745668292
leaf_weight=27013 21 69 206 835 1399 7115 8907 41 321 966 176 335 102 2506 8388
leaf_count=27013 21 69 206 835 1399 7115 8907 41 321 966 176 335 102 2506 8388
internal_value=8.585e-05 -0.0505901 0.105731 -0.202884 -0.666027 -0.0587294 0.128093 -3.10147 0.0237597 -0.367213 -1.41303 0.0334226 0.0422722 0.455593 0.0118004
internal_weight=58400 18593 9175 9418 2234 7184 9113 62 39807 1798 497 1301 38009 2608 35401
internal_count=58400 18593 9175 9418 2234 7184 9113 62 39807 1798 497 1301 38009 2608 35401
is_linear=0
shrinkage=0.0940712


Tree=519
num_leaves=16
num_cat=0
split_feature=59 46 59 58 8 56 45 17 59 42 20 59 56 61 63
split_gain=7608.42 74673.5 84454.2 91070.5 76785.8 55006.3 56097 52219.2 27885 57096.4 54624.2 51921.1 77041.7 48387.8 27982.2
threshold=-3.7499999999999987 78.500000000000014 -4.1899999999999977 1.1190972233285024 12.65 -378.49999999999994 165.50000000000003 -0.56174490092936669 -2.4700000000000011 68.500000000000014 0.40966402954315223 -2.1249999999999996 -108.49999999999999 4.2228132387706863 -132.49999999999997
decision_type=2 8 2 2 2 8 10 2 2 2 2 2 10 2 2
left_child=1 2 3 -1 -4 7 -7 -3 9 13 -11 12 -10 -2 -13
right_child=8 5 4 -5 -6 6 -8 -9 11 10 -12 14 -14 -15 -16
leaf_value=1.9833542356862865 -0.72312731705864164 1.8375346559636689 -0.47372106284785592 -1.4403895112033687 -4.9590261296342071 -0.23680760818283234 0.36522553922627699 -3.560868452842072 1.3918530269071618 0.069368403338979173 -0.46585045405224845 0.32854334369007765 0.11662677412804727 -3.421788702545169 -0.024554613603164147
leaf_weight=106 223 20 60 189 77 1906 4856 62 582 4609 2660 2090 1491 79 39390
leaf_count=106 223 20 60 189 77 1906 4856 62 582 4609 2660 2090 1491 79 39390
internal_value=5.99612e-05 0.0900558 -1.10717 -0.205772 -3.02304 0.16588 0.195497 -2.23294 -0.0127482 -0.179363 -0.126529 0.0162177 0.475489 -1.44345 -0.00674877
internal_weight=58400 7276 432 295 137 6844 6762 82 51124 7571 7269 43553 2073 302 41480
internal_count=58400 7276 432 295 137 6844 6762 82 51124 7571 7269 43553 2073 302 41480
is_linear=0
shrinkage=0.0940712


Tree=520
num_leaves=15
num_cat=0
split_feature=29 8 57 31 23 46 39 29 40 23 25 29 27 26
split_gain=8039.72 78191.5 70175.5 105605 68894.6 68577 43128.9 37692.4 18036.6 47536.4 29014.1 20005.2 85592.4 20550.5
threshold=15.885003409926147 62.45000000000001 -14.499999999999998 89.34285714285717 69.500000000000014 104.50000000000001 382.50000000000006 12.165525060595508 48.88633645625584 78.500000000000014 118.50000000000001 26.514147167124481 360.50000000000006 325.50000000000006
decision_type=2 2 10 2 10 8 2 2 2 10 8 2 10 8
left_child=1 2 5 -4 6 -1 -3 -6 9 10 -2 12 -10 -13
right_child=8 4 3 -5 7 -7 -8 -9 11 -11 -12 13 -14 -15
leaf_value=-1.9743149141932634 -3.4895235421859696 3.9811553253381211 0.49887093013278494 -1.9598816090001774 2.3397278544582982 0.36985709313580795 -1.2282983437085588 9.1992334567618013 0.36086908253771777 3.5734826955977108 -0.36661391031626023 0.015292132084740851 -2.0684173309567715 -0.1791814369992166
leaf_weight=122 49 20 239 433 15 1038 39 15 2781 14.999999999999998 56 48104 133 5341
leaf_count=122 49 20 239 433 15 1038 39 15 2781 15 56 48104 133 5341
internal_value=3.05347e-05 -0.189144 -0.322331 -1.0861 2.5093 0.120884 0.592647 6.05891 0.00647216 -1.13816 -1.85493 0.00894302 0.248901 -0.00414479
internal_weight=58400 1921 1832 672 89 1160 59 30 56479 120 105 56359 2914 53445
internal_count=58400 1921 1832 672 89 1160 59 30 56479 120 105 56359 2914 53445
is_linear=0
shrinkage=0.0940712


Tree=521
num_leaves=15
num_cat=0
split_feature=63 50 1 44 56 51 18 8 63 48 2 56 33 71
split_gain=7574.3 55164.1 72748.2 71483.3 67494.9 58372.7 51257.4 41021.1 16551.9 41350.5 44365.7 11783.8 40511.2 15435.3
threshold=291.50000000000006 136.86907195074664 121.19000000000001 383.50000000000006 45.500000000000007 315.32142857142861 -0.24999999999999994 18.850000000000005 290.50000000000006 84.342555397896334 64.745000000000019 409.50000000000006 323.50000000000006 598.50000000000011
decision_type=2 2 2 10 8 2 2 2 2 2 2 10 2 2
left_child=8 2 3 -2 7 -6 -4 -3 11 -10 -11 13 -13 -1
right_child=1 4 6 -5 5 -7 -8 -9 9 10 -12 12 -14 -15
leaf_value=0.0047714211522643457 1.4212973825732615 -0.94176561032562056 -4.0851966379788305 6.4505562586643119 -0.3470627927806294 3.0768740817381421 1.1816079233768191 -6.2338136292486901 -4.8206219876699778 -1.8054644436670886 1.9360552335256822 -2.2253684161285143 0.53214846638930791 -0.74878014177763919
leaf_weight=57285 75 29 24 37 271 51 44 23 20 69 45 86 101 240
leaf_count=57285 75 29 24 37 271 51 44 23 20 69 45 86 101 240
internal_value=5.04825e-05 0.345742 1.69143 3.14971 -0.305916 0.207079 -0.725422 -3.39833 -0.00326732 -1.04152 -0.321252 -0.000826327 -0.743271 0.0016051
internal_weight=58400 554 180 112 374 322 68 52 57846 134 114 57712 187 57525
internal_count=58400 554 180 112 374 322 68 52 57846 134 114 57712 187 57525
is_linear=0
shrinkage=0.0940712


Tree=522
num_leaves=13
num_cat=0
split_feature=63 63 23 34 49 67 37 55 18 22 25 64
split_gain=7522.58 53271.9 51156.4 43694.2 45253.2 42006.6 56419.7 25130.9 17816.3 9915.07 57287.1 21651.9
threshold=295.50000000000006 294.50000000000006 21.500000000000004 147.03571428571431 324.78571428571433 1.5000000000000002 144.73214285714289 219.50000000000003 -0.24999999999999994 1.0000000180025095e-35 9.5000000000000018 56.833333333333336
decision_type=2 2 10 2 2 2 2 10 2 2 8 2
left_child=1 9 -2 4 -4 7 -7 -3 -5 10 -1 -11
right_child=2 5 3 8 -6 6 -8 -9 -10 11 -12 -13
leaf_value=4.8353654712020608 3.639086971412179 1.9373699171291079 -1.0749245526325812 -1.6134772889355535 4.0384923207052204 1.3352529295064066 8.1302351556778873 -2.7666454063020409 -5.1270572700178993 -0.0021888436056625659 -0.8601051295372274 0.9893234169175098
leaf_weight=14.999999999999998 20 24 69 29 18 26 18 14.999999999999998 25 57668 279 194
leaf_count=15 20 24 69 29 18 26 18 15 25 57668 279 194
internal_value=2.87116e-05 0.00181456 -0.639006 -1.27992 0.0341471 2.36123 4.30115 0.0881648 -3.34078 -0.00161392 -0.545083 0.00115993
internal_weight=58400 58239 161 141 87 83 44 39 54 58156 294 57862
internal_count=58400 58239 161 141 87 83 44 39 54 58156 294 57862
is_linear=0
shrinkage=0.0940712


Tree=523
num_leaves=16
num_cat=0
split_feature=0 25 10 35 52 24 51 51 0 40 37 46 23 23 42
split_gain=7398.1 42873.8 78898.7 97987.3 97970.5 47723.3 80668.9 48105.6 35051.8 78819.2 125281 69574.4 34625.8 82279.3 74142.7
threshold=124.50000000000001 12.500000000000002 10.500000000000002 107.68193140656899 136.75174024933662 58.500000000000007 232.67857142857147 254.25000000000003 121.50000000000001 217.98742677586759 162.83928571428575 478.50000000000006 370.50000000000006 349.50000000000006 58.500000000000007
decision_type=2 8 2 2 2 8 2 2 2 2 2 10 10 10 2
left_child=8 2 3 -2 -4 6 -3 -7 12 11 -11 -10 13 -1 -14
right_child=1 5 4 -5 -6 7 -8 -9 9 10 -12 -13 14 -15 -16
leaf_value=0.013298764050089012 -2.7918369438771125 0.95784219073779231 0.58485512589458732 -0.1810049749142979 -1.2466360953308164 -0.37067172918698155 0.063994543644699253 0.0013905290036037511 0.58246375926818372 10.627574657959226 0.066042670451718105 -3.3104755348716077 4.3791307464258677 1.2588205909201411 -0.55068030601303153
leaf_weight=31063 251 1054 727 257 399 4150 5824 11859 897 15.999999999999998 23 41 26 475 1338
leaf_count=31063 251 1054 727 257 399 4150 5824 11859 897 16 23 41 26 475 1338
internal_value=5.98665e-05 -0.0392922 -0.504591 -1.47585 -0.0648525 -0.00603488 0.201174 -0.0950777 0.0285464 0.583371 4.6444 0.40695 0.0120405 0.0321232 -0.451718
internal_weight=58400 24521 1634 508 1126 22887 6878 16009 33879 977 39 938 32902 31538 1364
internal_count=58400 24521 1634 508 1126 22887 6878 16009 33879 977 39 938 32902 31538 1364
is_linear=0
shrinkage=0.0940712


Tree=524
num_leaves=15
num_cat=0
split_feature=25 36 46 64 45 43 21 59 45 61 55 27 25 58
split_gain=7621.56 67959.8 56862 80417.6 57037.3 56477.6 28346.1 74096.9 85183.7 69995.7 34803.7 111884 33336.7 9535.48
threshold=224.50000000000003 235.50000000000003 54.500000000000007 0.79253977914963925 243.50000000000003 178.50000000000003 -0.91023613416931226 3.9600000000000031 154.50000000000003 1.1046881681932554 326.50000000000006 32.500000000000007 222.50000000000003 1.2603601380396807
decision_type=10 2 8 2 10 10 2 2 10 2 10 10 10 2
left_child=6 5 3 -3 -4 -2 7 9 -9 -1 12 -12 -8 -7
right_child=1 2 4 -5 -6 13 10 8 -10 -11 11 -13 -14 -15
leaf_value=-0.65278313301542557 0.39398635126504666 0.57864445835761524 -2.4227898522996809 -4.5199834163017218 -0.012911983742315431 -3.6719282470270724 -0.00017180291115736143 -2.4755933602631415 -0.063505732620969271 0.42777158143508814 1.1891861312433554 -0.85533686424306288 1.3027704655754431 -7.3179495214491954
leaf_weight=592 24 50 86 58 11756 22 38496 181 447 4998 293 1209 173 14.999999999999998
leaf_count=592 24 50 86 58 11756 22 38496 181 447 4998 293 1209 173 15
internal_value=8.0206e-05 -0.0666994 -0.0504924 -2.18375 -0.030741 -3.15914 0.0173751 0.204257 -0.763326 0.313164 -0.0115557 -0.4556 0.00570649 -5.38978
internal_weight=58400 12011 11950 108 11842 61 46389 6218 628 5590 40171 1502 38669 37
internal_count=58400 12011 11950 108 11842 61 46389 6218 628 5590 40171 1502 38669 37
is_linear=0
shrinkage=0.0940712


Tree=525
num_leaves=13
num_cat=0
split_feature=21 0 8 8 69 31 11 35 0 38 37 38
split_gain=8248.58 60284.3 61990.1 66318.7 64654.5 10953 52348 121276 49721.9 38263.4 78133.4 71971.9
threshold=-0.99635443704902682 197.50000000000003 53.350000000000001 57.350000000000001 6.5000000000000009 148.50000000000003 47.500000000000007 129.23962963474602 34.500000000000007 127.90561065700295 158.51785714285717 119.34864005615165
decision_type=2 2 2 2 2 2 2 2 2 2 2 2
left_child=1 2 4 -4 -1 9 8 -8 -7 11 -11 -2
right_child=5 -3 3 -5 -6 6 7 -9 -10 10 -12 -13
leaf_value=0.57153352003163238 0.011243545392983363 -5.2997817000080403 -6.617833862864881 -0.83526150830998658 -1.0169201960527121 0.49995324631259647 -0.94671431079572266 0.74162905584575334 -0.047797874406743095 0.036912158346224133 -1.1904763232644311 0.44031791377288332
leaf_weight=681 30417 19 24 58 338 1601 1458 506 17277 1449 670 3902
leaf_count=681 30417 19 24 58 338 1601 1458 506 17277 1449 670 3902
internal_value=2.59189e-05 -0.252625 -0.158029 -2.62127 0.0437736 0.00497497 -0.0494115 -0.511426 -0.00130016 0.0360875 -0.351703 0.0600499
internal_weight=58400 1120 1101 82 1019 57280 20842 1964 18878 36438 2119 34319
internal_count=58400 1120 1101 82 1019 57280 20842 1964 18878 36438 2119 34319
is_linear=0
shrinkage=0.0940712


Tree=526
num_leaves=16
num_cat=0
split_feature=42 46 46 36 68 41 31 54 9 66 46 7 47 31 22
split_gain=7753.78 63953.7 85417.8 70276.5 47581.3 102610 97091.5 44257.3 78515.6 80468.9 64502.9 38869.6 30264.9 132486 44716.2
threshold=450.50000000000006 92.500000000000014 86.500000000000014 345.50000000000006 1.0000000180025095e-35 215.09128911202677 234.78571428571431 523.50000000000011 1.5000000000000002 1.0000000180025095e-35 349.50000000000006 205.50000000000003 366.83333333333343 93.500000000000014 399.50000000000006
decision_type=2 8 10 2 2 2 2 2 2 2 10 2 2 2 2
left_child=7 2 3 -2 5 -3 -6 12 10 -10 -9 -4 14 -14 -1
right_child=1 4 11 -5 6 -7 -8 8 9 -11 -12 -13 13 -15 -16
leaf_value=0.011988976182395717 -1.9380893245282182 -0.13944995445118435 -5.1596751579519937 0.40393098771878078 0.26666489310187325 -4.8288637145683948 2.8428494266410231 -3.6180326538420466 -2.3538252818212002 0.56499089441980233 0.4823073449100746 -0.61845211737183825 2.0561100499845235 -0.36480614679431189 1.2010539192928182
leaf_weight=46880 170 1393 52 333 4260 41 132 124 109 341 46 25 209 4005 280
leaf_count=46880 170 1393 52 333 4260 41 132 124 109 341 46 25 209 4005 280
internal_value=-6.94037e-06 0.0976319 -0.843031 -0.390905 0.191501 -0.278721 0.345103 -0.0120417 -0.801076 -0.147426 -2.5135 -3.72846 -0.00249281 -0.24399 0.0190909
internal_weight=58400 6406 580 503 5826 1434 4392 51994 620 450 170 77 51374 4214 47160
internal_count=58400 6406 580 503 5826 1434 4392 51994 620 450 170 77 51374 4214 47160
is_linear=0
shrinkage=0.0940712


Tree=527
num_leaves=15
num_cat=0
split_feature=32 33 57 52 5 38 64 5 45 45 64 5 57 56
split_gain=7315.91 42350.6 41662 68883.4 55289.5 33211.3 22639 49519.7 85340.8 82007.3 41406.6 104656 38971.7 17318.2
threshold=138.7117600634198 327.50000000000006 -55.499999999999993 140.81049731369316 68.25500000000001 109.97161430003435 0.11292220113851993 56.935000000000009 313.50000000000006 116.50000000000001 0.14976909489454981 44.185000000000009 374.50000000000006 -180.49999999999997
decision_type=2 2 8 2 2 2 2 2 10 8 2 2 10 8
left_child=6 5 3 -3 -4 -2 7 8 -1 -9 11 -8 -12 -7
right_child=1 2 4 -5 -6 13 10 9 -10 -11 12 -13 -14 -15
leaf_value=1.2340042375756821 0.93911482455707007 0.53837737231304938 -2.6766622417826119e-05 -0.34057486930314246 -0.62392393013573244 -0.77730457392229679 -0.64822278567753711 -4.515726116529108 -1.5655794015913465 -0.66721739034306227 0.0073968977453474118 1.4465190020288654 2.5229788816928691 -4.6632976467532528
leaf_weight=263 19 2062 3590 1276 1933 14.999999999999998 338 57 150 306 47745 557 53 36
leaf_count=263 19 2062 3590 1276 1933 15 338 57 150 306 47745 557 53 36
internal_value=-3.42329e-05 -0.0783898 -0.0599569 0.202345 -0.218523 -2.35775 0.0141114 -0.489473 0.214835 -1.28863 0.0221548 0.65554 0.0102712 -3.5798
internal_weight=58400 8931 8861 3338 5523 70 49469 776 413 363 48693 895 47798 51
internal_count=58400 8931 8861 3338 5523 70 49469 776 413 363 48693 895 47798 51
is_linear=0
shrinkage=0.0940712


Tree=528
num_leaves=16
num_cat=0
split_feature=52 48 1 8 48 42 2 56 52 59 23 2 46 42 52
split_gain=7876.47 47215.3 70212.7 133321 81684.6 53827.7 78772.2 55038.1 37978.2 96340.9 105107 92363.7 58134.9 76592.1 51353.5
threshold=124.67291271153739 176.50023607160816 39.570000000000007 6.5500000000000007 185.04864225386794 66.500000000000014 64.405000000000015 -194.49999999999997 130.03423048913359 4.2950000000000026 192.50000000000003 16.815000000000001 499.50000000000006 422.50000000000006 131.05201970206124
decision_type=2 2 2 2 2 2 2 8 2 2 8 2 10 2 2
left_child=1 5 3 -3 -4 6 -1 -7 9 10 -2 -11 14 -14 -10
right_child=8 2 4 -5 -6 7 -8 -9 12 11 -12 -13 13 -15 -16
leaf_value=0.095277843528304651 -0.10319621736123816 1.9734080365275632 -1.3645139709775214 -3.1523659436524625 0.30125695019741178 -0.45270551199301756 3.0232150598537837 0.026242989923066978 -0.57388761826063228 6.268536158564701 0.75376185170009624 1.1432587020637002 -5.082762980982662 2.370349223274677 0.014543949151802373
leaf_weight=228 4678 57 391 195 773 2390 125 18921 1378 32 1735 455 41 15.999999999999998 26985
leaf_count=228 4678 57 391 195 773 2390 125 18921 1378 32 1735 455 41 16 26985
internal_value=-4.93067e-05 -0.0427873 -0.568762 -1.98745 -0.259263 -0.0083642 1.14119 -0.0274937 0.0278751 0.225821 0.128756 1.49925 -0.0201888 -2.98109 -0.0140702
internal_weight=58400 23080 1416 252 1164 21664 353 21311 35320 6900 6413 487 28420 57 28363
internal_count=58400 23080 1416 252 1164 21664 353 21311 35320 6900 6413 487 28420 57 28363
is_linear=0
shrinkage=0.0940712


Tree=529
num_leaves=16
num_cat=0
split_feature=22 59 8 59 23 5 61 23 22 33 25 38 35 69 51
split_gain=7792.72 58457.6 104979 82662.1 70110.9 62194.6 56608.1 52437 31977.2 74943.3 63756.6 43104.7 33985.9 87562.5 52137.4
threshold=34.500000000000007 -1.8749999999999998 51.95000000000001 -4.2349999999999985 11.500000000000002 53.305000000000007 3.5350474942679337 138.50000000000003 37.500000000000007 184.50000000000003 379.50000000000006 109.8133547597793 70.914454685006206 8.5000000000000018 225.96428571428575
decision_type=2 2 2 2 8 2 2 8 2 2 10 2 2 2 2
left_child=1 2 3 -1 6 -6 -3 -4 9 11 -11 -2 13 -10 -14
right_child=8 4 7 -5 5 -7 -8 -9 12 10 -12 -13 14 -15 -16
leaf_value=0.6083871775460824 -0.5609214159307051 1.4573777942834683 -1.1735117027586148 -0.53119415408907944 0.43819963377698412 -0.13404026821154222 -1.5000803551655331 -4.011636374313813 0.54247757339332003 1.0703892323088193 -3.6238450322682474 -4.6704370877433643 -0.39650209896692479 -0.95319803144027526 0.012675103974634547
leaf_weight=746 89 66 153 2284 3369 3351 382 93 2374 748 25 29 2951 404 41336
leaf_count=746 89 66 153 2284 3369 3351 382 93 2374 748 25 29 2951 404 41336
internal_value=-3.04736e-05 -0.0736611 -0.402776 -0.250413 0.0767918 0.152862 -1.06055 -2.26551 0.0160043 0.573805 0.911408 -1.61975 0.00542303 0.324505 -0.0146
internal_weight=58400 10444 3276 3030 7168 6720 448 246 47956 891 773 118 47065 2778 44287
internal_count=58400 10444 3276 3030 7168 6720 448 246 47956 891 773 118 47065 2778 44287
is_linear=0
shrinkage=0.0940712


Tree=530
num_leaves=16
num_cat=0
split_feature=48 52 39 2 48 47 47 52 37 71 1 2 2 32 23
split_gain=7771.27 47872.5 94271.4 74711.4 71531.1 53459.3 51581 46151 89613 98241.8 87316 42939.5 34529.1 66523 47511.5
threshold=145.36620419307431 122.55007945306038 312.50000000000006 64.745000000000019 147.48446244116181 164.16666666666671 152.50000000000003 159.08060884294954 161.12500000000003 161.50000000000003 117.27500000000002 12.075000000000001 14.185 56.041863593766955 8.5000000000000018
decision_type=2 2 2 2 2 2 2 2 2 2 2 2 2 2 10
left_child=7 2 4 -4 -2 6 -3 12 10 -10 -9 -7 13 -1 -14
right_child=1 5 3 -5 -6 11 -8 8 9 -11 -12 -13 14 -15 -16
leaf_value=-1.4546410489006267 6.6695716927914646 2.156779281925941 -0.76897055387041457 0.14354951416664766 0.91730039323621027 -0.84202330973701878 -3.3429377152643527 -2.1261249158054403 7.1877942511238704 0.0091221790637190294 0.01614833100980562 0.15680041571881456 0.45359663514694998 0.56122312533238461 -0.05398760242288711
leaf_weight=157 19 18 2000 1315 293 389 69 351 23 54 322 15360 1711 1680 34639
leaf_count=157 19 18 2000 1315 293 389 69 351 23 54 322 15360 1711 1680 34639
internal_value=-6.1984e-05 0.0484705 -0.259727 -0.407055 1.29947 0.119085 -2.18568 -0.0243256 -0.754345 2.25525 -1.10329 0.13204 -0.00995432 0.387779 -0.0300736
internal_weight=58400 19463 3627 3315 312 15836 87 38937 750 77 673 15749 38187 1837 36350
internal_count=58400 19463 3627 3315 312 15836 87 38937 750 77 673 15749 38187 1837 36350
is_linear=0
shrinkage=0.0940712


Tree=531
num_leaves=16
num_cat=0
split_feature=27 27 24 34 26 25 9 11 27 44 55 1 24 26 24
split_gain=7841.24 67679.2 66888 82860.4 67067.2 46995.6 56579.4 47546.5 41423 96641.3 84288.1 61204.6 33646.3 66757.2 43257.5
threshold=168.50000000000003 170.50000000000003 42.500000000000007 126.46428571428574 78.500000000000014 382.50000000000006 2.5000000000000004 29.500000000000004 156.50000000000003 477.50000000000006 350.50000000000006 229.30500000000004 337.50000000000006 14.500000000000002 333.50000000000006
decision_type=10 10 10 2 10 10 2 2 10 10 10 2 10 8 10
left_child=8 2 3 -2 -4 7 -7 -3 12 10 -10 -11 14 -14 -1
right_child=1 5 4 -5 -6 6 -8 -9 9 11 -12 -13 13 -15 -16
leaf_value=0.013460448971733784 0.13106039826602425 0.20125421515615349 2.6837752851639602 6.566935258519055 -0.7976764344320012 -1.8584314118391505 0.016008389872831128 -0.11119536287274916 -0.40548819378586282 -4.6880397830190415 3.9357692006646268 0.81764602364454797 -2.0688827604700335 -0.20105968059534379 1.6728542501243764
leaf_weight=35933 30 9310 81 42 119 252 325 8022 1636 72 39 23 182 2196 138
leaf_count=35933 30 9310 81 42 119 252 325 8022 1636 72 39 23 182 2196 138
internal_value=-3.07816e-05 0.0512328 1.51971 3.94674 0.621552 0.0287921 -0.805226 0.0566347 -0.0232087 -0.467961 -0.300762 -3.36211 -0.00271311 -0.34533 0.0198846
internal_weight=58400 18181 272 72 200 17909 577 17332 40219 1770 1675 95 38449 2378 36071
internal_count=58400 18181 272 72 200 17909 577 17332 40219 1770 1675 95 38449 2378 36071
is_linear=0
shrinkage=0.0940712


Tree=532
num_leaves=16
num_cat=0
split_feature=52 32 55 11 10 41 16 16 52 6 46 31 52 3 48
split_gain=7907.9 67953.6 124054 70956 62033.5 84289 65472.6 35588.5 29251.2 77355.2 93577.1 69402.4 31538.9 110720 36355.4
threshold=148.49558767981111 35.379903716484655 21.500000000000004 31.500000000000004 15.500000000000002 159.88220709771301 -0.8783796973249266 1.0000000180025095e-35 145.79414962737843 6.5000000000000009 124.50000000000001 178.21428571428575 145.29455681849123 1.0000000180025095e-35 185.92650872475903
decision_type=2 2 8 2 2 2 2 2 2 2 8 2 2 2 2
left_child=8 2 3 -2 6 -6 -3 -4 12 10 -10 -11 14 -14 -1
right_child=1 4 7 -5 5 -7 -8 -9 9 11 -12 -13 13 -15 -16
leaf_value=-0.030497817456269928 9.1592621481809662 -0.64596980934525428 1.8802159239663669 1.1475055247402788 0.030710397036307582 -1.0294972182201823 0.50181391848766843 -3.2428244172687033 2.6390187755781627 -1.0092785180326991 -0.058175787831827759 0.78207813868400888 -2.1344252975421303 1.5061711015191468 0.25984658545326306
leaf_weight=43921 26 511 22 15.999999999999998 3005 850 3100 23 136 1271 659 224 91 367 4178
leaf_count=43921 26 511 22 16 3005 850 3100 23 136 1271 659 224 91 367 4178
internal_value=-1.24164e-05 0.0897911 2.68031 6.26059 0.0590332 -0.203347 0.339145 -0.756453 -0.013357 -0.341792 0.407341 -0.740254 0.00214025 0.777752 -0.00526753
internal_weight=58400 7553 87 42 7466 3855 3611 45 50847 2290 795 1495 48557 458 48099
internal_count=58400 7553 87 42 7466 3855 3611 45 50847 2290 795 1495 48557 458 48099
is_linear=0
shrinkage=0.0940712


Tree=533
num_leaves=16
num_cat=0
split_feature=61 61 27 10 61 31 46 24 2 41 8 36 27 52 22
split_gain=7794.75 72545.3 111943 112637 98732.7 81353.8 81287.9 54155.2 111718 89812.8 78268.8 54774.4 60921 51422.1 43627.4
threshold=1.419061381778145 1.4547608789314952 74.500000000000014 3.5000000000000004 1.4722813238770687 110.61904761904763 275.50000000000006 388.50000000000006 31.305000000000003 138.07113577745363 10.450000000000001 212.50000000000003 53.500000000000007 148.49558767981111 327.50000000000006
decision_type=2 2 10 2 2 2 8 10 2 2 2 2 10 2 2
left_child=7 2 5 -4 6 -2 -3 11 10 -10 -9 12 -1 -13 -6
right_child=1 4 3 -5 14 -7 -8 8 9 -11 -12 13 -14 -15 -16
leaf_value=-0.24926129530165636 -5.1004945845930214 0.083422237076784311 -4.0475652130951332 0.36111063477202621 -0.022081159780570021 -1.4557822860137588 2.5714329197903494 5.9101952599215739 3.0998424671006855 -0.47282484208032599 1.321352975511231 -0.064791370909668008 2.3750031689126647 0.42499920634336069 3.2743201733498992
leaf_weight=137 66 227 55 548 39457 288 237 57 75 332 78 14447 180 2182 34
leaf_count=137 66 227 55 548 39457 288 237 57 75 332 78 14447 180 2182 34
internal_value=9.57285e-06 -0.0224579 -0.831188 -0.0502136 -0.00305234 -2.15507 1.35887 0.0525752 0.976847 0.194551 3.30521 0.0229186 1.2448 -0.00048128 -0.0191106
internal_weight=58400 40912 957 603 39955 354 464 17488 542 407 135 16946 317 16629 39491
internal_count=58400 40912 957 603 39955 354 464 17488 542 407 135 16946 317 16629 39491
is_linear=0
shrinkage=0.0940712


Tree=534
num_leaves=13
num_cat=0
split_feature=35 58 25 2 2 1 34 38 1 34 31 35
split_gain=8026.42 48687.4 59038.1 63214.4 57147.2 47940.9 15377.8 47669.1 52887.2 10370.5 72512.1 31682.3
threshold=46.608116149019303 0.9999999884892089 123.50000000000001 40.285000000000004 46.645000000000003 110.42500000000003 64.678571428571431 102.98882021752951 141.62500000000003 93.171428571428592 135.78571428571431 70.914454685006206
decision_type=2 2 10 2 2 2 2 2 2 2 2 2
left_child=1 4 3 -3 -1 -6 7 8 -2 10 -8 -11
right_child=6 2 -4 -5 5 -7 9 -9 -10 11 -12 -13
leaf_value=-1.3986728594130107 4.2708675876882287 0.98537637572060488 4.1115558370502372 -2.3647797699334308 8.1823533413375227 0.74469165646418223 -0.11409707802817289 -2.7323075205921548 -0.14967947181704802 0.40961103709143915 -4.4448926878990118 -0.0024439383523576939
leaf_weight=23 45 69 17 171 15.000000000000002 14.999999999999998 3432 22 49 1703 33 52806
leaf_count=23 45 69 17 171 15 15 3432 22 49 1703 33 52806
internal_value=2.90198e-05 -0.476163 -1.01319 -1.40094 2.08006 4.68834 0.00258515 1.07739 2.00042 0.000403426 -0.157363 0.0104388
internal_weight=58400 310 257 240 53 30 58090 116 94 57974 3465 54509
internal_count=58400 310 257 240 53 30 58090 116 94 57974 3465 54509
is_linear=0
shrinkage=0.0940712


Tree=535
num_leaves=14
num_cat=0
split_feature=55 67 59 33 36 26 55 61 57 25 29 42 55
split_gain=7756.62 84511.2 99517.1 71831.8 64458.3 55865.3 30570 66415.5 86842.3 41338.3 16220.2 69889.1 32093.7
threshold=-258.49999999999994 1.0000000180025095e-35 -4.8749999999999991 442.50000000000006 164.50000000000003 17.500000000000004 -249.49999999999997 1.1001165501165504 -105.49999999999999 88.500000000000014 153.58439586182226 78.500000000000014 -228.49999999999997
decision_type=8 2 2 2 2 8 8 2 8 10 2 2 8
left_child=1 2 -1 -4 -3 -6 7 9 -9 -2 12 -12 -8
right_child=6 4 3 -5 5 -7 10 8 -10 -11 11 -13 -14
leaf_value=7.1985105805354079 0.80196033529227262 5.2021395821513874 0.24081961505328267 2.8938843968920795 -1.5026906683001624 -0.24469901518700451 -0.530815996605842 -0.73672505164269375 1.9703552419634878 -4.3611746374226072 1.7735010982941479 0.081333475127220653 -0.0054288824045834365
leaf_weight=18 22 17 1224 96 341 3569 1052 155 318 33 221 7339 43995
leaf_count=18 22 17 1224 96 341 3569 1052 155 318 33 221 7339 43995
internal_value=4.4739e-05 -0.108848 0.536397 0.437056 -0.328853 -0.355 0.0108399 0.722008 1.08349 -2.32856 0.0036785 0.131173 -0.0177192
internal_weight=58400 5265 1338 1320 3927 3910 53135 528 473 55 52607 7560 45047
internal_count=58400 5265 1338 1320 3927 3910 53135 528 473 55 52607 7560 45047
is_linear=0
shrinkage=0.0940712


Tree=536
num_leaves=11
num_cat=0
split_feature=29 55 52 55 30 49 1 58 22 22
split_gain=8251.14 29986 31537.8 24548.5 10775.6 58767.8 71343.2 64276 25174.5 25130
threshold=238.62907020697114 374.50000000000006 114.32589094450033 -369.49999999999994 444.50000000000006 298.9285714285715 29.405000000000005 3.5327141547187577 442.50000000000006 436.50000000000006
decision_type=2 10 2 8 2 2 2 2 2 2
left_child=4 2 -2 -4 8 7 -7 -6 9 -1
right_child=1 -3 3 -5 5 6 -8 -9 -10 -11
leaf_value=-0.0040321143168795719 2.404697757930359 2.5498737349058138 1.0881638874583068 -1.805080758497563 1.409264447425824 -2.9655877679284521 0.098309672515205351 -4.2616749850840838 -2.7476770547494849 1.7126519109423848
leaf_weight=57025 21 23 30 154 401 75 552 17 28 74
leaf_count=57025 21 23 30 154 401 75 552 17 28 74
internal_value=7.28779e-05 -0.562796 -0.929269 -1.32749 0.00229621 0.301423 -0.274441 1.16333 -0.00318146 -0.00175832
internal_weight=58400 228 205 184 58172 1045 627 418 57127 57099
internal_count=58400 228 205 184 58172 1045 627 418 57127 57099
is_linear=0
shrinkage=0.0940712


Tree=537
num_leaves=16
num_cat=0
split_feature=32 44 27 1 17 27 39 27 32 61 16 57 39 67 31
split_gain=7720.22 56167.3 112333 112801 86626.8 51676.4 83714.4 68127.7 32101.9 89780.8 135897 104728 39302.3 71116.6 18918.2
threshold=59.286431432648016 472.50000000000006 216.50000000000003 108.12500000000001 -0.22252093395631442 196.50000000000003 440.50000000000006 150.50000000000003 60.070593392076539 1.3304659365596174 -0.8783796973249266 -25.499999999999996 239.50000000000003 1.0000000180025095e-35 72.642857142857153
decision_type=2 10 8 2 2 10 2 10 2 2 2 8 2 2 2
left_child=1 5 4 -4 -3 7 -7 -1 9 11 -11 -2 13 -10 -14
right_child=8 2 3 -5 -6 6 -8 -9 12 10 -12 -13 14 -15 -16
leaf_value=-0.17932572063883534 -1.6596132026254007 5.8832219481686616 -7.7473606444956724 1.5011491608053635 1.02218771941994 -0.024586049337110082 1.8960488134995486 -1.3346906320263816 3.2673833447407619 -5.3609742534342217 1.3296918683516177 7.6408981797708364 0.44685891110710291 0.090347135680885649 -0.0070435972965648243
leaf_weight=3421 14.999999999999998 50 19 26 90 995 250 519 90 31 152 32 824 196 51690
leaf_count=3421 15 50 19 26 90 995 250 519 90 31 152 32 824 196 51690
internal_value=5.96819e-05 -0.107404 1.49626 -2.52992 2.80491 -0.16508 0.362874 -0.332018 0.010947 1.11614 0.159851 4.71213 0.00609748 1.10287 8.92812e-05
internal_weight=58400 5370 185 45 140 5185 1245 3940 53030 230 183 47 52800 286 52514
internal_count=58400 5370 185 45 140 5185 1245 3940 53030 230 183 47 52800 286 52514
is_linear=0
shrinkage=0.0940712


Tree=538
num_leaves=16
num_cat=0
split_feature=35 34 45 35 6 32 34 35 29 1 8 35 63 56 32
split_gain=7615.02 58626.7 65302.6 54907.4 48641.5 65896.5 49043 38258.7 71954.5 167818 82176.8 43816.4 97350.8 31040.7 24354.6
threshold=118.90333362424261 121.43650793650795 485.50000000000006 141.92577575646294 15.500000000000002 149.46579477336499 132.89285714285717 115.88238874812311 133.1646849949669 93.575000000000017 0.55000000000000016 114.48015566642685 1.0000000180025095e-35 232.50000000000003 116.82006920762163
decision_type=2 2 10 2 2 2 2 2 2 2 2 2 2 10 2
left_child=7 2 3 -2 6 -6 -3 11 10 -10 -9 13 -13 -1 -4
right_child=1 4 14 -5 5 -7 -8 8 9 -11 -12 12 -14 -15 -16
leaf_value=0.046482758895869634 -0.39744579514358197 0.43238235994818558 -6.0686236438952132 -3.2651914111163833 0.83985213961277017 -0.48472138906799511 -0.12093734088198554 -3.4663753916720248 2.5376334780495498 -0.039395466632915516 0.13864791532794055 0.57760071718302508 -1.0920555781983798 -0.23230871665936972 -1.2590314146315604
leaf_weight=32684 1086 1590 25 61 1208 457 12961 56 383 534 2004 467 907 3961 15.999999999999998
leaf_count=32684 1086 1590 25 61 1208 457 12961 56 383 534 2004 467 907 3961 16
internal_value=7.12838e-05 -0.0520591 -0.689499 -0.5543 -0.00528995 0.476101 -0.0604271 0.0222064 0.346875 1.03929 0.0380349 -0.003226 -0.524464 0.0163358 -4.30972
internal_weight=58400 17404 1188 1147 16216 1665 14551 40996 2977 917 2060 38019 1374 36645 41
internal_count=58400 17404 1188 1147 16216 1665 14551 40996 2977 917 2060 38019 1374 36645 41
is_linear=0
shrinkage=0.0940712


Tree=539
num_leaves=15
num_cat=0
split_feature=26 10 18 53 36 43 34 26 25 28 37 30 71 53
split_gain=7544.51 74309.6 88819.4 63681.7 56260.4 55418.3 42368.4 16039.8 72049.6 97497.6 61211.5 13829.3 62941.7 46180.2
threshold=1.5000000000000002 18.500000000000004 0.68301270189221941 190.50000000000003 416.50000000000006 451.50000000000006 112.25000000000001 8.5000000000000018 103.50000000000001 228.83333333333334 107.90097402597404 218.50000000000003 505.50000000000006 188.50000000000003
decision_type=8 2 2 2 2 10 2 8 10 2 2 2 2 2
left_child=1 2 3 -1 -4 6 -3 8 10 -10 -2 13 -13 -9
right_child=7 5 4 -5 -6 -7 -8 11 9 -11 -12 12 -14 -15
leaf_value=1.6784965327460202 0.78435401262349858 1.160480118280043 -2.7163856378602689 7.298606756477116 3.4481852676029363 3.4550108151050605 -1.8481242994457008 -0.0097622707990411388 0.015696694126783144 3.367644829986066 -1.1702523078837577 0.027689296251535697 0.88496021224472665 -0.50369215689480751
leaf_weight=237 170 51 63 18 14.999999999999998 23 199 24597 949 82 823 28600 777 1796
leaf_count=237 170 51 63 18 15 23 199 24597 949 82 823 28600 777 1796
internal_value=3.37492e-05 0.329802 1.27048 2.11771 -1.4849 -0.817863 -1.23047 -0.00343068 -0.26347 0.287104 -0.834794 0.00601151 0.0504136 -0.043406
internal_weight=58400 606 333 255 78 273 250 57794 2024 1031 993 55770 29377 26393
internal_count=58400 606 333 255 78 273 250 57794 2024 1031 993 55770 29377 26393
is_linear=0
shrinkage=0.0940712


Tree=540
num_leaves=16
num_cat=0
split_feature=29 31 53 10 51 23 34 51 59 43 18 53 58 53 50
split_gain=8795.07 50700.1 57406.5 51548.1 49981.7 55106.6 41175.6 28726.6 80437.1 58060.9 50425.9 28088.6 86772.8 45040.2 21771
threshold=120.30031807102812 79.357142857142875 161.50000000000003 22.500000000000004 340.10714285714295 5.5000000000000009 111.89285714285715 344.46428571428578 -4.5400000000000036 100.50000000000001 -0.24999999999999994 42.500000000000007 0.99999993359882511 43.500000000000007 136.29310150491133
decision_type=2 2 2 2 2 8 2 2 2 8 2 2 2 2 2
left_child=7 2 3 -2 6 -6 -3 11 10 -10 -9 12 -1 -13 -4
right_child=1 4 14 -5 5 -7 -8 8 9 -11 -12 13 -14 -15 -16
leaf_value=1.5650184750520004 -1.732561230885856 0.40649511346133438 -6.5309183441568717 2.2948621759543881 -5.4105750141267324 -0.67480547021902593 -0.058452094600749391 8.1224698845890728 5.5605831994225268 0.22944564879448373 1.3524936194974684 1.3211510925852668 -0.28047168038487419 0.034723036538387875 -1.7281962249551357
leaf_weight=235 111 1892 23 36 21 646 15343 18 17 709 21 241 4805 34267 14.999999999999998
leaf_count=235 111 1892 23 36 21 646 15343 18 17 709 21 241 4805 34267 15
internal_value=7.13093e-05 -0.0544254 -1.59721 -0.73165 -0.0383372 -0.836385 -0.00737224 0.0245263 0.5949 0.366119 4.6726 0.013467 -0.193939 0.0437703 -4.78133
internal_weight=58400 18087 185 147 17902 667 17235 40313 765 726 39 39548 5040 34508 38
internal_count=58400 18087 185 147 17902 667 17235 40313 765 726 39 39548 5040 34508 38
is_linear=0
shrinkage=0.0940712


Tree=541
num_leaves=16
num_cat=0
split_feature=53 3 54 39 46 11 29 27 53 35 21 41 11 0 52
split_gain=7555.25 53854.4 84352.3 115802 71202.3 57615 92092.4 58211.2 30367.4 85892.9 135214 89246 34131.2 125599 36554.8
threshold=78.500000000000014 12.500000000000002 437.50000000000006 393.50000000000006 333.50000000000006 50.500000000000007 95.296029997756662 8.5000000000000018 80.500000000000014 72.402492182780136 0.5163939593874618 143.31591252115123 50.500000000000007 86.500000000000014 124.08324261831054
decision_type=2 2 2 2 10 2 2 8 2 2 2 2 2 2 2
left_child=1 5 4 -4 -3 7 -7 -1 9 10 -2 -11 14 -14 -10
right_child=8 2 3 -5 -6 6 -8 -9 12 11 -12 -13 13 -15 -16
leaf_value=-0.83845963697549353 6.9660611563532466 -0.30866790040029302 0.13676339081467737 -4.0068430809273439 0.29977671780980686 0.026235260251865976 2.6658601969912938 0.18162664799947811 -0.11358911097442234 -1.968225633657843 -3.108669101844844 0.40345829349052836 0.63348605141748693 -1.1149583371051455 0.078423595054932599
leaf_weight=518 29 4713 122 115 2662 265 208 10488 14205 339 18 238 587 950 22943
leaf_count=518 29 4713 122 115 2662 265 208 10488 14205 339 18 238 587 950 22943
internal_value=7.60494e-05 0.0486278 -0.145369 -1.88638 -0.0890162 0.177285 1.19222 0.133492 -0.0235016 -0.673698 3.12916 -0.99129 -0.0129837 -0.447158 0.00499489
internal_weight=58400 19091 7612 237 7375 11479 473 11006 39309 624 47 577 38685 1537 37148
internal_count=58400 19091 7612 237 7375 11479 473 11006 39309 624 47 577 38685 1537 37148
is_linear=0
shrinkage=0.0940712


Tree=542
num_leaves=16
num_cat=0
split_feature=29 46 39 58 44 54 33 32 28 61 28 30 2 2 21
split_gain=7935.44 53520.7 77819.6 67027.1 48079.2 117792 74692.9 37698.2 26014 77852.6 81771.1 45012 43339.6 88516 69178.4
threshold=120.30031807102812 54.500000000000007 380.50000000000006 1.3988830853944034 323.50000000000006 515.50000000000011 241.50000000000003 116.09971083715024 158.50000000000003 5.8583959899749383 178.83333333333334 243.50000000000003 79.265000000000015 74.545000000000016 -0.98182534576205283
decision_type=2 8 2 2 8 2 2 2 2 2 2 2 2 2 2
left_child=8 2 7 -4 6 -6 -3 -2 12 10 -10 -11 13 -1 -14
right_child=1 4 3 -5 5 -7 -8 -9 9 11 -12 -13 14 -15 -16
leaf_value=-0.027484660396290564 -6.239712892200334 -2.3456928816945481 -1.6150419239493807 3.4072383509959727 -0.29708689347213779 1.9835233532030552 0.11178954515065054 -1.6973220109290839 0.63730891030657921 1.2068656204625212 -0.0035467442432820734 -4.4126084656001785 -0.96840223835594785 -0.74251773480858585 0.25460128225605172
leaf_weight=22984 35 109 77 32 6737 205 10860 32 2573 15.999999999999998 5581 49 433 1640 7037
leaf_count=22984 35 109 77 32 6737 205 10860 32 2573 16 5581 49 433 1640 7037
internal_value=6.89283e-05 -0.0516959 -1.67689 -0.112173 -0.0355743 -0.22929 0.0870274 -4.16012 0.0232982 0.17261 0.198743 -3.03159 -0.0149419 -0.0751563 0.183505
internal_weight=58400 18087 176 109 17911 6942 10969 67 40313 8219 8154 65 32094 24624 7470
internal_count=58400 18087 176 109 17911 6942 10969 67 40313 8219 8154 65 32094 24624 7470
is_linear=0
shrinkage=0.0940712


Tree=543
num_leaves=15
num_cat=0
split_feature=0 64 7 8 2 50 1 64 8 51 24 10 2 10
split_gain=7315.29 56214.4 102026 49294.8 61198.9 60323.5 98747.5 72059 56610.8 46980.2 83192.8 40781.1 40637.5 37894.3
threshold=85.500000000000014 0.22677087777032931 206.50000000000003 23.750000000000004 10.335000000000003 172.4187869528831 116.11500000000002 5.2204861111111116 21.250000000000004 357.46428571428578 66.500000000000014 23.500000000000004 99.045000000000016 9.5000000000000018
decision_type=2 2 2 2 2 2 2 2 2 2 8 2 2 2
left_child=3 2 11 4 13 7 -7 -5 -6 12 -11 -2 -3 -1
right_child=1 9 -4 5 8 6 -8 -9 -10 10 -12 -13 -14 -15
leaf_value=0.6676523698289587 -0.92389690918399736 0.019500685598178625 7.3828053254011179 -0.13118143282231581 0.018424916715032415 -3.2108138211421204 0.4336196476555606 -1.6840943165977755 0.805576411471849 4.4127067219105021 0.4612437378804391 3.8326183599013874 -0.93089996323616242 -4.2629348566248932
leaf_weight=19 53 36163 24 6050 13884 151 115 275 857 55 287 21 401 45
leaf_count=19 53 36163 24 6050 13884 151 115 275 857 55 287 21 401 45
internal_value=3.43954e-05 0.025353 2.25765 -0.0437465 0.0515206 -0.25772 -1.64141 -0.199118 0.0642767 0.0193267 1.11425 0.475558 0.00903481 -2.8162
internal_weight=58400 37004 98 21396 14805 6591 266 6325 14741 36906 342 74 36564 64
internal_count=58400 37004 98 21396 14805 6591 266 6325 14741 36906 342 74 36564 64
is_linear=0
shrinkage=0.0940712


Tree=544
num_leaves=16
num_cat=0
split_feature=53 50 27 54 30 69 56 29 53 67 9 47 71 49 54
split_gain=7206.94 77213 79219.9 77319.6 86059.3 76400.5 68856.1 40235.2 23776.1 56962 101753 77039.8 21566.4 68132.2 44812.4
threshold=26.500000000000004 164.43148812082936 123.50000000000001 357.50000000000006 134.50000000000003 6.5000000000000009 83.500000000000014 151.38912314719954 27.500000000000004 1.5000000000000002 4.5000000000000009 215.50000000000003 58.500000000000007 286.58571428571435 78.500000000000014
decision_type=2 2 8 2 2 2 8 2 2 2 2 2 2 2 2
left_child=1 3 7 6 -5 -4 -1 -3 9 11 -11 -2 13 -10 -14
right_child=8 2 5 4 -6 -7 -8 -9 12 10 -12 -13 14 -15 -16
leaf_value=0.55525262614654847 1.9639119102131133 -4.1814008333201054 -1.7515574918809127 -1.2307056047952387 3.9321233036595773 3.9648209475946499 -0.66559773824629298 -0.26563180231274242 -1.0666558909512418 1.8367096685440638 -3.3018866730445056 -3.2174709467270701 0.54951464320875076 0.77050789364154004 -0.0080685747399286134
leaf_weight=1332 31 86 48 39 99 34 588 32 558 119 46 119 1305 261 53703
leaf_count=1332 31 86 48 39 99 34 588 32 558 119 46 119 1305 261 53703
internal_value=4.88963e-05 0.164773 -1.5925 0.336687 2.47471 0.646933 0.181064 -3.13789 -0.00657837 -0.81954 0.38585 -2.13662 -0.00196624 -0.48068 0.00517236
internal_weight=58400 2258 200 2058 138 82 1920 118 56142 315 165 150 55827 819 55008
internal_count=58400 2258 200 2058 138 82 1920 118 56142 315 165 150 55827 819 55008
is_linear=0
shrinkage=0.0940712


Tree=545
num_leaves=16
num_cat=0
split_feature=8 29 43 45 11 37 47 55 8 40 0 45 23 54 41
split_gain=7365.71 46278.1 46244.6 52827 47537.5 44493.9 49407.1 37329.7 22066.1 82523.9 82413.3 57095.8 27362.3 55119.3 45266.4
threshold=3.0500000000000003 200.92701814995269 494.50000000000006 498.50000000000006 40.500000000000007 124.01785714285715 322.83333333333343 69.500000000000014 4.1500000000000012 78.138143716078005 109.50000000000001 419.50000000000006 81.500000000000014 480.50000000000006 84.360243763184272
decision_type=2 2 10 10 2 2 2 10 2 2 2 10 8 2 2
left_child=1 2 3 -1 -4 7 -7 -3 9 11 -11 -2 13 -10 -14
right_child=8 5 4 -5 -6 6 -8 -9 12 10 -12 -13 14 -15 -16
leaf_value=-0.029488178356353048 -2.5777968996070046 -5.439002097355865 -3.2236538869546369 4.1728905337123594 2.4147655479252554 -1.884768692356213 0.77260655438004855 0.13488633810091163 0.048485509892563117 0.91398986180964581 -0.14327592684431673 2.0705990910542775 1.0116516986264064 0.77341786391082934 -0.073166204465383203
leaf_weight=7806 134 34 70 25 14.999999999999998 138 110 14.999999999999998 18042 1339 1270 27 343 977 28055
leaf_count=7806 134 34 70 25 15 138 110 15 18042 1339 1270 27 343 977 28055
internal_value=3.83642e-05 -0.0825359 -0.0391489 -0.015227 -2.20157 -1.23226 -0.708129 -3.77874 0.0135561 0.271558 0.399511 -1.78507 -0.00152154 0.0857921 -0.0600041
internal_weight=58400 8213 7916 7831 85 297 248 49 50187 2770 2609 161 47417 19019 28398
internal_count=58400 8213 7916 7831 85 297 248 49 50187 2770 2609 161 47417 19019 28398
is_linear=0
shrinkage=0.0940712


Tree=546
num_leaves=16
num_cat=0
split_feature=35 44 43 49 1 58 25 36 46 43 39 38 3 22 52
split_gain=7162.12 100064 86949.2 87399.5 78136.3 58748.9 47535.8 43519.6 110601 103358 79475 28826.9 69833.4 25997.3 15808.4
threshold=66.779796411466734 457.50000000000006 426.50000000000006 240.35714285714286 127.29500000000002 1.3818493948099408 58.500000000000007 212.50000000000003 128.50000000000003 422.50000000000006 326.50000000000006 67.536286249683897 7.5000000000000009 97.500000000000014 100.82388627532171
decision_type=2 10 10 2 2 2 8 2 8 10 2 2 2 2 2
left_child=1 2 3 -1 -4 6 -3 8 10 -10 -2 12 -9 -7 -13
right_child=7 5 4 -5 -6 13 -8 11 9 -11 -12 14 -14 -15 -16
leaf_value=0.3817359037491499 1.1232361153450461 -0.96197204791793489 3.317336254547139 -0.84342280378704637 -0.33196413690176646 3.2107500604179999 -5.8734084458545475 -1.3784723904625262 0.98129952264890608 -4.727551011420168 8.6831041378404965 -0.20322798392232699 4.5276681656380848 -2.0646050528640654 0.010504620345987283
leaf_weight=1062 24 27 122 998 89 15.000000000000002 52 31 252 30 25 3251 38 14.999999999999998 52369
leaf_count=1062 24 27 122 998 89 15 52 31 252 30 25 3251 38 15 52369
internal_value=3.22976e-05 -0.15974 -0.0251238 -0.21194 1.78633 -2.92333 -4.24756 0.00682669 1.07975 0.350842 5.13184 0.000417144 1.90061 0.597423 -0.00199118
internal_weight=58400 2380 2271 2060 211 109 79 56020 331 282 49 55689 69 30 55620
internal_count=58400 2380 2271 2060 211 109 79 56020 331 282 49 55689 69 30 55620
is_linear=0
shrinkage=0.0940712


Tree=547
num_leaves=16
num_cat=0
split_feature=34 57 30 2 24 51 1 32 34 1 10 61 34 49 41
split_gain=7811.95 49773.6 74096.3 83278.7 62681.5 74802.7 59894.1 57314.3 42402.6 88035.2 147408 73475 27933 95440.1 29981.7
threshold=106.67857142857143 -210.49999999999997 204.50000000000003 14.555000000000001 240.50000000000003 224.96428571428575 16.215000000000003 124.89481288495885 113.89285714285715 18.635000000000002 24.500000000000004 1.5316987289591208 115.43650793650795 280.21428571428578 91.185300132726141
decision_type=2 8 2 2 10 2 2 2 2 2 2 2 2 2 2
left_child=1 2 3 -1 6 -6 -3 -4 9 10 -2 -11 13 -10 -14
right_child=8 4 7 -5 5 -7 -8 -9 12 11 -12 -13 14 -15 -16
leaf_value=6.9181867571790177 0.91725634461175098 -1.0385130900970492 5.9245554926629724 0.071784751371862826 -4.532225719117303 -0.69180169511632339 -0.017182998873094643 -0.63704290837767141 0.12340967329442357 0.84193408730034136 6.5465298805274861 -0.069240297994866806 2.4947975272820559 -1.8685450883286445 -0.0031691111084101893
leaf_weight=14.999999999999998 248 541 40 312 57 196 8010 15.999999999999998 671 1079 48 2844 41 310 43972
leaf_count=15 248 541 40 312 57 196 8010 16 671 1079 48 2844 41 310 43972
internal_value=4.37724e-05 -0.0795776 0.968 0.417609 -0.125328 -1.58002 -0.0819925 4.08119 0.014912 0.300014 1.8601 0.181576 -0.0118282 -0.507897 -0.000750859
internal_weight=58400 9187 383 327 8804 253 8551 56 49213 4219 296 3923 44994 981 44013
internal_count=58400 9187 383 327 8804 253 8551 56 49213 4219 296 3923 44994 981 44013
is_linear=0
shrinkage=0.0940712


Tree=548
num_leaves=16
num_cat=0
split_feature=48 47 45 10 38 47 7 49 27 43 26 40 64 39 47
split_gain=7371.71 68991.7 132793 160268 97563.9 94562.9 134688 46007.7 91926.6 101368 85635.6 88785.2 85045.8 78544 43384.2
threshold=92.582395695447389 166.16666666666671 472.50000000000006 6.5000000000000009 84.237162053873845 181.16666666666671 205.50000000000003 224.07142857142858 56.500000000000007 316.50000000000006 25.500000000000004 132.13092483403662 0.36209297858034778 405.50000000000006 401.16666666666669
decision_type=2 2 8 2 2 2 2 2 8 10 8 2 2 2 2
left_child=7 2 4 -4 -2 6 -3 8 9 -1 12 -12 -9 -10 -7
right_child=1 5 3 -5 -6 14 -8 10 13 -11 11 -13 -14 -15 -16
leaf_value=-0.58236231102931502 -3.8228457467553367 1.4860982180991194 -5.102968488418866 4.4453181885275699 -0.75960133070646629 -0.017878910309320564 -0.85034920152870386 -0.61308517973146837 0.99091188740722291 4.672489174744638 -0.39198373116720364 0.093917857341476535 0.85029628961421555 -0.033363775668766964 -1.0592040181966216
leaf_weight=1018 101 806 18 77 914 36196 298 446 1798 32 5740 7914 1638 1048 356
leaf_count=1018 101 806 18 77 914 36196 298 446 1798 32 5740 7914 1638 1048 356
internal_value=7.71266e-05 -0.0237061 -0.754124 2.5816 -1.06994 -0.00214156 0.855002 0.0470401 0.336396 -0.415394 -0.0246093 -0.110362 0.536831 0.613881 -0.0280692
internal_weight=58400 38766 1110 95 1015 37656 1104 19634 3896 1050 15738 13654 2084 2846 36552
internal_count=58400 38766 1110 95 1015 37656 1104 19634 3896 1050 15738 13654 2084 2846 36552
is_linear=0
shrinkage=0.0940712


Tree=549
num_leaves=14
num_cat=0
split_feature=1 0 49 38 43 8 38 1 46 57 23 69 29
split_gain=7221.72 59086.8 62607 117318 46379.3 43299.4 42584.8 17925.5 70905.5 65864.9 12338.5 52850 10645.4
threshold=-3.3849999999999993 89.500000000000014 241.7571428571429 117.3653990951133 180.50000000000003 34.95000000000001 118.78721082239902 1.9850000000000001 62.500000000000007 236.50000000000003 1.0000000180025095e-35 8.5000000000000018 15.885003409926147
decision_type=2 2 2 2 8 2 2 2 8 10 8 2 2
left_child=1 4 5 -4 -1 -3 -6 8 -2 -10 11 -9 -12
right_child=7 2 3 -5 6 -7 -8 10 9 -11 12 -13 -14
leaf_value=1.1262378848761196 -5.4955476401402841 -4.2333574377305219 3.9935691834508837 -2.3302012990427734 -1.9025251099725911 1.6454025418307958 -6.7651224315494805 -0.17849762577390155 0.48569873073726078 5.07071032574044 -0.21889551143774358 -4.3142747881358048 0.0080449867011569802
leaf_weight=28 14.999999999999998 30 75 38 62 15.999999999999998 21 262 459 28 1890 29 55447
leaf_count=28 15 30 75 38 62 16 21 262 459 28 1890 29 55447
internal_value=6.71101e-05 -0.483915 0.67716 1.86311 -2.13452 -2.19903 -3.23651 0.0023302 0.561158 0.764935 -0.00255065 -0.611911 0.000556386
internal_weight=58400 270 159 113 111 46 83 58130 502 487 57628 291 57337
internal_count=58400 270 159 113 111 46 83 58130 502 487 57628 291 57337
is_linear=0
shrinkage=0.0940712


Tree=550
num_leaves=15
num_cat=0
split_feature=44 46 29 40 27 7 57 14 49 47 46 34 51 34
split_gain=7266.77 66545.2 114434 95312.8 55699.6 70237.7 64476.8 9027.65 49962.1 104411 65333.4 49187.2 65030.3 59883.7
threshold=494.50000000000006 88.500000000000014 123.97042639872204 126.64792104377351 192.50000000000003 206.50000000000003 -107.49999999999999 2022.5000000000002 301.21428571428578 259.50000000000006 459.50000000000006 166.03571428571431 261.46428571428578 165.58571428571432
decision_type=10 10 2 2 10 2 10 2 2 2 10 2 2 2
left_child=7 2 3 -2 5 -3 -6 8 10 -10 -1 13 -13 -9
right_child=1 4 -4 -5 6 -7 -8 11 9 -11 -12 12 -14 -15
leaf_value=0.16489572906325586 1.1486896752041067 0.15396210390040033 -3.206272485947474 9.2465934636101821 3.2443195256909338 -2.3596749919331348 -0.35450008472516731 -0.083033403795128524 -1.0673633437807788 -0.038252066766899483 -0.43418811093484427 2.241686558133984 0.18439925376069058 -2.3834204011849831
leaf_weight=18607 26 389 18 25 87 130 87 24472 988 7375 1762 139 4196 99
leaf_count=18607 26 389 18 25 87 130 87 24472 988 7375 1762 139 4196 99
internal_value=2.72154e-05 0.288331 3.04051 5.27741 0.00790382 -0.480605 1.45704 -0.00378981 0.0335491 -0.160022 0.113037 -0.0409082 0.251178 -0.092458
internal_weight=58400 762 69 51 693 519 174 57638 28732 8363 20369 28906 4335 24571
internal_count=58400 762 69 51 693 519 174 57638 28732 8363 20369 28906 4335 24571
is_linear=0
shrinkage=0.0940712


Tree=551
num_leaves=16
num_cat=0
split_feature=44 67 55 28 54 26 26 32 21 32 23 45 42 58 51
split_gain=7708.72 55395.2 70636.4 95700.3 83011.8 50253.1 88102 75308 36571.2 87891.6 109097 84749 41326 91734.1 55277.5
threshold=239.50000000000003 1.0000000180025095e-35 -240.49999999999997 67.500000000000014 231.50000000000003 284.50000000000006 282.50000000000006 85.526520522679576 0.91023613416931248 160.87950237884573 34.500000000000007 239.50000000000003 84.500000000000014 0.99999997886058589 202.75000000000003
decision_type=10 2 8 2 2 8 10 2 2 2 10 8 2 2 2
left_child=1 2 3 -1 -4 6 -3 -7 12 11 -11 -10 13 -2 -14
right_child=8 5 4 -5 -6 7 -8 -9 9 10 -12 -13 14 -15 -16
leaf_value=3.712215509402411 -1.2390077950857672 -0.068554314799929794 -0.29427222818555304 0.62949647936368225 0.42902413767649894 0.13811327695030545 3.5561679312596506 -0.85691085372957998 -0.33021612213830781 -1.2699621400354428 4.3242556937245817 0.54314287943121708 -1.554907602780516 0.61496523207140752 -0.028242495895858016
leaf_weight=103 268 15935 2647 612 2987 1078 58 1788 1597 44 97 2553 210 1908 26515
leaf_count=103 268 15935 2647 612 2987 1078 58 1788 1597 44 97 2553 210 1908 26515
internal_value=4.04908e-05 -0.0391743 0.201129 1.08088 0.0891909 -0.120091 -0.0550552 -0.482733 0.0298268 0.286039 2.58287 0.207029 -0.00822257 0.385844 -0.0403336
internal_weight=58400 25208 6349 715 5634 18859 15993 2866 33192 4291 141 4150 28901 2176 26725
internal_count=58400 25208 6349 715 5634 18859 15993 2866 33192 4291 141 4150 28901 2176 26725
is_linear=0
shrinkage=0.0940712


Tree=552
num_leaves=13
num_cat=0
split_feature=55 43 67 1 71 55 1 38 59 49 41 35
split_gain=8675.13 73825.7 62932.7 99092.4 66006.5 23424.7 119600 148312 63570.4 17757.4 65277.5 61350.4
threshold=-258.49999999999994 318.50000000000006 1.0000000180025095e-35 126.09500000000001 43.500000000000007 -249.49999999999997 72.555000000000021 92.130916744082143 -2.1249999999999996 264.21428571428578 137.22372630278804 65.77895452059424
decision_type=8 10 2 2 2 8 2 2 2 2 2 2
left_child=1 -1 3 -3 -4 6 7 -2 -8 10 -7 -11
right_child=5 2 4 -5 -6 9 8 -9 -10 11 -12 -13
leaf_value=5.6532358557929019 8.9917261924124947 1.1686747849255801 -3.1991948898142644 -0.45624643200375364 -0.27470322993442159 0.036094993580117848 1.9356152489349712 1.4451761092555453 -1.0404579517145183 -0.85358538804742201 -0.33184906593835833 0.072007697293691872
leaf_weight=18 26 720 68 614 3845 16619 81 147 274 646 5739 29603
leaf_count=18 26 720 68 614 3845 16619 81 147 274 646 5739 29603
internal_value=5.73666e-05 -0.115103 -0.136591 0.421019 -0.326813 0.0114737 0.634006 2.65035 -0.355554 0.00520448 -0.0583623 0.0521934
internal_weight=58400 5265 5247 1334 3913 53135 528 173 355 52607 22358 30249
internal_count=58400 5265 5247 1334 3913 53135 528 173 355 52607 22358 30249
is_linear=0
shrinkage=0.0940712


Tree=553
num_leaves=15
num_cat=0
split_feature=42 48 47 43 49 39 38 26 48 53 8 22 46 28
split_gain=7752.15 46143.5 86532.8 84447.2 76801.5 48438.6 46341.5 42219.3 15531.4 77201.3 79794.3 13056.5 67409.5 47833.6
threshold=60.500000000000007 54.836119483421079 170.16666666666671 114.50000000000001 206.61904761904765 479.50000000000006 112.9980304877006 89.500000000000014 235.74845351207156 175.50000000000003 1.8500000000000003 17.500000000000004 361.50000000000006 18.416666666666668
decision_type=2 2 2 8 2 2 2 8 2 2 2 2 8 2
left_child=1 3 4 6 -3 -4 -1 -5 11 10 -10 12 -2 -13
right_child=8 2 5 7 -6 -7 -8 -9 9 -11 -12 13 -14 -15
leaf_value=-2.0741113172839394 0.39179539985970446 0.14212660724780121 0.20248749573434477 1.9061538051631488 -2.7117204700530859 -4.9305653104600387 3.7111725268060103 9.065006427605498 7.3647840305948611 -4.5675172067613712 0.79631595077934902 2.4023657517188126 -0.35153108532148297 -0.014611714342690714
leaf_weight=39 3307 135 918 15.000000000000002 216 14.999999999999998 15.999999999999998 14.999999999999998 17 19 144 71 1601 51872
leaf_count=39 3307 135 918 15 216 15 16 15 17 19 144 71 1601 51872
internal_value=8.50348e-05 -0.220999 -0.3624 1.88154 -1.61796 0.111728 -0.332898 5.76096 0.00540017 0.874079 1.55473 0.00262363 0.14926 -0.0112334
internal_weight=58400 1369 1284 85 351 933 55 30 57031 180 161 56851 4908 51943
internal_count=58400 1369 1284 85 351 933 55 30 57031 180 161 56851 4908 51943
is_linear=0
shrinkage=0.0940712


Tree=554
num_leaves=14
num_cat=0
split_feature=22 22 56 52 57 49 55 27 10 0 45 64 41
split_gain=8199.68 77454.6 156651 79647.5 57612.6 78612.6 78133.3 70199.8 61230.2 62873.1 54802.4 37943.1 31799.4
threshold=50.500000000000007 51.500000000000007 190.50000000000003 157.65510414607914 -9.4999999999999982 280.64285714285717 -49.499999999999993 226.50000000000003 30.500000000000004 58.500000000000007 132.50000000000003 3.6698717948717952 66.497452039581944
decision_type=2 2 10 2 10 2 10 10 2 2 10 2 2
left_child=4 2 3 -2 8 6 -6 -7 10 -10 -1 12 -3
right_child=1 11 -4 -5 5 7 -8 -9 9 -11 -12 -13 -14
leaf_value=0.45409317047243702 1.2601339332289012 -2.2607312797052317 8.1746177105525177 -5.3025718219177618 0.37198658599288864 -1.7284519233624493 -0.81430304416516452 0.48978932771090217 -4.0088025592901486 -0.53064005672825365 -0.043752930648567306 4.1528833568644767 0.011739129046374176
leaf_weight=2442 243 53 27 15.999999999999998 1140 599 861 159 62 169 9818 18 42793
leaf_count=2442 243 53 27 16 1140 599 861 159 62 169 9818 18 42793
internal_value=0.000105943 0.0210635 1.5598 0.824885 -0.0591814 -0.448103 -0.13863 -1.26293 0.0267583 -1.48536 0.0554451 0.0107373 0.00884288
internal_weight=58400 43150 286 259 15250 2759 2001 758 12491 231 12260 42864 42846
internal_count=58400 43150 286 259 15250 2759 2001 758 12491 231 12260 42864 42846
is_linear=0
shrinkage=0.0940712


Tree=555
num_leaves=16
num_cat=0
split_feature=55 57 8 57 47 32 64 31 55 31 34 45 55 38 31
split_gain=7897.7 67848.2 69205.3 97990.1 68552 53825.1 45698 44955.4 37266.1 114451 159361 102095 51615.5 81703.5 24598.7
threshold=-212.49999999999997 141.50000000000003 51.350000000000001 40.500000000000007 168.16666666666671 110.08340993339898 0.29471141622171376 94.214285714285737 -170.49999999999997 101.92857142857144 113.07738095238096 397.50000000000006 -158.49999999999997 97.968647125160132 150.92857142857147
decision_type=8 8 2 10 2 2 2 2 8 2 2 8 8 2 2
left_child=1 2 4 -4 -1 7 -7 -3 9 11 -11 -2 13 -10 -14
right_child=8 5 3 -5 -6 6 -8 -9 12 10 -12 -13 14 -15 -16
leaf_value=-2.047419725037837 -0.12376074533011344 0.56921460867055262 -0.52024109441969657 -3.921930558734819 0.072528578976967129 4.1072310321969843 -1.3917322110812451 -4.9789087105279393 -2.1111792003305938 2.646617507358954 0.33757643455293029 -2.8893068567519138 0.057356525550612131 -0.17347162998502322 -0.087205776416926103
leaf_weight=136 492 15.999999999999998 526 86 7199 14.999999999999998 68 59 258 299 2213 154 30245 748 15886
leaf_count=136 492 16 526 86 7199 15 68 59 258 299 2213 154 30245 748 15886
internal_value=9.63404e-05 -0.0860682 -0.0474796 -1.00723 0.0327775 -2.00673 -0.338962 -3.80619 0.0139864 0.326748 0.613942 -0.788612 -0.00697484 -0.673045 0.00757002
internal_weight=58400 8105 7947 612 7335 158 83 75 50295 3158 2512 646 47137 1006 46131
internal_count=58400 8105 7947 612 7335 158 83 75 50295 3158 2512 646 47137 1006 46131
is_linear=0
shrinkage=0.0940712


Tree=556
num_leaves=16
num_cat=0
split_feature=22 8 46 42 69 5 25 2 64 8 53 1 48 1 38
split_gain=7417.27 53690.6 87391.9 73847.1 64040.2 49962.8 92778.8 69809.2 31736.7 76988 55193.8 49058.7 22666.5 98825.8 49017.8
threshold=34.500000000000007 0.35000000000000003 189.50000000000003 132.50000000000003 4.5000000000000009 53.305000000000007 5.5000000000000009 48.775000000000013 5.014705882352942 12.250000000000002 78.500000000000014 111.62500000000001 72.505172229297031 57.585000000000008 115.42414879768803
decision_type=2 2 8 2 2 2 8 2 2 2 2 2 2 2 2
left_child=1 2 4 -4 -1 7 -7 -3 12 10 -10 -11 13 -2 -14
right_child=8 5 3 -5 -6 6 -8 -9 9 11 -12 -13 14 -15 -16
leaf_value=9.4826117734528523 0.59051389667035015 -0.0033446460433239826 -2.7992571777638862 2.2640229184851046 1.9480284186514247 1.8352984729849966 -0.37001078686654026 1.1477541524752246 3.3486010508924866 8.2283068962640353 -3.5789800022963036 1.3702638257435351 -0.096342469376511336 -0.04387822272930663 0.13591610336799878
leaf_weight=17 3007 4465 41 62 24 173 5143 519 14.999999999999998 18 25 19 25253 7823 11796
leaf_count=17 3007 4465 41 62 24 173 5143 519 15 18 25 19 25253 7823 11796
internal_value=5.99674e-05 -0.0717707 1.72227 0.235631 5.30836 -0.0971219 -0.297701 0.11682 0.0157079 1.90492 -0.949894 4.90797 0.012605 0.132312 -0.0223878
internal_weight=58400 10444 144 103 41 10300 5316 4984 47956 77 40 37 47879 10830 37049
internal_count=58400 10444 144 103 41 10300 5316 4984 47956 77 40 37 47879 10830 37049
is_linear=0
shrinkage=0.0940712


Tree=557
num_leaves=16
num_cat=0
split_feature=2 23 11 41 38 23 10 63 2 1 39 71 5 38 5
split_gain=7210.96 54022.6 119723 104616 78638.7 57003.4 63199.3 56324.6 23082.1 71276.9 185988 65462.5 56427.2 111979 22631.1
threshold=95.615000000000023 204.50000000000003 8.5000000000000018 143.98198037483527 96.153027835179458 184.50000000000003 20.500000000000004 234.50000000000003 91.065000000000012 34.07500000000001 465.50000000000006 152.50000000000003 88.875000000000014 101.82377595231317 87.555000000000021
decision_type=2 10 2 2 2 10 2 2 2 2 2 2 2 2 2
left_child=8 5 3 -3 -4 6 -2 -7 12 10 -10 -11 14 -14 -1
right_child=1 2 4 -5 -6 7 -8 -9 9 11 -12 -13 13 -15 -16
leaf_value=-0.0029158588947622009 0.41751839926509898 -5.6563814257771927 3.6325933060671383 0.31654250418374769 0.85901389780858639 -2.8107786714514655 -0.69624732002316514 2.5775676778649306 -1.8340831490324394 -0.91521164907598418 4.5336450440183818 0.19791156761012962 1.6306575486363322 0.00042240189073727179 -0.54827306671240217
leaf_weight=50077 1308 41 110 66 489 110 686 19 461 606 43 2027 558 1118 681
leaf_count=50077 1308 41 110 66 489 110 686 19 461 606 43 2027 558 1118 681
internal_value=0.000113938 0.146579 0.858477 -2.01942 1.37668 -0.0905582 0.034039 -1.99484 -0.00734395 -0.255147 -1.27823 -0.0586227 0.00748629 0.544273 -0.0102518
internal_weight=58400 2829 706 107 599 2123 1994 129 55571 3137 504 2633 52434 1676 50758
internal_count=58400 2829 706 107 599 2123 1994 129 55571 3137 504 2633 52434 1676 50758
is_linear=0
shrinkage=0.0940712


Tree=558
num_leaves=15
num_cat=0
split_feature=37 21 16 43 63 58 66 59 37 53 59 38 20 39
split_gain=7321.25 71631.9 68309 86454.5 56529.6 82444.4 67933.5 37509.8 27061.9 70374.4 73667.1 19313.3 60624.3 21025.1
threshold=95.625000000000014 0.29696027566504685 0.87837969732492682 148.50000000000003 -98.499999999999986 1.1627471449595894 2.5000000000000004 3.2599999999999993 99.303571428571445 26.500000000000004 -4.0200000000000005 70.967347083178694 1.0000000180025095e-35 305.50000000000006
decision_type=2 2 2 10 2 2 2 2 2 2 2 2 2 2
left_child=1 2 3 -1 5 -3 -6 -4 9 -2 -11 12 -10 -13
right_child=8 4 7 -5 6 -7 -8 -9 11 10 -12 13 -14 -15
leaf_value=1.2836584840502498 5.7556301646331081 -0.38451594964625435 -4.0058435635820606 -1.2923847383965341 0.56587895701839275 4.2820847876209314 -1.8016914847529428 0.88365798851562039 -2.9987859397526027 3.4625881130883904 0.099065575697476621 0.26263550380027817 0.065450139132479754 -0.010727830726454696
leaf_weight=163 21 61 82 384 473 72 137 15.999999999999998 77 62 619 2610 209 53414
leaf_count=163 21 61 82 384 473 72 137 16 77 62 619 2610 209 53414
internal_value=0.000107703 -0.213235 -0.937486 -0.523053 0.415968 2.1612 0.0306971 -3.20495 0.0053096 0.585124 0.412695 -0.00193256 -0.770901 0.00201211
internal_weight=58400 1388 645 547 743 133 610 98 57012 702 681 56310 286 56024
internal_count=58400 1388 645 547 743 133 610 98 57012 702 681 56310 286 56024
is_linear=0
shrinkage=0.0940712


Tree=559
num_leaves=14
num_cat=0
split_feature=48 31 6 26 39 54 20 48 8 39 48 7 48
split_gain=7206.46 83304.9 75355.4 75148.3 65875.1 52120.6 49622.9 22948.2 102241 77612.8 15771.1 116273 20534.1
threshold=225.41147560258202 84.785714285714292 8.5000000000000018 196.50000000000003 352.50000000000006 170.50000000000003 0.98182534576205316 217.03263957697922 64.950000000000017 474.50000000000006 207.24783874405009 205.50000000000003 197.0448340647645
decision_type=2 2 2 8 2 2 2 2 2 2 2 2 2
left_child=7 3 6 5 -4 -2 -3 10 9 -9 12 -12 -1
right_child=1 2 4 -5 -6 -7 -8 8 -10 -11 11 -13 -14
leaf_value=-0.0055665176023764213 8.7820728637452099 -1.2910821376620274 4.0142180408854697 -1.7991304429243924 -0.091268053444703318 2.256832830326462 -6.1925277132810859 0.60311172285112291 7.6311210585335658 -3.7983166706373002 -0.86403065371306453 1.0551080103491024 0.31455771179761377
leaf_weight=53831 17 325 39 21 234 30 18 632 15.999999999999998 36 980 389 1832
leaf_count=53831 17 325 39 21 234 30 18 632 16 36 980 389 1832
internal_value=0.000113488 -0.303085 -0.650227 2.78381 0.514263 4.82611 -1.57556 0.00371703 0.544738 0.357416 -0.0027841 -0.318036 0.00497578
internal_weight=58400 684 616 68 273 47 343 57716 684 668 57032 1369 55663
internal_count=58400 684 616 68 273 47 343 57716 684 668 57032 1369 55663
is_linear=0
shrinkage=0.0940712


Tree=560
num_leaves=15
num_cat=0
split_feature=28 58 59 24 10 27 38 0 28 51 34 30 44 30
split_gain=7670.77 77562.7 85257.4 76747.4 76558.4 69001.9 71303.2 65646.4 20904.8 83674.8 77708.6 22181 69112.2 21553.7
threshold=55.833333333333336 1.0552425036547588 2.5199999999999974 54.500000000000007 8.5000000000000018 7.5000000000000009 99.663720293994245 139.50000000000003 58.500000000000007 326.89285714285717 98.964285714285737 70.500000000000014 257.50000000000006 72.500000000000014
decision_type=2 2 2 10 2 8 2 2 2 2 2 2 8 2
left_child=1 2 4 -4 -1 7 -7 -3 9 10 -2 12 -10 -13
right_child=8 5 3 -5 -6 6 -8 -9 11 -11 -12 13 -14 -15
leaf_value=0.22440923678950675 2.7094204252676914 -3.4067348662946579 -1.7954048233918551 1.478872497116041 -1.7245058075834581 0.72080762448184466 -0.13159440787918247 0.38430655273076042 -5.2942798673972087 6.0621826686632261 -0.17387366598088391 2.4642071424420866 0.96615679811122346 0.0051346832348749582
leaf_weight=241 99 93 86 228 680 1363 2387 70 26 22 465 30 35 52575
leaf_count=241 99 93 86 228 680 1363 2387 70 26 22 465 30 35 52575
internal_value=0.000129306 -0.109503 -0.75897 0.577249 -1.21488 0.0956671 0.178363 -1.78971 0.010733 0.568747 0.338096 0.00450506 -1.76574 0.00661256
internal_weight=58400 5148 1235 314 921 3913 3750 163 53252 586 564 52666 61 52605
internal_count=58400 5148 1235 314 921 3913 3750 163 53252 586 564 52666 61 52605
is_linear=0
shrinkage=0.0940712


Tree=561
num_leaves=15
num_cat=0
split_feature=26 1 1 5 6 44 57 26 24 33 44 26 24 26
split_gain=7241.13 82946.5 149262 80091.4 68359.5 64602.8 41910.2 24042.8 114643 76278.3 67283.8 17493.7 103031 28954.3
threshold=372.50000000000006 25.515000000000004 27.055000000000003 78.145000000000024 5.5000000000000009 486.50000000000006 110.50000000000001 348.50000000000006 150.50000000000003 386.50000000000006 472.50000000000006 339.50000000000006 144.50000000000003 327.50000000000006
decision_type=10 2 2 2 2 10 10 10 10 2 10 10 10 10
left_child=7 3 -3 4 -2 -4 -5 11 9 -9 -10 13 -13 -1
right_child=1 2 5 6 -6 -7 -8 8 10 -11 -12 12 -14 -15
leaf_value=0.0044030546413611933 -3.6731228127309583 8.7594675268391136 0.19756725505140885 -6.2054049926053576 0.54773640203571172 3.6722220873107774 -0.33961769500533945 -0.74516709475145626 1.3313933704673295 -3.4547289140211119 -2.9913697342787882 1.7578989456870295 -1.319144457725095 -0.63624721245577809
leaf_weight=54192 44 17 1927 39 132 47 14.999999999999998 492 310 112 34 257 152 630
leaf_count=54192 44 17 1927 39 132 47 15 492 310 112 34 257 152 630
internal_value=0.00012381 0.166662 0.362443 -1.51859 -0.529788 0.283198 -4.63363 -0.00646236 -0.475801 -1.25542 0.892192 0.00160443 0.613377 -0.00297474
internal_weight=58400 2221 1991 230 176 1974 54 56179 948 604 344 55231 409 54822
internal_count=58400 2221 1991 230 176 1974 54 56179 948 604 344 55231 409 54822
is_linear=0
shrinkage=0.0940712


Tree=562
num_leaves=16
num_cat=0
split_feature=38 44 36 46 38 35 11 52 38 25 43 25 41 44 32
split_gain=7931.56 74918.1 102691 78868.3 75574.8 107230 72683.7 67307.6 23368.2 95105.8 121546 74225.7 34994.6 59717.3 38940.2
threshold=89.866313849484342 453.50000000000006 337.50000000000006 70.500000000000014 88.542482253374189 99.446945930629667 24.500000000000004 98.799399939275688 97.384373848030194 208.50000000000003 488.50000000000006 196.50000000000003 98.751763727337391 453.50000000000006 27.075727406942615
decision_type=2 10 2 8 2 2 2 2 2 8 10 10 2 8 2
left_child=1 4 3 -3 7 -6 -4 -1 9 11 -11 -2 13 -10 -14
right_child=8 2 6 -5 5 -7 -8 -9 12 10 -12 -13 14 -15 -16
leaf_value=-0.78350065167008953 0.28176588841339467 3.3101171088221308 4.871788672312193 -1.9813375063207015 -0.25284476567337527 -2.7489490785647037 -0.52432349972289027 0.2221005923266493 -0.51626861304169502 -0.6338221105673183 6.1807517082438705 2.2577441582251692 3.9143546305598589 1.258534736882319 0.0051205600794912562
leaf_weight=660 5549 25 37 445 656 197 51 5369 2075 1387 22 172 21 181 41553
leaf_count=660 5549 25 37 445 656 197 51 5369 2075 1387 22 172 21 181 41553
internal_value=0.000103974 -0.0906147 -1.13739 -1.68958 -0.00548427 -0.833436 1.78847 0.111821 0.0133535 0.171276 -0.520607 0.341795 -0.0123388 -0.373047 0.00724518
internal_weight=58400 7440 558 470 6882 853 88 6029 50960 7130 1409 5721 43830 2256 41574
internal_count=58400 7440 558 470 6882 853 88 6029 50960 7130 1409 5721 43830 2256 41574
is_linear=0
shrinkage=0.0940712


Tree=563
num_leaves=16
num_cat=0
split_feature=26 56 57 8 1 56 8 21 26 23 1 1 46 52 64
split_gain=7659.7 45521.3 87979.8 97178 72869.7 40818.1 79771.9 72361 29803.4 92907.8 98309.3 59092.4 42904.9 87687.1 32994.1
threshold=158.50000000000003 -223.49999999999997 -91.499999999999986 73.65000000000002 48.335000000000008 2.5000000000000004 11.65 0.99635443704902704 150.50000000000003 6.5000000000000009 137.53500000000003 65.595000000000013 492.50000000000006 113.79253820957506 0.49656353330184227
decision_type=8 8 10 2 2 10 2 2 10 10 2 2 8 2 2
left_child=8 2 4 -4 -2 6 -3 -7 12 11 -11 -10 14 -14 -1
right_child=1 5 3 -5 -6 7 -8 -9 9 10 -12 -13 13 -15 -16
leaf_value=-0.14646216257979083 -1.2043139013227735 -0.49303774306655962 0.93707687104773429 6.6062003631850486 0.30949007729435313 0.15119356999585862 0.094271466631264497 -1.6942108127131774 6.9314655579671323 -1.3631368619922883 0.38803552872321168 0.33761869551267132 1.9481459832879533 -1.7864266532116311 0.056273478621641143
leaf_weight=9829 357 3634 1001 26 1306 10201 4681 190 22 694 478 25 68 279 25609
leaf_count=9829 357 3634 1001 26 1306 10201 4681 190 22 694 478 25 68 279 25609
internal_value=0.000131773 0.0449358 0.406655 1.09053 -0.0162307 -0.00710379 -0.162436 0.117189 -0.0257716 -0.48289 -0.649248 3.55033 -0.0101762 -1.04877 3.56613e-05
internal_weight=58400 21396 2690 1027 1663 18706 8315 10391 37004 1219 1172 47 35785 347 35438
internal_count=58400 21396 2690 1027 1663 18706 8315 10391 37004 1219 1172 47 35785 347 35438
is_linear=0
shrinkage=0.0940712


Tree=564
num_leaves=15
num_cat=0
split_feature=55 0 26 6 0 19 43 59 55 54 56 49 6 35
split_gain=7370.8 62729.2 73722.2 65872 61880.3 88507.2 61939.7 51231 20323.3 90180.5 69915.6 14807.1 65088.1 50080.2
threshold=-258.49999999999994 23.500000000000004 156.50000000000003 5.5000000000000009 26.500000000000004 -0.24999999999999994 318.50000000000006 -2.7099999999999969 -249.49999999999997 343.50000000000006 -272.49999999999994 264.21428571428578 18.500000000000004 65.77895452059424
decision_type=8 2 8 2 2 2 10 2 8 2 8 2 2 2
left_child=1 2 3 -1 5 -3 -6 -4 9 10 -2 12 -10 -13
right_child=8 4 7 -5 6 -7 -8 -9 11 -11 -12 13 -14 -15
leaf_value=0.44516085078098055 -1.9593680853478554 -2.1644151874419202 4.3739219430722116 -6.1932434052443348 5.1855705427992937 4.5258920008181693 -0.11810726292970641 -1.6168945195622748 -0.048579305211793149 7.4241089154437425 0.88292272977081021 -0.77062219352634953 -5.6215801541810002 0.065642384068176185
leaf_weight=18 92 24 17 46 18 56 5048 38 22341 14.999999999999998 421 646 17 29603
leaf_count=18 92 24 17 46 18 56 5048 38 22341 15 421 646 17 29603
internal_value=0.000147834 -0.106002 -2.22713 -4.35813 -0.0562665 2.51424 -0.0976459 0.302207 0.0106711 0.590529 0.36855 0.00483152 -0.0532147 0.04774
internal_weight=58400 5265 119 64 5146 80 5066 55 53135 528 513 52607 22358 30249
internal_count=58400 5265 119 64 5146 80 5066 55 53135 528 513 52607 22358 30249
is_linear=0
shrinkage=0.0940712


Tree=565
num_leaves=14
num_cat=0
split_feature=63 70 20 59 10 12 47 49 1 54 36 24 51
split_gain=7749.36 51612.4 57130.4 46023.2 41672.7 43176.6 9268.41 59981.7 46026.1 45883.3 110943 55344.4 41718
threshold=-152.49999999999997 3.5000000000000004 0.95297903005573359 -3.8699999999999934 23.500000000000004 9.5000000000000018 310.83333333333343 366.64285714285717 63.925000000000004 186.50000000000003 330.50000000000006 1.0000000180025095e-35 313.46428571428578
decision_type=2 2 2 2 2 2 2 2 2 2 2 8 2
left_child=1 4 3 -3 5 -1 7 12 -9 10 -8 -11 -2
right_child=6 2 -4 -5 -6 -7 9 8 -10 11 -12 -13 -14
leaf_value=-0.90263973777842776 0.0084832836753614155 1.8933815392975004 2.9379927083092077 -2.6113938739841918 4.3253097954526627 3.6754719416341111 -1.2093877194803573 -4.86812178516122 -0.82329556248365765 2.6792227977433019 -0.071841715947090004 0.019142223375107105 0.39106523642516283
leaf_weight=79 36682 22 22 148 25 22 959 35 81 68 3613 13937 2707
leaf_count=79 36682 22 22 148 25 22 959 35 81 68 3613 13937 2707
internal_value=0.000144614 -0.461831 -1.42837 -2.01576 1.00946 0.134115 0.00268846 0.0284595 -2.09324 -0.0521061 -0.310807 0.0323642 0.0347938
internal_weight=58400 318 192 170 126 101 58082 39505 116 18577 4572 14005 39389
internal_count=58400 318 192 170 126 101 58082 39505 116 18577 4572 14005 39389
is_linear=0
shrinkage=0.0940712


Tree=566
num_leaves=15
num_cat=0
split_feature=61 38 35 6 59 23 58 58 61 28 61 38 20 50
split_gain=8135.06 66731.9 118921 99222.4 91439.1 79318.9 76600.2 70706 58682.1 86027 80904.6 84500 80098.3 42294.1
threshold=1.419061381778145 103.94923338673799 100.14618435945654 7.5000000000000009 4.7200000000000024 148.50000000000003 1.4437048936359382 1.766381336012316 1.4547608789314952 57.166666666666679 1.4722813238770687 103.13225121533736 0.40966402954315223 138.75861191115197
decision_type=2 2 2 2 2 8 2 2 2 2 2 2 2 2
left_child=1 3 4 5 -3 -1 -5 -4 9 -2 11 -10 -11 -12
right_child=8 2 7 6 -6 -7 -8 -9 10 12 13 -13 -14 -15
leaf_value=-0.47639435806769959 -5.8377987181349038 -0.88952577175282876 -0.048457546437972475 0.90948764182295239 3.4277032660832663 0.58171210029604814 -0.16452797454254561 0.70126570457070758 -0.33698165764286758 -1.2391742064887616 0.052100760265034414 2.2521891075407772 0.58236178000887984 -0.15152455763707359
leaf_weight=1800 27 1749 8384 2503 43 960 767 1282 184 600 25529 280 330 13962
leaf_count=1800 27 1749 8384 2503 43 960 767 1282 184 600 25529 280 330 13962
internal_value=0.000144904 0.0538457 -0.0794556 0.307116 -0.782967 -0.108191 0.657573 0.0510623 -0.0228078 -0.750172 -0.00535421 1.22749 -0.592794 -0.0198907
internal_weight=58400 17488 11458 6030 1792 2760 3270 9666 40912 957 39955 464 930 39491
internal_count=58400 17488 11458 6030 1792 2760 3270 9666 40912 957 39955 464 930 39491
is_linear=0
shrinkage=0.0940712


Tree=567
num_leaves=16
num_cat=0
split_feature=39 61 5 55 56 71 1 71 61 34 24 50 71 68 22
split_gain=7581.62 43552.9 110006 80825.6 76840.3 64204.6 62333.6 47253.4 35344.9 83474.1 80920.8 57691.7 39996.5 58386.8 35866.1
threshold=388.50000000000006 1.0071346160371919 84.735000000000014 -76.499999999999986 114.50000000000001 104.50000000000001 12.435 311.50000000000006 1.0010204081632657 133.79285714285717 327.50000000000006 157.34221120855969 91.500000000000014 2.5000000000000004 186.50000000000003
decision_type=2 2 2 10 10 2 2 2 2 2 10 2 2 2 2
left_child=1 2 4 -4 -1 6 -3 -7 9 11 -11 -2 13 -10 -14
right_child=8 5 3 -5 -6 7 -8 -9 12 10 -12 -13 14 -15 -16
leaf_value=-0.20967547144203211 -4.2243063057531218 -2.7459891178151996 0.89914176846363858 8.5271849324354925 5.6567112187212238 0.08656646286863226 -0.41557125367108633 -0.2018792919176606 0.150041858633197 -0.60515228904705909 4.3321430556826996 1.1113398866595574 0.077249678570007113 1.2537251792159447 -0.15095764004754236
leaf_weight=235 83 105 23 26 20 15985 2215 7329 1747 234 32 22 21240 559 8545
leaf_count=235 83 105 23 26 20 15985 2215 7329 1747 234 32 22 21240 559 8545
internal_value=0.000129263 -0.0377858 1.07866 5.08751 0.281567 -0.0510958 -0.522873 -0.00411151 0.0304287 -0.880553 0.0101509 -3.10527 0.0410067 0.418309 0.0117707
internal_weight=58400 25938 304 49 255 25634 2320 23314 32462 371 266 105 32091 2306 29785
internal_count=58400 25938 304 49 255 25634 2320 23314 32462 371 266 105 32091 2306 29785
is_linear=0
shrinkage=0.0940712


Tree=568
num_leaves=16
num_cat=0
split_feature=53 58 50 8 6 59 50 59 24 3 20 37 56 45 28
split_gain=7469.31 52097.6 91490.9 96535.4 75127.5 53625.2 66961.6 66776.3 29429.4 96594.2 112471 94570.2 51785.9 69851.3 49362.3
threshold=78.500000000000014 2.5001873280992291 141.51644696568488 31.050000000000004 13.500000000000002 3.3400000000000012 84.854918197857415 2.7199999999999998 216.50000000000003 12.500000000000002 -0.060268340127661565 98.339285714285737 -174.49999999999997 56.500000000000007 34.833333333333336
decision_type=2 2 2 2 2 2 2 2 10 2 2 2 8 8 2
left_child=1 5 4 -4 -3 7 -7 -1 12 11 -11 -10 13 -2 -14
right_child=8 2 3 -5 -6 6 -8 -9 9 10 -12 -13 14 -15 -16
leaf_value=0.10690985318095711 3.6477773121090653 -1.5104440186963808 1.3266214657289945 -2.2296599924249834 0.66827314200361865 1.3063112484343165 -0.40546292381684929 0.87488351502950668 3.2942151392118313 0.76758336870271815 -0.30500344930314066 -0.47632803608948598 -0.85395186488036967 0.28828475024443412 -0.0076576224920390555
leaf_weight=13796 54 699 335 83 174 217 2708 1079 58 1657 1807 5132 623 3959 26019
leaf_count=13796 54 699 335 83 174 217 2708 1079 58 1657 1807 5132 623 3959 26019
internal_value=0.000151359 0.0484262 -0.528225 0.614499 -1.07564 0.0902994 -0.277797 0.162711 -0.0232918 -0.176471 0.208145 -0.433189 0.0199539 0.334924 -0.0275011
internal_weight=58400 19091 1291 418 873 17800 2925 14875 39309 8654 3464 5190 30655 4013 26642
internal_count=58400 19091 1291 418 873 17800 2925 14875 39309 8654 3464 5190 30655 4013 26642
is_linear=0
shrinkage=0.0940712


Tree=569
num_leaves=15
num_cat=0
split_feature=23 20 29 47 30 61 29 23 36 63 45 23 29 23
split_gain=7592.41 83535.5 80587.3 75226.1 62112.5 123295 56867.8 28452.8 114768 99225.2 82709.3 27930.2 167401 28748.2
threshold=286.50000000000006 0.99635443704902704 29.263173671584699 189.16666666666671 415.50000000000006 1.2266098451288232 20.420577856664725 264.50000000000006 452.50000000000006 262.50000000000006 359.50000000000006 254.50000000000003 136.49786320929377 232.50000000000003
decision_type=10 2 2 2 2 2 2 10 2 2 10 10 2 10
left_child=7 2 6 -4 5 -3 -2 11 9 -9 -10 13 -13 -1
right_child=1 4 3 -5 -6 -7 -8 8 10 -11 -12 12 -14 -15
leaf_value=-0.0057422333244982714 0.42716002694258548 -4.1928355575342087 2.6219960179163357 -0.20172132721844299 6.3716990148932746 2.8930588940871806 7.5151815914140592 -0.023927141846823766 1.3547747450523182 2.9126159075260234 6.6955651677197592 0.029924261101668626 -3.5791888324356158 0.35784610115215582
leaf_weight=47009 20 27 83 6595 24 90 19 1441 73 108 39 734 133 2005
leaf_count=47009 20 27 83 6595 24 90 19 1441 73 108 39 734 133 2005
internal_value=0.000153654 -0.0928194 -0.140631 -0.166002 2.16053 1.2231 4.03978 0.0125292 0.395363 0.183461 3.28212 -0.00022831 -0.529016 0.00913931
internal_weight=58400 6858 6717 6678 141 117 39 51542 1661 1549 112 49881 867 49014
internal_count=58400 6858 6717 6678 141 117 39 51542 1661 1549 112 49881 867 49014
is_linear=0
shrinkage=0.0940712


Tree=570
num_leaves=16
num_cat=0
split_feature=3 39 1 8 50 1 23 39 1 23 0 23 8 46 11
split_gain=8126 51832.4 74601.9 77241.9 44127.4 93017.9 64529 33972.4 90421.2 97040.3 43379.5 38832.5 81252.8 48062.3 33859.5
threshold=7.5000000000000009 482.50000000000006 203.88500000000002 28.350000000000005 160.71003168802358 91.545000000000016 135.50000000000003 480.50000000000006 69.815000000000012 30.500000000000004 71.500000000000014 110.50000000000001 85.750000000000014 357.50000000000006 15.500000000000002
decision_type=2 2 2 2 2 2 8 2 2 10 2 10 2 10 2
left_child=1 4 3 -3 6 -6 -1 11 9 -9 -10 13 -13 -2 -4
right_child=7 2 14 -5 5 -7 -8 8 10 -11 -12 12 -14 -15 -16
leaf_value=-0.12657148990950567 -0.046182705673834132 -0.86573526019676339 -1.3076984569378545 -4.460993292329861 1.1201128524681421 -0.051212358790103274 0.21127311881771019 -3.1047107361277537 -1.3354751148396296 3.1392108410377486 0.56096133829066641 -0.12121250955743734 -2.0261898441331776 0.29202444612331557 2.4945182397223657
leaf_weight=11911 12308 186 30 73 1026 1441 8624 24 157 169 325 16541 199 5326 60
leaf_count=11911 12308 186 30 73 1026 1441 8624 24 157 169 325 16541 199 5326 60
internal_value=0.000198303 0.0431895 -1.09205 -1.90022 0.0604924 0.436279 0.0153109 -0.0284411 0.631686 2.34343 -0.0588141 -0.0414358 -0.144053 0.0559757 1.22505
internal_weight=58400 23351 349 259 23002 2467 20535 35049 675 193 482 34374 16740 17634 90
internal_count=58400 23351 349 259 23002 2467 20535 35049 675 193 482 34374 16740 17634 90
is_linear=0
shrinkage=0.0940712


Tree=571
num_leaves=16
num_cat=0
split_feature=0 51 0 46 52 0 1 44 61 64 51 36 0 49 44
split_gain=7314.36 48732.3 55398.1 102286 58165.1 47536.5 136993 109140 72932.7 56494.8 87806.2 52417.7 43202.4 89697 51315.7
threshold=114.50000000000001 357.46428571428578 159.50000000000003 150.50000000000003 89.899470712894683 93.500000000000014 100.63500000000001 480.50000000000006 16.945588235294121 17.866071428571434 287.60714285714295 307.50000000000006 116.50000000000001 264.21428571428578 82.500000000000014
decision_type=2 2 2 10 2 2 2 10 2 2 2 2 2 2 8
left_child=5 12 3 -3 -4 9 7 -7 -8 11 -11 -1 13 -2 -14
right_child=1 2 4 -5 -6 6 8 -9 -10 10 -12 -13 14 -15 -16
leaf_value=0.22890370413588315 -2.071910054002446 -0.42250256049034768 3.8930878189833162 4.7343246555132561 -1.2133841053892753 0.59957070304310034 -0.23928670331619575 3.4329010799119009 1.5889313772083005 -0.28291621290151181 -3.5779432667008244 -0.09393929862790594 0.4317708629622512 0.12943033474207019 -0.065098448287191746
leaf_weight=5951 280 59 23 78 99 2947 3444 124 203 256 98 17635 1985 391 24827
leaf_count=5951 280 59 23 78 99 2947 3444 124 203 256 98 17635 1985 391 24827
internal_value=0.000164476 -0.0348302 1.2456 2.53285 -0.212636 0.0318349 0.252932 0.715702 -0.136853 -0.0302162 -1.20716 -0.0124674 -0.0469717 -0.791652 -0.0282855
internal_weight=58400 27742 259 137 122 30658 6718 3071 3647 23940 354 23586 27483 671 26812
internal_count=58400 27742 259 137 122 30658 6718 3071 3647 23940 354 23586 27483 671 26812
is_linear=0
shrinkage=0.0940712


Tree=572
num_leaves=15
num_cat=0
split_feature=37 24 49 21 42 50 35 37 1 53 45 37 32 37
split_gain=7485.75 68277.6 90314.2 73604.6 101817 50025 47096 38530 81104 83222.4 78052.2 15064 62822 26741
threshold=97.017857142857153 100.50000000000001 324.07142857142861 -1.0000000180025095e-35 102.50000000000001 102.84060712705282 118.90333362424261 99.303571428571445 134.87000000000003 48.500000000000007 405.50000000000006 104.5386904761905 70.648526297210609 106.33928571428574
decision_type=2 10 2 2 2 2 2 2 2 2 8 2 2 2
left_child=1 3 5 6 -5 -3 -1 8 9 -2 -10 12 -9 -13
right_child=7 2 -4 4 -6 -7 -8 11 10 -11 -12 13 -14 -15
leaf_value=-1.7488038045949867 5.7680912036257723 -1.254729228852258 5.9538653179833103 2.4364375156269622 -0.53079517526227071 0.97079640134898049 3.386058144040514 0.5183623498035056 0.30075758887405157 1.1867630268172542 -4.4880519093187727 0.58723800019717964 -0.70556028905674084 -0.000203521879454776
leaf_weight=420 40 118 26 123 572 353 14.999999999999998 566 151 236 36 693 1071 53980
leaf_count=420 40 118 26 123 572 353 15 566 151 236 36 693 1071 53980
internal_value=0.000166588 -0.198684 0.718641 -0.602691 -0.0011934 0.410663 -1.55997 0.00587277 0.859072 1.87989 -0.650012 -0.00116391 -0.282216 0.00725676
internal_weight=58400 1627 497 1130 695 471 435 56773 463 276 187 56310 1637 54673
internal_count=58400 1627 497 1130 695 471 435 56773 463 276 187 56310 1637 54673
is_linear=0
shrinkage=0.0940712


Tree=573
num_leaves=16
num_cat=0
split_feature=61 61 27 5 54 61 27 50 44 58 61 39 58 59 50
split_gain=7188.21 47830.2 90628.8 85789.8 74887.7 65945.2 69709.4 41379.1 118606 119772 86399.8 45394.6 75487 64859.8 38493.5
threshold=1.419061381778145 1.4547608789314952 74.500000000000014 66.445000000000007 124.50000000000001 1.4722813238770687 101.50000000000001 141.21429173591534 114.50000000000001 1.4227137960519809 1.2382399041121153 346.50000000000006 1.9225091216361945 4.6200000000000037 138.75861191115197
decision_type=2 2 10 2 2 2 8 2 10 2 2 2 2 2 2
left_child=7 2 4 -4 -2 6 -3 11 10 -10 -9 12 -1 -13 -7
right_child=1 5 3 -5 -6 14 -8 8 9 -11 -12 13 -14 -15 -16
leaf_value=0.53828699848935058 -5.2299441361898849 -0.14985417470615556 0.91341226696738897 -1.3843742241954158 -1.3050513415063363 0.049920940678244638 2.1600172965823861 -1.10794143507812 0.21442229636395865 1.3623032432914866 0.54468293580192995 -0.18533201720616979 -1.1704220461475356 1.1403323012325111 -0.14433997459386361
leaf_weight=1931 49 212 370 233 305 25529 252 829 3417 1051 421 9244 258 337 13962
leaf_count=1931 49 212 370 233 305 25529 252 829 3417 1051 421 9244 258 337 13962
internal_value=0.00018246 -0.0213931 -0.678068 0.0240533 -1.86926 -0.00563538 1.10741 0.0506616 0.258236 0.484846 -0.551252 -0.0501907 0.336147 -0.138512 -0.0187596
internal_weight=58400 40912 957 603 354 39955 464 17488 5718 4468 1250 11770 2189 9581 39491
internal_count=58400 40912 957 603 354 39955 464 17488 5718 4468 1250 11770 2189 9581 39491
is_linear=0
shrinkage=0.0940712


Tree=574
num_leaves=15
num_cat=0
split_feature=38 38 36 35 24 2 24 38 32 29 1 39 68 42
split_gain=8382.67 52031.5 66207.6 73303.7 51746.2 119070 94356 36718.6 125603 108587 95844.3 21890.3 62044.7 20940.9
threshold=92.855270274601907 92.613593910225532 219.50000000000003 111.11465714692655 302.50000000000006 68.475000000000009 204.50000000000003 95.929723779742531 87.158039270334612 118.88089276541119 31.795000000000005 315.50000000000006 1.5000000000000002 60.500000000000007
decision_type=2 2 2 2 10 2 10 2 2 2 2 2 2 2
left_child=1 4 -3 -4 6 -6 -1 8 9 -2 -10 12 -9 -13
right_child=7 2 3 -5 5 -7 -8 11 10 -11 -12 13 -14 -15
leaf_value=0.031041086117963419 0.87874592352978043 4.1056526190292919 -2.4644745333099203 3.4625241276747309 -0.29822681120921013 3.7450501320553919 -0.86140073430185593 0.43564005211338158 -1.9873830877680254 5.6626921427137278 0.085080849142029139 -0.41861766759169045 -1.5376615872878256 0.012433547048804346
leaf_weight=8269 1230 15.999999999999998 195 19 170 102 1199 271 226 42 1492 1019 291 43859
leaf_count=8269 1230 16 195 19 170 102 1199 271 226 42 1492 1019 291 43859
internal_value=0.00015565 -0.0783861 -1.47206 -1.91639 -0.0452322 1.23026 -0.0820852 0.0163292 0.335561 1.04355 -0.189032 -0.00468466 -0.587328 0.00262906
internal_weight=58400 9970 230 214 9740 272 9468 48430 2990 1272 1718 45440 562 44878
internal_count=58400 9970 230 214 9740 272 9468 48430 2990 1272 1718 45440 562 44878
is_linear=0
shrinkage=0.0940712


Tree=575
num_leaves=13
num_cat=0
split_feature=40 40 34 56 57 22 40 67 52 41 10 41
split_gain=7335.94 42962 69521 84036.1 41879.8 51750.7 46492.2 46176.1 35257.7 34624.7 75595.8 44558
threshold=131.68963813430824 132.9774770919222 171.79285714285717 11.500000000000002 299.50000000000006 298.50000000000006 129.49074654294785 1.0000000180025095e-35 132.78861372143567 119.4870563612096 21.500000000000004 120.96367274331898
decision_type=2 2 2 10 10 2 2 2 2 2 2 2
left_child=4 2 3 -2 5 6 -1 -7 -4 10 -3 -11
right_child=1 9 8 -5 -6 7 -8 -9 -10 11 -12 -13
leaf_value=-0.012517243942033237 -0.3786680288096943 -2.3992940876979598 8.0960375239878299 1.7561917823344455 -3.7673726424629361 -0.70314492105782889 -0.62830553428817426 4.0757688252200541 1.5794942791476325 2.1550490205660049 1.7099285497786973 0.017501603873640133
leaf_weight=27522 371 138 15.000000000000002 289 25 27 1128 49 14.999999999999998 85 54 28682
leaf_count=27522 371 138 15 289 25 27 1128 49 15 85 54 28682
internal_value=0.000168705 0.0330022 0.765761 0.55789 -0.0336858 -0.0302275 -0.0367992 2.39639 5.0811 0.0154982 -1.23845 0.0239386
internal_weight=58400 29649 690 660 28751 28726 28650 76 30 28959 192 28767
internal_count=58400 29649 690 660 28751 28726 28650 76 30 28959 192 28767
is_linear=0
shrinkage=0.0940712


Tree=576
num_leaves=16
num_cat=0
split_feature=49 59 59 56 26 32 28 16 49 24 55 27 28 53 59
split_gain=7072.87 46518.1 149291 132349 93403.4 82911.7 59766.2 59647.8 39372 83069.8 84743.7 62221.2 24602.6 98383.2 24131.5
threshold=308.15476190476198 -0.3499999999999987 -0.17000000000000079 78.500000000000014 434.50000000000006 80.087154906091996 94.833333333333357 1.0000000180025095e-35 307.61904761904765 133.50000000000003 195.50000000000003 70.500000000000014 296.83333333333343 160.50000000000003 1.4200000000000055
decision_type=2 2 2 8 10 2 2 2 2 8 10 10 2 2 2
left_child=8 4 3 -3 7 -4 -6 -2 12 11 -11 -10 14 -14 -1
right_child=1 2 5 -5 6 -7 -8 -9 9 10 -12 -13 13 -15 -16
leaf_value=0.059986236316962822 -0.51673041250035656 0.86306179582865694 -0.79479845764660395 5.575268884990253 7.8566933882954997 0.14507444324882676 1.4376653615743706 0.056021495398942689 -3.1358621509254268 1.84035819838797 8.6940829917787923 1.266096400871761 -0.1120961815989828 4.8399812217168767 -0.086091685105321919
leaf_weight=28070 3796 163 950 77 17 6532 45 2791 44 78 19 74 149 45 15550
leaf_count=28070 3796 163 950 77 17 6532 45 2791 44 78 19 74 149 45 15550
internal_value=0.00018176 -0.057115 0.099916 2.40168 -0.239487 0.0255797 3.34947 -0.274073 0.0188876 1.28418 3.30059 -0.393772 0.0126302 1.06541 0.00790712
internal_weight=58400 14371 7722 240 6649 7482 62 6587 44029 215 97 118 43814 194 43620
internal_count=58400 14371 7722 240 6649 7482 62 6587 44029 215 97 118 43814 194 43620
is_linear=0
shrinkage=0.0940712


Tree=577
num_leaves=16
num_cat=0
split_feature=3 36 36 39 45 16 50 61 51 47 43 37 23 48 51
split_gain=7113.59 46611.6 45406.6 76854.4 49520.1 43255 54099.2 51606.2 33336.4 65650.9 90800.8 67524.4 44172.3 86720.2 85156.4
threshold=7.5000000000000009 482.50000000000006 215.50000000000003 433.50000000000006 60.500000000000007 1.0000000180025095e-35 113.88737125419878 1.6886019177234768 315.32142857142861 207.83333333333334 106.50000000000001 165.67261904761907 286.50000000000006 120.11244731500572 307.53571428571433
decision_type=2 2 2 2 10 2 2 2 2 2 10 2 8 2 2
left_child=1 2 3 -1 -4 6 -3 -7 12 11 -11 -10 14 -14 -2
right_child=8 5 4 -5 -6 7 -8 -9 9 10 -12 -13 13 -15 -16
leaf_value=-1.0169031176804555 0.0071323687986807188 0.69700882586410906 0.79224801426285507 2.0474083831268195 0.048572705911522573 3.8761304768454012 -3.8930539753850129 -1.5172733061166661 -3.4078115174388643 1.7579197887961464 -0.3101293474222459 1.8555258205943097 -0.89270716284929774 0.075118224272238035 0.73897312564764539
leaf_weight=650 25992 31 821 80 21625 23 79 42 104 196 3834 26 1364 2047 1486
leaf_count=650 25992 31 821 80 21625 23 79 42 104 196 3834 26 1364 2047 1486
internal_value=0.000236072 0.0404602 0.0520622 -0.677262 0.0758327 -1.4822 -2.60671 0.435423 -0.0265598 -0.276504 -0.208876 -2.34466 0.00710986 -0.312093 0.0467544
internal_weight=58400 23351 23176 730 22446 175 110 65 35049 4160 4030 130 30889 3411 27478
internal_count=58400 23351 23176 730 22446 175 110 65 35049 4160 4030 130 30889 3411 27478
is_linear=0
shrinkage=0.0940712


Tree=578
num_leaves=14
num_cat=0
split_feature=43 27 51 1 64 54 55 61 11 34 43 34 38
split_gain=6666.64 40857.5 42700.1 39802.5 105259 53783.8 15557.3 39719.6 66859.6 45257.3 16527.8 75877.3 15273.1
threshold=484.50000000000006 5.5000000000000009 299.82142857142861 31.795000000000005 0.85747051114023598 493.50000000000006 -395.49999999999994 1.3807223024263029 36.500000000000007 155.44505494505498 476.50000000000006 119.03571428571429 134.02298823566963
decision_type=10 8 2 2 2 2 8 2 2 2 10 2 2
left_child=6 2 -2 4 -3 -5 7 9 -9 -1 12 -12 -8
right_child=1 3 -4 5 -6 -7 10 8 -10 -11 11 -13 -14
leaf_value=-3.7149632681619171 4.6754926057462187 -1.2129747153241304 -1.0201750657509439 -0.29493882977384767 2.4607406151068698 -3.0040812610270193 -0.0070032127167262183 -1.1944116283027495 2.7131462554741219 1.2615902170356921 -1.2136031888777961 0.82724645466526947 0.25174789231283079
leaf_weight=60 29 124 18 1644 152 66 53053 117 56 21 203 760 2097
leaf_count=60 29 124 18 1644 152 66 53053 117 56 21 203 760 2097
internal_value=0.000216633 -0.167073 2.52891 -0.232875 0.812237 -0.402221 0.00625701 -0.726039 0.0826936 -2.42376 0.00959416 0.395637 0.00283999
internal_weight=58400 2033 47 1986 276 1710 56367 254 173 81 56113 963 55150
internal_count=58400 2033 47 1986 276 1710 56367 254 173 81 56113 963 55150
is_linear=0
shrinkage=0.0940712


Tree=579
num_leaves=16
num_cat=0
split_feature=8 1 59 43 8 40 41 40 18 59 26 50 63 23 63
split_gain=6944.12 113503 143092 113384 78388.1 77676.9 88700.1 81062.5 72051.7 79054.2 56017.3 52310.3 21358.4 37725.9 27926.2
threshold=42.45000000000001 9.2150000000000016 2.6800000000000019 258.50000000000006 40.350000000000001 120.30304050725505 118.15496872841619 199.78972503668541 0.68301270189221941 3.4900000000000015 1.5000000000000002 139.00967763435423 295.50000000000006 19.500000000000004 291.50000000000006
decision_type=2 2 2 8 2 2 2 2 2 2 8 2 2 10 2
left_child=4 2 3 -2 12 6 -6 -7 10 -10 -3 -4 14 -14 -1
right_child=1 8 11 -5 5 7 -8 -9 9 -11 -12 -13 13 -15 -16
leaf_value=0.00038473281966744464 -2.0412037618399785 2.9011729049277495 3.6104677216232006 2.7932445486784232 -0.93685139266917272 -2.1602583772205031 2.2689157439746728 1.5324005734511834 0.83085455292167232 -1.0499260854880603 -0.18568499464744609 9.9936055866556028 3.0577799806410555 -1.7436806685865742 0.85889378034205355
leaf_weight=50136 70 51 29 106 220 417 115 59 1394 229 5083 21 14.999999999999998 119 336
leaf_count=50136 70 51 29 106 220 417 115 59 1394 229 5083 21 15 119 336
internal_value=0.000196971 0.0882103 2.15463 0.8687 -0.0117561 -0.928388 0.168681 -1.69878 0.0185946 0.564651 -0.154124 6.51528 0.00295936 -1.17624 0.00612886
internal_weight=58400 6983 226 176 51417 811 335 476 6757 1623 5134 50 50606 134 50472
internal_count=58400 6983 226 176 51417 811 335 476 6757 1623 5134 50 50606 134 50472
is_linear=0
shrinkage=0.0940712


Tree=580
num_leaves=16
num_cat=0
split_feature=35 34 58 64 50 0 50 59 41 56 24 24 28 63 27
split_gain=6738.68 48141.9 55769 66406.7 65468.9 42160.7 98279.3 46061.7 38402.4 61666.9 74600.4 65001.1 31519.3 65554.5 26268.9
threshold=118.65544818722115 121.43650793650795 1.8898775877685672 1.696528892455859 165.70369410519251 198.50000000000003 127.89234684111409 1.0599999999999972 192.83412777593944 211.50000000000003 112.50000000000001 48.500000000000007 283.16666666666669 243.50000000000003 6.5000000000000009
decision_type=2 2 2 2 2 2 2 2 2 8 10 8 2 2 10
left_child=8 2 3 -2 -4 7 -7 -3 12 11 -11 -10 14 -14 -1
right_child=1 5 4 -5 -6 6 -8 -9 9 10 -12 -13 13 -15 -16
leaf_value=-0.25842007878300283 0.30688101625936659 -0.15053301399034624 -3.3845947054916867 -1.1571271490054502 2.5775415053278903 -1.5855036430781855 2.9996704185887491 0.17326650210454558 5.6550919429218069 0.097518526996480934 -5.4500835653231858 1.007232115462209 -2.813962155796395 1.9648850395031658 0.036079212989635866
leaf_weight=2887 565 9786 106 530 18 62 118 6448 27 111 25 424 89 34 37170
leaf_count=2887 565 9786 106 530 18 62 118 6448 27 111 25 424 89 34 37170
internal_value=0.000228675 -0.0483546 -0.61834 -0.402249 -2.49683 -0.00596166 1.41958 -0.0219107 0.0212466 0.775616 -0.97163 1.30432 0.010193 -1.48389 0.0148416
internal_weight=58400 17633 1219 1095 124 16414 180 16234 40767 587 136 451 40180 123 40057
internal_count=58400 17633 1219 1095 124 16414 180 16234 40767 587 136 451 40180 123 40057
is_linear=0
shrinkage=0.0940712


Tree=581
num_leaves=16
num_cat=0
split_feature=34 28 49 46 24 1 52 40 34 9 1 58 34 17 40
split_gain=7457.6 62718.9 87061.5 99456.3 90181.8 77419.9 112594 105188 34244.1 104248 122151 86375.6 53397.3 64549.4 33472.9
threshold=170.74603174603178 109.16666666666667 291.50000000000006 275.50000000000006 343.50000000000006 68.975000000000009 98.799399939275688 130.77862262187526 166.03571428571431 1.0000000180025095e-35 90.535000000000011 3.7887515677716439 165.58571428571432 -0.56174490092936669 211.05117039795911
decision_type=2 2 2 8 10 2 2 2 2 2 2 2 2 2 2
left_child=8 2 3 -2 -4 6 -3 -7 12 10 -10 -11 14 -14 -1
right_child=1 5 4 -5 -6 7 -8 -9 9 11 -12 -13 13 -15 -16
leaf_value=-0.0052343603801434761 1.1109178388792531 1.810528650648302 2.2742214776474303 -1.6737772793237597 -1.1418282464162717 -3.7361682602062403 -0.87260767860108102 0.089773639593456495 4.6528205240446638 0.022921705404604267 0.40358516391697991 4.530405814548141 -3.8893506920882475 -0.37437466617656068 0.62453790277094168
leaf_weight=48408 229 148 347 222 84 63 1867 4233 103 1547 141 37 66 148 757
leaf_count=48408 229 148 347 222 84 63 1867 4233 103 1547 141 37 66 148 757
internal_value=0.000207412 -0.0894728 0.652842 -0.260586 1.60644 -0.193372 -0.674222 0.0323005 0.0128095 0.412456 2.21601 0.132647 -0.00199534 -1.47934 0.00447928
internal_weight=58400 7193 882 451 431 6311 2015 4296 51207 1828 244 1584 49379 214 49165
internal_count=58400 7193 882 451 431 6311 2015 4296 51207 1828 244 1584 49379 214 49165
is_linear=0
shrinkage=0.0940712


Tree=582
num_leaves=12
num_cat=0
split_feature=1 50 50 58 25 1 8 8 23 58 49
split_gain=6779.25 53094 52082.2 94455.8 63864.6 13919.5 59801.1 74969.8 11207.2 47867.7 10410.2
threshold=-3.3849999999999993 89.638692744631371 144.38481980507188 1.068022569282536 74.500000000000014 1.9850000000000001 60.250000000000007 12.450000000000001 1.0000000180025095e-35 1.3540344907103095 359.46428571428578
decision_type=2 2 2 2 10 2 2 2 8 2 2
left_child=1 -1 3 -3 -4 6 7 -2 9 -7 -10
right_child=5 2 4 -5 -6 8 -8 -9 10 -11 -12
leaf_value=-4.3824745774910925 -0.52552988350407071 4.8918767734565378 -4.8417156767136786 -0.32675406084206532 0.75309237572691512 0.23361648784247629 -3.5408372249971904 1.8437287830424633 0.0093840114051836811 -2.3517295501285025 -0.19179262130037264
leaf_weight=26 218 38 36 136 34 200 29 255 54964 91 2373
leaf_count=26 218 38 36 136 34 200 29 255 54964 91 2373
internal_value=0.000197727 -0.468723 -0.0259551 0.845599 -2.16533 0.00239045 0.494832 0.753364 -0.00191032 -0.582664 0.00105074
internal_weight=58400 270 244 174 70 58130 502 473 57628 291 57337
internal_count=58400 270 244 174 70 58130 502 473 57628 291 57337
is_linear=0
shrinkage=0.0940712


Tree=583
num_leaves=14
num_cat=0
split_feature=49 61 20 32 34 28 51 28 31 54 31 51 28
split_gain=7061.82 28982.7 35147.8 33256.4 40556.6 35213.5 28095.3 10158.3 66663.6 59276.6 15631.9 50625.6 19060.4
threshold=408.35714285714295 1.6886019177234768 -0.46472317204376817 109.00698972761371 149.75000000000003 165.16666666666671 363.60714285714295 283.16666666666669 153.34285714285718 329.50000000000006 251.78571428571431 342.32142857142861 271.83333333333343
decision_type=2 2 2 2 2 2 2 2 2 2 2 2 2
left_child=7 2 -2 4 -3 -5 -4 10 -9 -10 12 -12 -1
right_child=1 3 6 5 -6 -7 -8 8 9 -11 11 -13 -14
leaf_value=0.0019010065417205122 5.2443436517859627 -1.5948754426863339 -1.2230763558800177 0.66768752301761591 4.6699988519465228 -4.052951106330422 3.4502088809884524 4.6639470590446335 -0.59454317035405868 2.0594890809604847 -1.6366314429704123 2.3242027262098386 0.62802203966460513
leaf_weight=56548 20 15.999999999999998 28 25 18 29 17 22 987 79 145 34 432
leaf_count=56548 20 16 28 25 18 29 17 22 987 79 145 34 432
internal_value=0.000157317 0.635182 2.11775 -0.476315 1.77769 -1.90785 0.596172 -0.00152554 -0.286065 -0.395013 0.00389601 -0.870002 0.00666731
internal_weight=58400 153 65 88 34 54 45 58247 1088 1066 57159 179 56980
internal_count=58400 153 65 88 34 54 45 58247 1088 1066 57159 179 56980
is_linear=0
shrinkage=0.0940712


Tree=584
num_leaves=15
num_cat=0
split_feature=29 53 10 53 8 10 9 22 8 34 38 22 24 32
split_gain=6707.09 27408.3 31227.2 35834.6 25853.1 23285.3 20545.8 9066.3 43185.4 46954.7 43894.5 19847.8 58804.4 10373.8
threshold=238.62907020697114 70.500000000000014 6.5000000000000009 99.500000000000014 11.450000000000001 24.500000000000004 4.5000000000000009 454.50000000000006 8.7500000000000018 177.46428571428575 136.34524483785802 436.50000000000006 266.50000000000006 177.60496560730954
decision_type=2 2 2 2 2 2 2 2 2 2 2 2 8 2
left_child=7 5 4 -4 -3 6 -2 11 9 -9 -10 13 -13 -1
right_child=1 2 3 -5 -6 -7 -8 8 10 -11 -12 12 -14 -15
leaf_value=-0.0019708396416938806 -4.531592843828709 0.13717959589246684 2.2338065732089296 -1.3928752185526354 5.1627595399415647 0.97604340587846528 -0.36733938481873002 2.3518102973095303 -2.2396606132578434 -2.3342226907657264 2.2841416200393994 1.5863035772936207 -2.4123136532097358 0.5127841614648786
leaf_weight=57367 31 19 30 101 15.999999999999998 14.999999999999998 15.999999999999998 65 125 25 21 184 38 347
leaf_count=57367 31 19 30 101 16 15 16 65 125 25 21 184 38 347
internal_value=0.000179867 -0.507298 0.126873 -0.544856 2.56041 -2.16863 -3.17397 0.00218462 -0.577768 1.03115 -1.57084 0.00456472 0.889223 0.00113568
internal_weight=58400 228 166 131 35 62 47 58172 236 90 146 57936 222 57714
internal_count=58400 228 166 131 35 62 47 58172 236 90 146 57936 222 57714
is_linear=0
shrinkage=0.0940712


Tree=585
num_leaves=14
num_cat=0
split_feature=0 36 38 59 1 45 0 42 32 26 26 20 26
split_gain=6721.85 50564.2 59744.1 97049.4 56277.7 35560.5 25709.7 85368.9 73476.8 27068.1 19249.7 87104.4 33688.4
threshold=192.50000000000003 198.50000000000003 76.254480228649257 2.2000000000000006 51.455000000000005 132.50000000000003 184.50000000000003 56.500000000000007 140.81167768129686 150.50000000000003 375.50000000000006 0.99635443704902704 327.50000000000006
decision_type=2 2 2 2 2 8 2 2 2 10 10 2 10
left_child=6 5 3 -3 -4 -2 10 9 -9 -8 12 -12 -1
right_child=1 2 4 -5 -6 -7 7 8 -10 -11 11 -13 -14
leaf_value=-0.0034468040943853757 0.2849851129792933 6.2074088899727737 -0.94104646248327162 -2.1125629644641997 0.096484826428743828 -5.3707620778207996 -6.9676557156924463 0.54402712235989148 -0.9216009968714548 -1.508681208352286 0.18589701040753948 4.3490667671410383 -0.41016452283260135
leaf_weight=49349 14.999999999999998 31 613 19 1870 26 15.999999999999998 2302 347 17 1882 44 1869
leaf_count=49349 15 31 613 19 1870 26 16 2302 347 17 1882 44 1869
internal_value=0.000167889 -0.148414 -0.0942737 3.07514 -0.160039 -3.36407 0.00702484 0.291114 0.351563 -4.35432 -0.00731793 0.284517 -0.0183029
internal_weight=58400 2574 2533 50 2483 41 55826 2682 2649 33 53144 1926 51218
internal_count=58400 2574 2533 50 2483 41 55826 2682 2649 33 53144 1926 51218
is_linear=0
shrinkage=0.0940712


Tree=586
num_leaves=15
num_cat=0
split_feature=26 10 8 27 44 51 54 7 26 42 48 46 49 46
split_gain=7146.39 92522.6 81101.9 87147.5 77011.2 68174.6 68159 42417 28621.6 74944.8 117724 13680.2 56116.1 31687.4
threshold=419.50000000000006 12.500000000000002 21.850000000000005 242.50000000000003 444.50000000000006 233.39285714285717 282.50000000000006 204.50000000000003 411.50000000000006 132.50000000000003 171.51967817133976 484.50000000000006 206.61904761904765 471.50000000000006
decision_type=10 2 2 10 10 2 2 2 10 2 2 10 2 10
left_child=8 5 4 -4 -3 7 -7 -2 11 -10 -11 13 -13 -1
right_child=1 2 3 -5 -6 6 -8 -9 9 10 -12 12 -14 -15
leaf_value=0.0037252437931846951 5.3502130186839025 -0.77059278251933228 3.157358906211992 -2.4030812613420212 4.1824492724812794 -2.9556106409147294 0.051373907780263288 -0.90594101459792942 -3.2777587627514171 0.85569267036564922 7.8924487670067922 2.0510530590912248 0.098239005311979363 -0.44618725355829952
leaf_weight=54291 18 304 141 29 29 198 100 18 28 151 23 141 1509 1420
leaf_count=54291 18 304 141 29 29 198 100 18 28 151 23 141 1509 1420
internal_value=0.000134967 -0.272504 0.532954 2.19484 -0.321363 -1.48273 -1.95113 2.31115 0.00410878 1.1176 1.84848 0.000155045 0.266974 -0.00775235
internal_weight=58400 837 503 170 333 334 298 36 57563 202 174 57361 1650 55711
internal_count=58400 837 503 170 333 334 298 36 57563 202 174 57361 1650 55711
is_linear=0
shrinkage=0.0940712


Tree=587
num_leaves=16
num_cat=0
split_feature=53 48 55 51 47 28 33 20 49 42 36 47 41 47 11
split_gain=6989.49 51021.2 75619 68045.9 81136.2 77556.4 61721.3 57724.6 30876.6 78335.2 83277.7 56661.1 62162 57189.2 55824.3
threshold=78.500000000000014 168.36072384417164 -289.49999999999994 213.03571428571431 249.16666666666671 67.500000000000014 410.50000000000006 -0.95297903005573326 333.73214285714295 204.50000000000003 280.50000000000006 445.50000000000006 156.44569003521335 436.83333333333343 3.5000000000000004
decision_type=2 2 10 2 2 2 2 2 2 2 2 2 2 2 2
left_child=1 2 6 4 -3 -5 -1 -4 11 10 -10 13 -13 -2 -11
right_child=8 3 7 5 -6 -7 -8 -9 9 14 -12 12 -14 -15 -16
leaf_value=2.0119924145237871 -0.051081854802302873 4.5215348833886422 0.67028915084509633 -1.3937708964341822 -0.80498065058952861 -0.15210890146016418 -1.4376915334170079 0.032950375482915947 5.5403476186447698 1.3946204759241665 0.94401154478908889 0.019944976302807192 -4.9618042517957708 2.916507934012996 -0.033572859929353778
leaf_weight=298 34740 55 1386 513 45 3308 53 13433 36 258 515 45 42 56 3617
leaf_count=298 34740 55 1386 513 45 3308 53 13433 36 258 515 45 42 56 3617
internal_value=0.00015508 0.0468537 0.125046 -0.255562 2.14783 -0.319346 1.48668 0.0926326 -0.0225225 0.211487 1.25935 -0.0522258 -2.42869 -0.0461716 0.062008
internal_weight=58400 19091 15170 3921 100 3821 351 14819 39309 4426 551 34883 87 34796 3875
internal_count=58400 19091 15170 3921 100 3821 351 14819 39309 4426 551 34883 87 34796 3875
is_linear=0
shrinkage=0.0940712


Tree=588
num_leaves=14
num_cat=0
split_feature=55 49 47 44 45 57 55 28 52 56 55 38 31
split_gain=7084.49 60162.7 63645.2 54770.6 70489.8 55357.7 31780.5 99801.5 143911 88792.4 41354.9 68500.4 23720.8
threshold=-212.49999999999997 397.21428571428578 409.50000000000006 142.50000000000003 251.50000000000003 -12.499999999999998 -170.49999999999997 125.16666666666667 135.47064886275197 -304.49999999999994 -158.49999999999997 97.968647125160132 146.78571428571431
decision_type=10 2 2 8 8 8 10 2 2 8 8 2 2
left_child=1 3 -3 4 -1 -5 7 9 -9 -2 11 -8 -12
right_child=6 2 -4 5 -6 -7 10 8 -10 -11 12 -13 -14
leaf_value=-0.31859135880151812 1.6649492842832418 7.3917965311769143 0.081232324184594445 -0.043532776711955087 0.90808515473490292 -0.64176310870462117 -1.9189409251092964 1.3770951026664819 -0.48235137104718956 -0.54805933325400313 0.059980017052477283 -0.14471793613307382 -0.079254085514230146
leaf_weight=728 182 18 23 4587 959 1950 258 1166 537 1273 28517 748 17454
leaf_count=728 182 18 23 4587 959 1950 258 1166 537 1273 28517 748 17454
internal_value=0.000163876 -0.0805217 3.44715 -0.098775 0.378851 -0.222116 0.0134699 0.302265 0.790785 -0.269668 -0.00595091 -0.602131 0.00711279
internal_weight=58400 8265 41 8224 1687 6537 50135 3158 1703 1455 46977 1006 45971
internal_count=58400 8265 41 8224 1687 6537 50135 3158 1703 1455 46977 1006 45971
is_linear=0
shrinkage=0.0940712


Tree=589
num_leaves=14
num_cat=0
split_feature=33 45 20 23 25 59 59 45 22 61 27 46 35
split_gain=6837.02 50885.5 64128.6 99399.4 89165 47199.9 86726.1 82652.4 39078.9 44917.8 35404.2 68580.6 35403.7
threshold=362.50000000000006 399.50000000000006 0.70581670320594825 364.50000000000006 272.50000000000006 3.8099999999999974 2.4899999999999971 335.50000000000006 361.50000000000006 1.1520765552114776 1.0000000180025095e-35 442.50000000000006 140.50639377061734
decision_type=2 8 2 10 8 2 2 10 2 2 8 8 2
left_child=8 5 4 -4 -3 6 -2 -7 10 -10 11 -1 -12
right_child=1 2 3 -5 -6 7 -8 -9 9 -11 12 -13 -14
leaf_value=0.52097507977009094 0.0047765497687540254 1.0539067544594947 -0.73664513545184773 1.9483967609276471 -0.025139300695265814 0.79249492600700433 -0.73910256061600876 -1.0499076843955628 0.45007746569520496 -6.5084353590315098 -0.011638333347256861 5.4884817630311016 -0.6639996147023246
leaf_weight=181 9346 1563 781 143 1195 1202 1627 261 15.000000000000002 15.999999999999998 41295 27 748
leaf_count=181 9346 1563 781 143 1195 1202 1627 261 15 16 41295 27 748
internal_value=0.000166224 0.0522976 0.359404 -0.318381 0.586577 -0.0386529 -0.105599 0.462954 -0.0197046 -3.27741 -0.0171904 1.20249 -0.0232719
internal_weight=58400 16118 3682 924 2758 12436 10973 1463 42282 31 42251 208 42043
internal_count=58400 16118 3682 924 2758 12436 10973 1463 42282 31 42251 208 42043
is_linear=0
shrinkage=0.0940712


Tree=590
num_leaves=12
num_cat=0
split_feature=40 40 1 61 23 30 0 59 51 35 49
split_gain=7019.42 57702.6 109437 86396.4 46910.6 64636.2 76404.2 45212 19278.5 92367.3 29517.3
threshold=87.327028703928463 89.266202029026275 5.3650000000000011 1.6252572016460907 284.50000000000006 262.50000000000006 123.50000000000001 4.8699999999999948 217.39285714285717 133.6002010986183 204.21428571428575
decision_type=2 2 2 2 10 2 2 2 2 2 2
left_child=4 2 -2 -4 5 7 -7 -1 9 -3 -10
right_child=1 8 3 -5 -6 6 -8 -9 10 -11 -12
leaf_value=0.11803366219932306 6.0765024072919767 0.21234462389202322 -3.5511801409913719 -0.60583645591870217 -3.6459754418231585 8.7799840894152741 0.029479156433094761 -1.9762509709039262 -0.38059437602926993 5.5132821184204763 0.0032452121021203824
leaf_weight=6288 18 1848 103 569 28 14.999999999999998 19 91 1840 28 47553
leaf_count=6288 18 1848 103 569 28 15 19 91 1840 28 47553
internal_value=0.000151702 -0.0113298 -0.864881 -1.06465 0.0927721 0.109999 4.10955 0.0876614 0.000181152 0.296049 -0.0110627
internal_weight=58400 51959 690 672 6441 6413 34 6379 51269 1876 49393
internal_count=58400 51959 690 672 6441 6413 34 6379 51269 1876 49393
is_linear=0
shrinkage=0.0940712


Tree=591
num_leaves=16
num_cat=0
split_feature=49 25 30 5 71 59 26 51 49 51 51 53 51 53 51
split_gain=6712.4 41694.2 79848.9 72459.9 68075.6 38143.8 68045 61325.7 31728.6 83735.6 88073.3 59888.5 25015.1 136409 37513.4
threshold=308.15476190476198 388.50000000000006 140.50000000000003 85.765000000000015 486.50000000000006 -1.3699999999999937 9.5000000000000018 254.25000000000003 307.61904761904765 295.96428571428578 265.89285714285717 129.50000000000003 323.60714285714295 180.50000000000003 317.32142857142861
decision_type=2 10 2 2 2 2 10 2 2 2 2 2 2 2 2
left_child=8 5 3 -3 -4 6 -2 -7 12 10 -10 -11 14 -14 -1
right_child=1 2 4 -5 -6 7 -8 -9 9 11 -12 -13 13 -15 -16
leaf_value=0.013391773313772488 -1.431422347463382 0.069203018067029873 -1.8468016252080908 7.5945054670781085 3.0289019302000422 -1.4259179397531196 -0.13523536087752094 0.12843970457368073 3.6013312640221073 5.3992737102600419 -1.8908944301930921 0.43520848407870233 0.080404352214535443 3.7529323752588772 -0.72218548027344587
leaf_weight=42338 387 36 334 14.999999999999998 26 229 4631 8713 34 51 93 37 755 100 621
leaf_count=42338 387 36 334 15 26 229 4631 8713 34 51 93 37 755 100 621
internal_value=0.000164226 -0.0556533 -0.987685 2.44478 -1.48276 -0.0280967 -0.23564 0.0883773 0.0183872 1.15424 -0.393672 3.35749 0.0127696 0.516145 0.00272973
internal_weight=58400 14371 411 51 360 13960 5018 8942 44029 215 127 88 43814 855 42959
internal_count=58400 14371 411 51 360 13960 5018 8942 44029 215 127 88 43814 855 42959
is_linear=0
shrinkage=0.0940712


Tree=592
num_leaves=15
num_cat=0
split_feature=49 2 45 54 46 70 29 49 59 46 58 51 54 52
split_gain=6448.74 60047.5 160016 79843.1 68632.6 77927.4 68461.2 25090.7 111567 75771.4 30932.2 11529.3 116284 16695.3
threshold=174.35714285714286 56.565000000000005 474.50000000000006 182.50000000000003 144.50000000000003 4.5000000000000009 20.420577856664725 178.21428571428575 3.4500000000000068 454.50000000000006 1.1564210622546731 202.75000000000003 84.500000000000014 81.997018110978857
decision_type=2 2 10 2 10 2 2 2 2 8 2 2 2 2
left_child=1 4 3 -3 5 -1 -6 8 9 -2 -10 12 -9 -13
right_child=7 2 -4 -5 6 -7 -8 11 10 -11 -12 13 -14 -15
leaf_value=-3.5671306607460194 0.78024788394851363 -0.058597734769673095 5.7331485384677299 -2.3273195996104392 -1.635366038762412 0.74719334054779529 1.5451444810278405 3.5289986672608165 8.9638170293661279 -4.8812764688540886 2.8346172450245986 -0.58163697576556328 -0.75083760598565641 0.0098144435404278179
leaf_weight=69 185 259 29 291 70 77 371 60 14.999999999999998 22 17 424 642 55869
leaf_count=69 185 259 29 291 70 77 371 60 15 22 17 424 642 55869
internal_value=0.000191267 -0.218668 -0.897302 -1.26238 0.451108 -1.30708 1.03603 0.00465803 0.963365 0.145895 5.99481 0.000609334 -0.37784 0.00534137
internal_weight=58400 1166 579 550 587 146 441 57234 239 207 32 56995 702 56293
internal_count=58400 1166 579 550 587 146 441 57234 239 207 32 56995 702 56293
is_linear=0
shrinkage=0.0940712


Tree=593
num_leaves=14
num_cat=0
split_feature=23 55 1 31 27 24 8 59 5 54 47 55 10
split_gain=6728.84 55248.4 52681.5 114148 122936 94921.4 50673.3 106616 62891.3 28150.4 68499.8 31381.8 15386.9
threshold=53.500000000000007 407.50000000000006 17.035000000000004 72.642857142857153 379.50000000000006 23.500000000000004 11.65 -4.7900000000000036 94.375000000000014 598.50000000000011 302.16666666666669 396.50000000000006 13.500000000000002
decision_type=8 10 2 2 10 8 2 2 2 2 2 10 2
left_child=2 9 3 5 -5 -1 7 -4 -8 11 -11 -2 -3
right_child=1 12 6 4 -6 -7 8 -9 -10 10 -12 -13 -14
leaf_value=2.3333819266257696 -0.012674505636742881 -5.0964876969134743 2.3910036847716452 0.8111081665729849 7.0834821067727463 -4.5084678698571246 0.22417029831694427 -0.24671988136903225 -0.82693607350505682 -4.3264146894061959 -0.2233749556390448 3.0028625111622178 -1.4006736606176289
leaf_weight=24 42047 21 137 915 27 61 8006 6359 536 44 173 29 21
leaf_count=24 42047 21 137 915 27 61 8006 6359 536 44 173 29 21
internal_value=0.000199281 -0.0194689 0.0520343 0.70337 1.00245 -2.56795 0.00747536 -0.19051 0.158061 -0.0160165 -1.08087 -0.0104818 -3.36792
internal_weight=58400 42335 16065 1027 942 85 15038 6496 8542 42293 217 42076 42
internal_count=58400 42335 16065 1027 942 85 15038 6496 8542 42293 217 42076 42
is_linear=0
shrinkage=0.0940712


Tree=594
num_leaves=16
num_cat=0
split_feature=2 27 0 10 70 43 36 33 2 59 34 6 5 47 2
split_gain=6773.34 47160.7 90352.9 116953 74547.5 71135.1 140579 92867.7 17759.1 88224.5 69465.6 56966.1 15586.6 90605.3 22016.8
threshold=95.615000000000023 190.50000000000003 175.50000000000003 23.500000000000004 8.5000000000000018 148.50000000000003 245.50000000000003 292.50000000000006 93.695000000000007 -4.0650000000000004 111.10714285714288 10.500000000000002 88.875000000000014 204.16666666666671 92.705000000000013
decision_type=2 8 2 2 2 8 2 2 2 2 2 2 2 2 2
left_child=8 5 4 -4 -3 6 -2 -7 12 10 -10 -11 14 -14 -1
right_child=1 2 3 -5 -6 7 -8 -9 9 11 -12 -13 13 -15 -16
leaf_value=-0.013263682649644023 4.8535795027514466 -0.43211851351130176 3.4897424923566249 -3.2037834903043443 -3.080087494724451 -0.17487480715773646 -1.3675241994292109 1.2816062866469986 6.0408485168835577 -0.11859304685809577 0.81590323068012205 -1.4678679592579569 -0.84504648290587103 0.44355271487043796 1.9130221023832332
leaf_weight=51001 34 638 95 29 109 666 335 923 27 771 110 431 592 2588 51
leaf_count=51001 34 638 95 29 109 666 335 923 27 771 110 431 592 2588 51
internal_value=0.000177923 0.14213 -0.433172 1.90294 -0.82429 0.398253 -0.775929 0.671497 -0.00705005 -0.345287 1.90302 -0.603783 0.00130847 0.203326 -0.0112784
internal_weight=58400 2829 871 124 747 1958 369 1589 55571 1339 137 1202 54232 3180 51052
internal_count=58400 2829 871 124 747 1958 369 1589 55571 1339 137 1202 54232 3180 51052
is_linear=0
shrinkage=0.0940712


Tree=595
num_leaves=16
num_cat=0
split_feature=51 46 20 1 50 46 1 38 49 31 1 59 49 31 49
split_gain=6719.9 69691.4 82955.5 99449.6 63281.1 61374.2 57659.6 38012.7 15499 62847.2 57307.7 50626 11689.9 70260.7 46728.6
threshold=190.25000000000003 311.50000000000006 0.61559370248597556 91.545000000000016 124.72980320762174 433.50000000000006 99.615000000000023 92.613593910225532 157.6428571428572 50.500000000000007 128.53500000000003 -1.0000000180025095e-35 170.07142857142858 79.357142857142875 174.35714285714286
decision_type=2 8 2 2 2 10 2 2 2 2 2 2 2 2 2
left_child=1 2 3 -1 5 -3 -4 -6 9 11 -11 -2 13 -10 -14
right_child=8 4 6 -5 7 -7 -8 -9 12 10 -12 -13 14 -15 -16
leaf_value=5.1964735435188594 6.8705096773852183 -1.0154973883040379 -4.159147043626704 0.61694895104901815 0.21199296068959136 3.0701516474068851 1.0333134518133786 -5.3824282742357008 -0.91504560483909925 -2.4295056981772674 0.22840504080015597 -0.14467654715999226 -1.3947962854739666 1.583157945599992 0.0025807936176910381
leaf_weight=72 14.999999999999998 127 31 99 14.999999999999998 42 44 35 174 144 141 20 211 229 57001
leaf_count=72 15 127 31 99 15 42 44 35 174 144 141 20 211 229 57001
internal_value=0.000181037 0.355767 1.43835 2.57547 -0.861282 0.0179411 -1.15231 -3.74606 -0.00268031 -0.65396 -1.12002 3.0234 0.000952402 0.504848 -0.0026085
internal_weight=58400 465 246 171 219 169 75 50 57935 320 285 35 57615 403 57212
internal_count=58400 465 246 171 219 169 75 50 57935 320 285 35 57615 403 57212
is_linear=0
shrinkage=0.0940712


Tree=596
num_leaves=15
num_cat=0
split_feature=29 25 37 1 25 8 53 29 26 54 25 29 31 29
split_gain=6798.59 79522 75943 63043.5 106460 57185.9 53442.8 22654.5 86765.2 93532.5 55584.4 14590.8 91011.5 18439.1
threshold=7.5608561148330589 43.500000000000007 133.18019480519482 73.395000000000024 97.500000000000014 3.4500000000000006 89.500000000000014 9.539392014168488 228.50000000000003 278.50000000000006 339.50000000000006 10.969655114606025 88.642857142857153 15.885003409926147
decision_type=2 8 2 2 8 2 2 2 8 2 10 2 2 2
left_child=1 2 6 4 -3 -5 -1 8 10 -10 -2 12 -9 -13
right_child=7 3 -4 5 -6 -7 -8 11 9 -11 -12 13 -14 -15
leaf_value=3.3249362161628606 -2.4314837039116521 6.2978375991686342 -7.0478966451319272 -3.0443714174802303 0.88672276664451544 0.52181247990284518 -2.6157007396670728 3.2763877556407475 5.3195277344640113 -3.0030018043792421 3.0269117935419168 -0.4196076333099848 -0.62251879383612962 0.0046000129832295452
leaf_weight=19 163 41 21 46 135 242 37 80 33 17 17 920 150 56479
leaf_count=19 163 41 21 46 135 242 37 80 33 17 17 920 150 56479
internal_value=0.00017269 0.331622 -2.43771 0.798094 2.19227 -0.060695 -0.562416 -0.00293315 -0.931537 2.48217 -1.89368 0.000795894 0.746025 -0.00220828
internal_weight=58400 541 77 464 176 288 56 57859 230 50 180 57629 230 57399
internal_count=58400 541 77 464 176 288 56 57859 230 50 180 57629 230 57399
is_linear=0
shrinkage=0.0940712


Tree=597
num_leaves=16
num_cat=0
split_feature=40 32 23 34 46 46 46 38 47 1 64 31 56 1 31
split_gain=6956.98 51541.7 53509.2 72338.8 65409.8 44856.2 81215.7 51465.2 43997.4 94807.8 141466 96332.3 47035.7 116960 39199
threshold=111.53201197565876 158.56424264886246 65.500000000000014 117.25000000000001 295.50000000000006 285.50000000000006 211.50000000000003 141.13075806853888 143.50000000000003 59.82500000000001 1.0935125976936113 146.78571428571431 -277.49999999999994 51.455000000000005 93.500000000000014
decision_type=2 2 10 2 10 10 8 2 2 2 2 2 10 2 2
left_child=1 5 3 -3 -4 6 -1 -7 9 10 -2 -11 13 -10 -14
right_child=8 2 4 -5 -6 7 -8 -9 12 11 -12 -13 14 -15 -16
leaf_value=-0.028613910090303913 -0.93105262156786983 -3.982702237453128 7.2101522950653143 1.708308690177639 0.26719269889429975 -0.11359656497257534 0.55194748099072599 -3.3198077587168706 -1.5291772600839355 1.4608948684695406 5.1023646026006544 -1.7654916623508656 -0.73069573459488157 -0.059185075290610456 0.0075464765067901826
leaf_weight=6161 54 23 27 100 21 7847 3259 43 633 178 91 149 646 1955 37213
leaf_count=6161 54 23 27 100 21 7847 3259 43 633 178 91 149 646 1955 37213
internal_value=0.000165183 0.04984 1.6676 0.606538 4.27927 0.0337023 0.172285 -0.13174 -0.0210544 0.880415 2.86859 -0.0102516 -0.0316109 -0.419485 -0.00507666
internal_weight=58400 17481 171 123 48 17310 9420 7890 40919 472 145 327 40447 2588 37859
internal_count=58400 17481 171 123 48 17310 9420 7890 40919 472 145 327 40447 2588 37859
is_linear=0
shrinkage=0.0940712


Tree=598
num_leaves=16
num_cat=0
split_feature=39 10 25 38 48 58 27 71 10 59 49 39 39 30 0
split_gain=6735.14 49742.1 73324.2 79831.5 65706.2 88083.4 77814.1 64936.1 34902.6 81600.6 77814.8 48647.3 37974.2 114681 36557.6
threshold=388.50000000000006 13.500000000000002 339.50000000000006 96.960769762891744 193.88570515566869 0.99999998468958162 36.500000000000007 94.500000000000014 2.5000000000000004 -4.2349999999999985 259.64285714285717 445.50000000000006 389.50000000000006 383.50000000000006 23.500000000000004
decision_type=2 2 10 2 2 2 8 2 2 2 2 2 2 2 2
left_child=1 2 7 -4 6 -6 -3 -1 9 11 -11 -2 13 -10 -14
right_child=8 4 3 -5 5 -7 -8 -9 12 10 -12 -13 14 -15 -16
leaf_value=-0.73653282531679554 -3.4118666214719884 0.27171246719182196 -1.3631996194817759 2.079936897854068 -1.3625335662643507 0.84792310281342231 -0.31757730993189326 0.13297081259707952 1.5500583691798482 -0.99827038736189389 0.25138021957236234 0.31710675731181959 -0.64049267716417824 -2.6317292316946221 0.057446200571130097
leaf_weight=820 113 2420 73 301 187 1037 10948 10152 379 668 1290 42 678 67 29225
leaf_count=820 113 2420 73 301 187 1037 10948 10152 379 668 1290 42 678 67 29225
internal_value=0.000158711 -0.035577 0.112144 1.40467 -0.150446 0.508806 -0.21087 0.0678808 0.0287167 -0.340808 -0.175347 -2.40754 0.0544646 0.914581 0.0415848
internal_weight=58400 25938 11346 374 14592 1224 13368 10972 32462 2113 1958 155 30349 446 29903
internal_count=58400 25938 11346 374 14592 1224 13368 10972 32462 2113 1958 155 30349 446 29903
is_linear=0
shrinkage=0.0940712


Tree=599
num_leaves=16
num_cat=0
split_feature=47 49 45 26 51 20 37 26 36 1 44 51 1 37 64
split_gain=7028.72 47009.8 45313.4 80538.8 83847 52629.2 39790.8 64274.8 59682.1 39274.4 47640.3 34975.1 138503 45574.6 32148.8
threshold=310.83333333333343 366.64285714285717 497.50000000000006 156.50000000000003 303.30952380952385 -0.78574730703237861 132.32738095238099 14.500000000000002 382.50000000000006 63.925000000000004 485.50000000000006 313.46428571428578 21.025000000000002 128.86607142857147 0.9639963704711908
decision_type=2 2 10 10 2 2 2 8 2 2 10 2 2 2 2
left_child=1 11 6 5 -5 -4 7 -2 -8 14 -11 13 -13 -1 -3
right_child=2 9 3 4 -6 -7 8 -9 -10 10 -12 12 -14 -15 -16
leaf_value=0.12428362895409799 -1.1598814996071241 -6.7496245399558514 0.36462938162325675 4.9643605189255275 -2.8261511576019047 -5.0933101735703525 0.28307643657420861 -0.13018126320682002 -0.13501741499163655 0.78151753055312445 -4.0767154307959164 2.5859835994618554 0.15157228601633826 -0.086663345394889138 -0.95271753764668121
leaf_weight=15903 590 20 21 24 22 57 5780 5772 6327 58 24 224 2494 21069 14.999999999999998
leaf_count=15903 590 20 21 24 22 57 5780 5772 6327 58 24 224 2494 21069 15
internal_value=0.000128605 0.0224347 -0.0476191 -1.82867 1.26535 -3.64396 -0.0355008 -0.225955 0.064585 -1.84794 -0.6885 0.0280239 0.353617 0.00407061 -4.41548
internal_weight=58400 39807 18593 124 46 78 18469 6362 12107 117 82 39690 2718 36972 35
internal_count=58400 39807 18593 124 46 78 18469 6362 12107 117 82 39690 2718 36972 35
is_linear=0
shrinkage=0.0940712


Tree=600
num_leaves=16
num_cat=0
split_feature=51 44 35 1 35 52 23 24 22 1 52 25 22 54 34
split_gain=7073.87 48339.5 88258.2 84898.7 58629.6 114619 51398.9 48968.2 29808.2 90022.1 176530 79567.3 51648.3 72899.5 38420.5
threshold=299.39285714285717 453.50000000000006 87.425525604897345 1.0000000180025095e-35 88.694344876803783 120.18581081317986 43.500000000000007 25.500000000000004 266.50000000000006 59.165000000000006 116.75230896351319 288.50000000000006 258.50000000000006 307.50000000000006 186.39285714285717
decision_type=2 10 2 2 2 2 10 8 2 2 2 10 2 2 2
left_child=8 4 6 -4 5 -2 -3 -6 12 10 -10 -11 14 -14 -1
right_child=1 2 3 -5 7 -7 -8 -9 9 11 -12 -13 13 -15 -16
leaf_value=-0.0079910826735418179 -0.43684400617729224 -4.7946002576017772 6.8600001152103882 0.46644974893456492 0.35877902304236603 1.4367268143140224 -0.83507036737899865 -0.28044798799375009 -1.2456744876348442 -0.15029889103697602 1.3177886173998952 1.2562564756075443 -0.42626656754814224 -3.3730117567283515 0.91359944603051502
leaf_weight=38121 577 34 17 2027 1197 576 164 9209 292 3631 1252 393 418 89 403
leaf_count=38121 577 34 17 2027 1197 576 164 9209 292 3631 1252 393 418 89 403
internal_value=8.58298e-05 -0.0587635 0.340828 0.524883 -0.136315 0.499697 -1.54782 -0.206863 0.0183008 0.221888 0.832138 -0.0124637 -0.0107467 -0.952561 0.00168305
internal_weight=58400 13801 2242 2044 11559 1153 198 10406 44599 5568 1544 4024 39031 507 38524
internal_count=58400 13801 2242 2044 11559 1153 198 10406 44599 5568 1544 4024 39031 507 38524
is_linear=0
shrinkage=0.0940712


Tree=601
num_leaves=16
num_cat=0
split_feature=25 45 47 48 33 45 59 47 25 8 10 57 49 25 49
split_gain=6836.43 63378.7 77805.2 122869 75968.3 56429.1 79435.1 61455.4 43943 74468.5 84152.3 60997 36715.9 77332.4 54360.6
threshold=90.500000000000014 391.50000000000006 249.16666666666671 43.094856571607366 342.50000000000006 321.50000000000006 4.1850000000000032 392.50000000000006 101.50000000000001 13.450000000000001 8.5000000000000018 309.50000000000006 249.30952380952382 286.50000000000006 252.78571428571431
decision_type=8 10 2 2 2 10 2 2 8 2 2 10 2 10 2
left_child=1 5 3 -3 -4 7 -7 -1 9 10 -2 -11 13 -10 -14
right_child=8 2 4 -5 -6 6 -8 -9 12 11 -12 -13 14 -15 -16
leaf_value=-0.0076961771310739826 1.5631701877304707 -1.8648262685482608 -0.45092310349781661 1.4032929019552185 0.79658877773600534 -0.29198282818452664 -2.290543931417266 0.6919572967296479 -0.29159109617027495 -1.030549812600287 -0.32967166726896824 2.6811352237522681 0.82353293607300859 0.35606361952048837 0.04081310692995236
leaf_weight=18845 276 112 1041 995 736 2059 191 1179 7505 1221 826 39 815 2083 20477
leaf_count=18845 276 112 1041 995 736 2059 191 1179 7505 1221 826 39 815 2083 20477
internal_value=7.98108e-05 0.037078 0.451901 1.07037 0.0659476 -0.0166547 -0.463165 0.0335434 -0.0279176 -0.418852 0.145824 -0.912388 0.00200039 -0.150839 0.0708376
internal_weight=58400 25158 2884 1107 1777 22274 2250 20024 33242 2362 1102 1260 30880 9588 21292
internal_count=58400 25158 2884 1107 1777 22274 2250 20024 33242 2362 1102 1260 30880 9588 21292
is_linear=0
shrinkage=0.0940712


Tree=602
num_leaves=15
num_cat=0
split_feature=25 25 34 39 45 52 45 21 45 24 20 55 53 61
split_gain=7515.87 49543.5 87552.5 94308.5 76217 71638.8 69725.9 25151 67082.5 167217 84082.1 33394.9 75303.5 32704.5
threshold=224.50000000000003 236.50000000000003 188.60714285714289 289.50000000000006 243.50000000000003 106.10741240284621 329.50000000000006 -0.91023613416931226 132.50000000000003 394.50000000000006 -0.060268340127661565 326.50000000000006 197.50000000000003 1.2206093038934773
decision_type=10 10 2 2 10 2 10 2 10 10 2 10 2 2
left_child=7 2 3 -2 -3 -6 -4 8 9 -1 -10 13 -13 -9
right_child=1 4 6 -5 5 -7 -8 11 10 -11 -12 12 -14 -15
leaf_value=-0.54497297076433304 3.4802921147020434 -6.3805842820052554 -0.64163009752922318 -1.0396652783849982 0.75895555315502516 -0.071697099935667294 5.1049653781435511 0.18849797009339464 0.82754443161278313 5.0684366368227929 0.026089923861884565 -0.53205929647870098 4.6185114102856817 -0.034301497404335302
leaf_weight=1427 41 14.999999999999998 34 1044 1012 9826 39 7152 2008 47 2736 1478 24 31517
leaf_count=1427 41 15 34 1044 1012 9826 39 7152 2008 47 2736 1478 24 31517
internal_value=7.66216e-05 -0.0662383 -0.650707 -0.863993 -0.00378007 0.00595173 2.46939 0.0172512 0.193286 -0.360724 0.36551 -0.0100002 -0.444965 0.00690892
internal_weight=58400 12011 1158 1085 10853 10838 73 46389 6218 1474 4744 40171 1502 38669
internal_count=58400 12011 1158 1085 10853 10838 73 46389 6218 1474 4744 40171 1502 38669
is_linear=0
shrinkage=0.0940712


Tree=603
num_leaves=14
num_cat=0
split_feature=33 25 38 1 33 32 37 33 51 56 30 44 38
split_gain=7352.17 51364.5 69172.9 51960.2 85456.4 46907.8 41006.2 25131.7 74567 81587.8 44150 59710.4 22539.5
threshold=425.50000000000006 2.5000000000000004 119.70008542075249 178.14500000000001 434.50000000000006 160.87950237884573 140.11239495798324 414.50000000000006 209.53571428571431 -164.49999999999997 412.50000000000006 193.50000000000003 141.13075806853888
decision_type=2 8 2 2 2 2 2 2 2 10 2 10 2
left_child=7 2 -2 4 -3 -4 -5 10 -9 -10 12 -12 -1
right_child=1 3 5 6 -6 -7 -8 8 9 -11 11 -13 -14
leaf_value=-0.0014887355470030882 6.4437799415698169 -1.2920485842059022 -2.5385239923559362 0.98976386430627283 -0.11194553950342098 3.3470759687460561 -0.038768738631343606 6.0116285954302908 1.6289045711552668 -0.049008963175726228 1.2353005159357588 -2.9226987254343806 0.75753312901069125
leaf_weight=51454 23 684 24 513 2615 21 1028 19 324 1207 43 98 347
leaf_count=51454 23 684 24 513 2615 21 1028 19 324 1207 43 98 347
internal_value=9.66481e-05 -0.110074 2.428 -0.146531 -0.357157 0.225513 0.304204 0.0102103 0.383282 0.307297 -0.00093124 -1.65413 0.00361598
internal_weight=58400 4908 68 4840 3299 45 1541 53492 1550 1531 51942 141 51801
internal_count=58400 4908 68 4840 3299 45 1541 53492 1550 1531 51942 141 51801
is_linear=0
shrinkage=0.0940712


Tree=604
num_leaves=13
num_cat=0
split_feature=57 27 45 37 25 10 58 61 59 59 57 59
split_gain=7749.69 35720.1 36313.5 50777.2 37566.8 11098.9 61441 74208.4 63882.3 31634.3 81342.4 30137.7
threshold=-322.49999999999994 2.5000000000000004 452.50000000000006 144.23214285714289 252.50000000000003 25.500000000000004 0.99999992449980635 8.8382737576285972 -4.1899999999999977 -4.4099999999999966 -210.49999999999997 -3.509999999999994
decision_type=8 8 8 2 10 2 2 2 2 2 8 2
left_child=1 -1 4 -4 -3 9 7 -7 -8 10 -2 -11
right_child=5 2 3 -5 -6 6 8 -9 -10 11 -12 -13
leaf_value=-3.7880730403265712 1.5504047002169949 -0.18548483974324004 -3.3214526874237307 0.44761941660458188 1.5613978288689072 1.6898413320820627 0.83914826579203172 -2.1637051961501301 -0.026025050425424689 0.2443548909765822 -0.46462145614598882 -0.020218577214429614
leaf_weight=23 189 919 70 56 122 360 823 49 8981 4209 2547 40052
leaf_count=23 189 919 70 56 122 360 823 49 8981 4209 2547 40052
internal_value=0.000121204 -0.237322 -0.162266 -1.66034 0.0211518 0.00506871 0.0939456 1.22139 0.0467114 -0.0142451 -0.324575 0.00494592
internal_weight=58400 1190 1167 126 1041 57210 10213 409 9804 46997 2736 44261
internal_count=58400 1190 1167 126 1041 57210 10213 409 9804 46997 2736 44261
is_linear=0
shrinkage=0.0940712


Tree=605
num_leaves=16
num_cat=0
split_feature=51 18 49 5 34 50 44 44 64 44 27 16 38 44 40
split_gain=6942.26 41714.6 83858.8 83297.2 70034.9 46359.8 50206.4 47092 29808.8 71683.3 76872.3 71804 26853.3 71414.8 44555.5
threshold=299.39285714285717 0.93301270189221952 288.21428571428578 21.175000000000004 121.8214285714286 183.48777044940218 76.500000000000014 54.500000000000007 0.14236081790216543 399.50000000000006 294.50000000000006 -0.8783796973249266 116.84404882588362 463.50000000000006 241.19159092516819
decision_type=2 2 2 2 2 2 10 8 2 8 10 2 2 10 2
left_child=8 5 3 -3 -4 7 -7 -2 9 10 -1 -11 14 -14 -10
right_child=1 2 4 -5 -6 6 -8 -9 12 11 -12 -13 13 -15 -16
leaf_value=0.52583928006400171 -2.9469036132995483 1.7437060028000642 2.3189433846088678 -2.8886029989270416 -0.45507785495935765 2.1895702358667233 -2.8967975931635008 0.01878645166759816 -0.034539604892316493 2.4024610027151727 3.1619657295079557 -1.5748954443685426 0.20799049827421431 -0.68004706880740196 -3.628147128481646
leaf_weight=1012 46 40 88 207 798 20 88 12514 32603 47 107 233 9696 872 29
leaf_count=1012 46 40 88 207 798 20 88 12514 32603 47 107 233 9696 872 29
internal_value=0.000100247 -0.058199 -0.604664 -2.13168 -0.175817 -0.00924583 -1.93594 0.00754985 0.018145 0.445265 0.782076 -0.897199 0.0042945 0.134614 -0.0379105
internal_weight=58400 13801 1133 247 886 12668 108 12560 44599 1399 1119 280 43200 10568 32632
internal_count=58400 13801 1133 247 886 12668 108 12560 44599 1399 1119 280 43200 10568 32632
is_linear=0
shrinkage=0.0940712


Tree=606
num_leaves=16
num_cat=0
split_feature=40 31 11 23 0 43 23 47 40 28 21 41 33 21 31
split_gain=7035.16 50333.2 83390.1 87731.7 68457.4 47641.7 134109 99120 46238.5 88216.5 70088 36023.1 19183.9 71453.4 47682.8
threshold=87.327028703928463 105.35714285714288 20.500000000000004 69.500000000000014 37.500000000000007 204.50000000000003 162.50000000000003 168.16666666666671 89.266202029026275 32.500000000000007 -0.61559370248597534 114.84993215197382 174.50000000000003 -0.70581670320594803 65.071428571428584
decision_type=2 2 2 10 2 10 10 2 2 2 2 2 2 2 2
left_child=1 5 4 -4 -3 6 -1 -7 9 11 -11 -2 13 -10 -14
right_child=8 2 3 -5 -6 7 -8 -9 12 10 -12 -13 14 -15 -16
leaf_value=0.22317621518420172 7.1163288237931903 -4.8218130164893775 0.6673962405723104 3.9092717411016396 0.19322320676043542 -2.0756115552110757 7.3491599749278667 -0.090257869766180346 1.4165371109948646 0.59734937662780418 -1.5891107627199872 0.66518370799435023 3.7655259364681024 -0.039726066591468573 -0.013700971235012953
leaf_weight=2954 15.000000000000002 26 186 122 190 241 22 2700 394 176 484 14.999999999999998 28 1210 49637
leaf_count=2954 15 26 186 122 190 241 22 2700 394 176 484 15 28 1210 49637
internal_value=8.42379e-05 0.0928085 0.975067 1.96516 -0.440131 0.0144192 0.279723 -0.254005 -0.0114102 -0.775482 -1.00583 4.08724 -0.0011012 0.318936 -0.0114495
internal_weight=58400 6441 524 308 216 5917 2976 2941 51959 690 660 30 51269 1604 49665
internal_count=58400 6441 524 308 216 5917 2976 2941 51959 690 660 30 51269 1604 49665
is_linear=0
shrinkage=0.0940712


Tree=607
num_leaves=16
num_cat=0
split_feature=1 26 26 67 59 51 5 37 1 0 59 0 1 61 1
split_gain=7255.89 51244.4 82780.6 120739 49253.9 53485.4 43815.1 27528 9469.13 61485.3 131058 115201 9616.4 137607 17003
threshold=-3.3849999999999993 125.50000000000001 278.50000000000006 1.5000000000000002 2.5199999999999974 246.10714285714289 82.265000000000015 157.15476190476193 1.9850000000000001 180.50000000000003 1.3800000000000063 171.50000000000003 11.485000000000001 1.0194279603262808 12.435
decision_type=2 10 10 2 2 2 2 2 2 2 2 2 2 2 2
left_child=1 4 3 -3 6 -6 -1 -4 9 11 -11 -2 13 -10 -14
right_child=8 2 7 -5 5 -7 -8 -9 12 10 -12 -13 14 -15 -16
leaf_value=-3.9083932438758255 0.48183889015791409 6.3605585792168418 -4.6269063168884319 -0.60664372064206851 -3.7264116472405964 2.5392360344881078 1.3810718951711622 0.4383660872510266 4.7582523804240786 1.0690011893547109 -8.0828832220041651 8.4808750202819105 0.80806498847413466 -0.37768224776795017 0.0020249867317614786
leaf_weight=76 431 38 23 49 15.999999999999998 37 15.999999999999998 14.999999999999998 46 35 21 14.999999999999998 231 1572 55779
leaf_count=76 431 38 23 49 16 37 16 15 46 35 21 15 231 1572 55779
internal_value=0.000120366 -0.485005 0.904306 2.49356 -1.68042 0.592896 -2.97944 -2.68588 0.0023888 0.408549 -2.48692 0.779795 -0.00115806 -0.227142 0.005374
internal_weight=58400 270 125 87 145 53 92 38 58130 502 56 446 57628 1618 56010
internal_count=58400 270 125 87 145 53 92 38 58130 502 56 446 57628 1618 56010
is_linear=0
shrinkage=0.0940712


Tree=608
num_leaves=16
num_cat=0
split_feature=37 37 51 1 64 71 52 30 45 31 45 31 37 44 37
split_gain=6853.47 65258.6 82938.7 131448 95054 55372.7 90112.3 106401 105198 66494.7 65904.7 56508.7 36914.8 80696.3 29260.7
threshold=157.15476190476193 155.58571428571432 276.53571428571433 51.455000000000005 0.8983911210530845 301.50000000000006 149.73703139568434 327.50000000000006 56.500000000000007 87.214285714285737 227.50000000000003 91.357142857142875 152.76136363636365 52.500000000000007 151.90097402597405
decision_type=2 2 2 2 2 2 2 2 10 2 10 2 2 10 2
left_child=1 12 4 -4 -3 9 7 -7 -8 10 -2 -11 14 -14 -1
right_child=5 2 3 -5 -6 6 8 -9 -10 11 -12 -13 13 -15 -16
leaf_value=0.0059171373296621494 -1.904060601413448 -2.0047463397905387 3.6806619350589855 0.62956664876458512 0.98858459842031299 -0.66120099866746052 4.1351626508502068 0.84168169112958002 -2.9692865195282985 -3.9455477382091395 3.7025503664044819 0.044148256827380633 5.9511412948017552 -0.4546014406785796 0.62557631009712733
leaf_weight=45309 23 172 162 534 203 1651 19 556 193 30 79 6795 15.999999999999998 1975 683
leaf_count=45309 23 172 162 534 203 1651 19 556 193 30 79 6795 16 1975 683
internal_value=0.000122205 0.0141913 0.739903 1.34657 -0.386641 -0.0736982 -0.461027 -0.282202 -2.3064 0.0616173 2.42745 0.0256942 -0.00202782 -0.398437 0.015143
internal_weight=58400 49054 1071 696 375 9346 2419 2207 212 6927 102 6825 47983 1991 45992
internal_count=58400 49054 1071 696 375 9346 2419 2207 212 6927 102 6825 47983 1991 45992
is_linear=0
shrinkage=0.0940712


Tree=609
num_leaves=15
num_cat=0
split_feature=61 2 0 39 38 61 1 21 8 39 57 1 27 22
split_gain=7296.63 71982.1 67431.2 85797.4 57323.4 51538.9 151983 120552 68035.8 42749.4 33967.1 63190.4 28369.1 19206.7
threshold=1.1001165501165504 98.695000000000007 32.500000000000007 465.50000000000006 102.83999939791705 1.1251506024096389 62.355000000000011 0.74851074817110097 29.850000000000005 376.50000000000006 326.50000000000006 78.825000000000003 66.500000000000014 422.50000000000006
decision_type=2 2 2 2 2 2 2 2 2 2 10 2 10 2
left_child=1 2 3 -1 -4 6 7 -2 -8 -3 13 -12 -11 -7
right_child=5 9 4 -5 -6 10 8 -9 -10 12 11 -13 -14 -15
leaf_value=0.67190218985273509 3.2196815488189152 0.71536388982336419 0.33874581372606316 5.4064333928208548 -0.34762669890398468 0.0021919997293596157 0.42882278212439257 -0.98276055672402851 -1.5358876323381414 -1.2052777301850401 -2.4816065823760027 -0.0029704862108227404 -5.7962326015628651 2.0252874239098912
leaf_weight=354 268 20 1509 36 3748 51069 617 77 207 19 138 262 36 40
leaf_count=354 268 20 1509 36 3748 51069 617 77 207 19 138 262 36 40
internal_value=0.000133114 -0.100741 -0.0618559 1.12907 -0.15054 0.0110953 0.628327 2.28118 -0.0665576 -2.96589 -0.00292897 -0.864739 -4.28955 0.00383965
internal_weight=58400 5722 5647 390 5257 52678 1169 345 824 75 51509 400 55 51109
internal_count=58400 5722 5647 390 5257 52678 1169 345 824 75 51509 400 55 51109
is_linear=0
shrinkage=0.0940712


Tree=610
num_leaves=14
num_cat=0
split_feature=45 64 22 58 2 46 64 42 23 1 24 63 38
split_gain=6776.31 51860.3 55814.1 75387.7 73112.8 44958.3 8065.06 67564.3 129219 70244.2 26070.4 38970.6 16347.8
threshold=52.500000000000007 0.32881309184517798 174.50000000000003 1.4437048936359382 38.585000000000008 219.50000000000003 0.26614436403777758 138.50000000000003 95.500000000000014 34.07500000000001 476.50000000000006 24.500000000000004 111.91525280104834
decision_type=8 2 2 2 2 10 2 2 10 2 10 2 2
left_child=1 5 4 -4 -3 -1 7 8 -2 -9 12 -12 -8
right_child=6 2 3 -5 -6 -7 10 9 -10 -11 11 -13 -14
leaf_value=5.9264852311820206 7.3119393707892879 -2.5836973488130597 -4.5318956313042964 2.3618340383654792 1.0978516207247813 0.041801698393522914 0.059931181583457865 -0.84308095989199539 -0.30750403277374649 0.0037674084382663727 1.8003423660949451 -3.3505957138178579 -0.048901804964333141
leaf_weight=18 30 69 61 17 146 28 31346 1026 52 5538 17 44 20008
leaf_count=18 30 69 61 17 146 28 31346 1026 52 5538 17 44 20008
internal_value=0.000121736 -0.41827 -0.882211 -3.01096 -0.0931953 2.46612 0.00257795 -0.0949245 2.56313 -0.128751 0.0151863 -1.90396 0.0175262
internal_weight=58400 339 293 78 215 46 58061 6646 82 6564 51415 61 51354
internal_count=58400 339 293 78 215 46 58061 6646 82 6564 51415 61 51354
is_linear=0
shrinkage=0.0940712


Tree=611
num_leaves=16
num_cat=0
split_feature=2 20 34 41 66 1 56 53 2 59 59 28 58 47 58
split_gain=6608.42 59991.8 69030.4 67464.4 58582.7 112913 94198.7 30318.8 27257.4 116710 122539 53807.8 26224 58419.4 22972.8
threshold=17.915000000000003 0.17992617227144039 199.60714285714289 123.35835846147297 1.0000000180025095e-35 37.205000000000005 202.50000000000003 118.50000000000001 21.535000000000004 3.3400000000000012 -1.0399999999999954 60.500000000000007 0.99999995856639734 309.83333333333343 0.99999996153106385
decision_type=2 2 2 2 2 2 8 2 2 2 2 2 2 2 2
left_child=1 4 3 -3 5 -1 -6 -4 9 10 -2 -11 13 -10 -14
right_child=8 2 7 -5 6 -7 -8 -9 12 11 -12 -13 14 -15 -16
leaf_value=3.5267156903942545 -0.19289349391467969 0.15485900373962691 5.2749802764137028 -0.93176514311414593 0.21451665496085631 0.3865531619037505 -1.444040350142225 0.52126202313758185 -1.6682096218232834 2.09389767692107 1.3033407213467194 -1.5314882119198194 0.93590419933654434 0.96865432561932441 -0.0032265612664781158
leaf_weight=120 890 786 24 1413 1794 613 363 23 231 39 1060 350 230 108 50356
leaf_count=120 890 786 24 1413 1794 613 363 23 231 39 1060 350 230 108 50356
internal_value=0.000127938 -0.10176 -0.46631 -0.543476 0.18161 0.907207 -0.0653849 3.04285 0.00995758 0.323851 0.620771 -1.16078 -0.00446663 -0.827186 0.00106966
internal_weight=58400 5136 2246 2199 2890 733 2157 47 53264 2339 1950 389 50925 339 50586
internal_count=58400 5136 2246 2199 2890 733 2157 47 53264 2339 1950 389 50925 339 50586
is_linear=0
shrinkage=0.0940712


Tree=612
num_leaves=16
num_cat=0
split_feature=39 10 56 51 23 38 48 61 37 68 38 38 1 48 10
split_gain=7173.77 44739.5 59638 74553.8 73974.9 40716.7 115822 59855.3 32852.2 51525.6 53275.2 34354.9 77459.7 32259.4 23237.3
threshold=388.50000000000006 30.500000000000004 166.50000000000003 218.58571428571432 32.500000000000007 114.57139764055076 117.0427272409522 48.309523809523817 97.017857142857153 2.5000000000000004 92.355156150982324 87.48263622107406 154.23500000000004 15.044378795195003 18.500000000000004
decision_type=2 2 10 2 10 2 2 2 2 2 2 2 2 2 2
left_child=1 5 3 -3 -4 7 -7 -1 9 10 -2 12 -10 -13 -11
right_child=8 2 4 -5 -6 6 -8 -9 11 14 -12 13 -14 -15 -16
leaf_value=-0.0051786852349992776 -2.781365322220358 -4.7053228924338439 1.67640439078217 -0.0081718600981541493 -4.2768112473853499 -1.1776541584803037 0.24229719682695028 1.0968817961611288 3.4787157119869487 -1.8989409841012455 0.8425364401353963 0.89270078889001714 -1.0426247924623433 0.020270980924626265 -6.8841977616145531
leaf_weight=22956 54 31 23 367 79 954 1085 443 76 19 100 378 58 31761 15.999999999999998
leaf_count=22956 54 31 23 367 79 954 1085 443 76 19 100 378 58 31761 16
internal_value=0.000140683 -0.0367404 -0.91658 -0.391304 -2.92816 -0.0193864 -0.422395 0.0157524 0.0296139 -1.20189 -0.442533 0.0368877 1.53132 0.0305788 -4.37804
internal_weight=58400 25938 500 398 102 25438 2039 23399 32462 189 154 32273 134 32139 35
internal_count=58400 25938 500 398 102 25438 2039 23399 32462 189 154 32273 134 32139 35
is_linear=0
shrinkage=0.0940712


Tree=613
num_leaves=16
num_cat=0
split_feature=37 71 31 59 36 47 10 48 8 23 47 37 59 1 23
split_gain=6834.42 56143.4 87336.4 81791.4 68888.4 47410.9 83588.6 106121 53194.6 45601 71680.2 61844.6 42042.6 84752.2 39157.7
threshold=142.32738095238099 140.50000000000003 87.214285714285737 1.47 339.50000000000006 339.83333333333343 2.5000000000000004 180.63960431030844 3.9500000000000006 226.50000000000003 357.16666666666669 158.87500000000003 -4.9199999999999999 104.93500000000002 204.50000000000003
decision_type=2 2 2 2 2 2 2 2 2 8 2 2 2 2 10
left_child=5 2 3 -2 -4 12 7 -7 -8 11 -11 -3 13 -1 -14
right_child=1 9 4 -5 -6 6 8 -9 -10 10 -12 -13 14 -15 -16
leaf_value=-2.9761003689407017 3.9519752635202332 0.36433665668745702 -1.0404486831562096 -1.4408152884597001 -0.12858156197633186 0.65846097498487455 -0.98670555443813202 6.9458122918876084 -0.22522165773327651 -0.38746159781851491 0.37895526917479716 -0.069738040701500387 -0.016501527118745765 0.3595568214670235 0.26657065076051789
leaf_weight=121 79 8220 929 35 3461 346 992 24 4452 3196 1629 4490 25052 149 5225
leaf_count=121 79 8220 929 35 3461 346 992 24 4452 3196 1629 4490 25052 149 5225
internal_value=9.02928e-05 0.0414262 -0.254763 2.2981 -0.321879 -0.0249613 -0.271146 1.0941 -0.364245 0.117528 -0.128642 0.210994 0.0219022 -1.14336 0.0323562
internal_weight=58400 22039 4504 114 4390 36361 5814 370 5444 17535 4825 12710 30547 270 30277
internal_count=58400 22039 4504 114 4390 36361 5814 370 5444 17535 4825 12710 30547 270 30277
is_linear=0
shrinkage=0.0940712


Tree=614
num_leaves=14
num_cat=0
split_feature=40 31 45 28 45 31 32 71 57 22 37 40 21
split_gain=6955.44 38012.6 88903.6 96345.1 68252.6 54388.5 82523.5 40413.5 37271.9 53123.1 64705.8 36684.1 33856.4
threshold=131.68963813430824 112.64285714285715 136.50000000000003 198.50000000000003 58.500000000000007 115.64285714285715 65.637714187627267 502.50000000000006 280.50000000000006 298.50000000000006 124.26785714285715 129.49074654294785 -0.40966402954315212
decision_type=2 2 8 2 10 2 2 2 10 2 2 2 2
left_child=8 2 4 -4 -2 6 -3 -7 9 11 -11 -1 -10
right_child=1 5 3 -5 -6 7 -8 -9 12 10 -12 -13 -14
leaf_value=-0.013385871413419887 3.12390241935841 4.5503401800801146 0.73226463329601266 4.8608285777581628 -2.1633958195703333 0.0093383324521085966 -1.623677647308654 0.79447588890486509 0.34203533461287433 4.9777553667515493 -0.97994202986914758 -0.56038038617666563 -5.0827969307928811
leaf_weight=27518 24 19 780 52 142 27750 291 591 17 39 26 1128 23
leaf_count=27518 24 19 780 52 142 27750 291 591 17 39 26 1128 23
internal_value=9.54063e-05 0.0320661 0.602324 0.999073 -1.37623 0.0121661 -1.22396 0.0257583 -0.0328694 -0.0287884 2.62569 -0.0349588 -2.84797
internal_weight=58400 29649 998 832 166 28651 310 28341 28751 28711 65 28646 40
internal_count=58400 29649 998 832 166 28651 310 28341 28751 28711 65 28646 40
is_linear=0
shrinkage=0.0940712


Tree=615
num_leaves=16
num_cat=0
split_feature=10 0 57 22 57 39 59 54 57 1 45 1 58 1 58
split_gain=6651.36 61248.3 63317.4 62918.3 54441.5 91127.7 80703.7 52936.7 26869 75612.3 188192 77545.1 61056 97043 66403.5
threshold=25.500000000000004 195.50000000000003 68.500000000000014 20.500000000000004 10.500000000000002 434.50000000000006 -4.1899999999999977 134.50000000000003 -55.499999999999993 23.935000000000006 429.50000000000006 31.795000000000005 0.99999995856639734 65.595000000000013 0.99999996426657167
decision_type=2 2 10 2 10 2 2 2 10 2 10 2 2 2 2
left_child=8 4 3 -3 6 -6 -2 -4 9 10 -1 -11 13 -10 -14
right_child=1 2 7 -5 5 -7 -8 -9 12 11 -12 -13 14 -15 -16
leaf_value=0.26726587741775121 1.092103954117174 -4.3320868904958063 1.0350160181587893 0.36723933672362769 0.10391117375029631 1.0614593369491867 -0.21032491434283218 -4.4556284216615092 -1.5186220152190599 -0.97553917895755815 3.0948982156543439 0.06183562095966405 1.4969638862321308 -0.12595968660490656 -0.044073991254697124
leaf_weight=1408 459 28 19 170 3587 1164 4901 72 642 666 243 14238 248 1421 29134
leaf_count=1408 459 28 19 170 3587 1164 4901 72 642 666 243 14238 248 1421 29134
internal_value=0.00010919 0.0683094 -1.27826 -0.325374 0.107002 0.33881 -0.0984832 -3.30974 -0.0146666 0.0823255 0.686054 0.0153737 -0.0657361 -0.560234 -0.0309836
internal_weight=58400 10400 289 198 10111 4751 5360 91 48000 16555 1651 14904 31445 2063 29382
internal_count=58400 10400 289 198 10111 4751 5360 91 48000 16555 1651 14904 31445 2063 29382
is_linear=0
shrinkage=0.0940712


Tree=616
num_leaves=16
num_cat=0
split_feature=32 0 31 40 0 2 47 2 57 26 5 1 32 64 57
split_gain=6491.54 47906.9 73466.7 69645.8 68739 74763.6 64596.1 37563.9 20564.1 75867 55454.1 30945.7 22820.5 76116.9 61148.6
threshold=140.81167768129686 152.50000000000003 103.64285714285715 202.5283634874952 142.50000000000003 15.305000000000001 389.50000000000006 53.765000000000008 -322.49999999999994 14.500000000000002 69.785000000000011 212.08500000000004 128.27611586463283 0.32881309184517798 -301.49999999999994
decision_type=2 2 2 2 2 2 2 2 8 10 2 2 2 2 8
left_child=8 4 7 -4 6 -6 -2 -3 9 11 -11 -1 14 -14 -10
right_child=1 2 3 -5 5 -7 -8 -9 12 10 -12 -13 13 -15 -16
leaf_value=-5.975188126553225 0.088117806379022723 0.055736919589395494 -0.81572292946738112 0.55884553748817378 -2.8563226321692592 1.601975466318837 -0.90948975138216237 5.6777868319934228 1.5830817036148721 -0.98405187408946515 1.2709955331914695 -0.67074894657290307 -0.44564164104800796 0.37091615445910892 -0.012592776513766514
leaf_weight=29 4847 18 1653 405 35 383 650 24 212 281 145 14.999999999999998 1292 4611 43800
leaf_count=29 4847 18 1653 405 35 383 650 24 212 281 145 15 1292 4611 43800
internal_value=9.13715e-05 -0.0785342 -0.464349 -0.544938 0.0585064 1.21913 -0.0300474 3.3596 0.0126033 -0.605692 -0.214355 -4.25459 0.0184465 0.192103 -0.00484787
internal_weight=58400 8015 2100 2058 5915 418 5497 42 50385 470 426 44 49915 5903 44012
internal_count=58400 8015 2100 2058 5915 418 5497 42 50385 470 426 44 49915 5903 44012
is_linear=0
shrinkage=0.0940712


Tree=617
num_leaves=14
num_cat=0
split_feature=25 36 6 5 22 46 7 25 39 71 25 5 25
split_gain=7050.57 52040.2 52092.5 71459 54077 47316 25327.5 22079.7 105991 75194.8 21995.3 92105.1 29876.5
threshold=224.50000000000003 235.50000000000003 7.5000000000000009 7.6750000000000007 302.50000000000006 321.50000000000006 203.50000000000003 218.50000000000003 294.50000000000006 201.50000000000003 212.50000000000003 89.565000000000012 194.50000000000003
decision_type=10 2 2 2 2 10 2 10 2 2 10 2 10
left_child=7 5 3 -3 -4 6 -2 10 -9 -10 12 -12 -1
right_child=1 2 4 -5 -6 -7 -8 8 9 -11 11 -13 -14
leaf_value=0.00072723794620492197 -1.6687454429913111 4.9405759520828623 -0.1419288805805804 0.13825690596973972 -1.0605650725224582 0.3736893818439968 -6.8967741149965063 6.0745793079248571 1.5360762945530093 -0.62551642835992427 -1.0002034606196961 2.2238527662055838 0.37739163991920938
leaf_weight=43200 14.999999999999998 26 5813 5484 627 25 21 28 247 332 546 90 1946
leaf_count=43200 15 26 5813 5484 627 25 21 28 247 332 546 90 1946
internal_value=7.88937e-05 -0.0641504 -0.049966 0.162334 -0.231623 -2.77027 -4.88171 0.0167134 0.57962 0.298047 0.00922785 -0.539442 0.0169785
internal_weight=58400 12011 11950 5510 6440 61 36 46389 607 579 45782 636 45146
internal_count=58400 12011 11950 5510 6440 61 36 46389 607 579 45782 636 45146
is_linear=0
shrinkage=0.0940712


Tree=618
num_leaves=16
num_cat=0
split_feature=55 8 46 57 57 44 46 59 55 28 28 55 7 39 55
split_gain=6792.06 56378.9 76942.8 92854.7 56882.1 51403.5 44293.5 27035.7 26185.9 94423.4 103559 33869.9 74052.6 27202.8 22935
threshold=-212.49999999999997 51.350000000000001 462.50000000000006 40.500000000000007 141.50000000000003 154.50000000000003 251.50000000000003 1.8750000000000002 -170.49999999999997 283.16666666666669 125.16666666666667 -158.49999999999997 204.50000000000003 446.50000000000006 -131.49999999999997
decision_type=8 2 8 10 8 8 10 2 8 2 2 8 2 2 8
left_child=1 4 3 -3 5 -1 -6 -4 9 10 -2 12 -10 -11 -13
right_child=8 2 7 -5 6 -7 -8 -9 11 13 -12 14 -14 -15 -16
leaf_value=0.48192192438817921 -0.24266203538807193 -0.080272219056297001 -5.4087850514969498 -3.5155938351634255 -0.39874211704097501 -0.10790243432891841 -3.6549148950967276 -1.2299596806293041 0.2562386084145829 -5.7693697370218899 0.84400609361761447 0.29184712887131298 -1.3559135652755796 -0.82229528767785498 -0.0082767339061141209
leaf_weight=1701 1455 477 41 80 86 5634 64 22 507 27 1660 2374 499 15.999999999999998 43757
leaf_count=1701 1455 477 41 80 86 5634 64 22 507 27 1660 2374 499 16 43757
internal_value=8.24184e-05 -0.0798234 -0.940721 -0.58235 -0.00831505 0.0289352 -1.81222 -4.01651 0.0129638 0.275138 0.336521 -0.00460676 -0.544164 -4.02474 0.0071749
internal_weight=58400 8105 620 557 7485 7335 150 63 50295 3158 3115 47137 1006 43 46131
internal_count=58400 8105 620 557 7485 7335 150 63 50295 3158 3115 47137 1006 43 46131
is_linear=0
shrinkage=0.0940712


Tree=619
num_leaves=16
num_cat=0
split_feature=64 28 27 64 59 5 45 28 5 1 30 50 24 65 49
split_gain=7087.7 54172.6 71151 83957.1 67615.9 51397 80875.3 57074 45081.1 138805 151490 49396.9 48950.3 83585 51331.6
threshold=0.64906471476705019 185.50000000000003 382.50000000000006 1.0676183702499495 4.6200000000000037 100.50500000000001 249.50000000000003 162.50000000000003 100.50500000000001 68.975000000000009 277.50000000000006 82.922511155903081 262.50000000000006 1.0000000180025095e-35 283.46428571428578
decision_type=2 2 8 2 2 2 10 2 2 2 2 2 10 2 2
left_child=8 5 4 -4 -3 7 -7 -2 12 10 -10 -11 14 -14 -1
right_child=1 2 3 -5 -6 6 -8 -9 9 11 -12 -13 13 -15 -16
leaf_value=-0.1817444692245675 -0.011574131228720674 -0.30766429596867917 -3.6039834268182944 -0.35954894916123464 1.736372493307452 -2.54249004526398 0.31214539049983991 0.41470424334307859 8.0827517725299707 -5.1489505642416331 -0.13732769829173194 0.27334253743712017 1.3226895157783729 0.12721349796692549 0.13384198616325887
leaf_weight=9587 28780 3982 123 164 147 174 175 3075 44 14.999999999999998 35 144 644 2614 8697
leaf_count=9587 28780 3982 123 164 147 174 175 3075 44 15 35 144 644 2614 8697
internal_value=2.07226e-05 -0.0252507 -0.334169 -1.76244 -0.234233 0.0171202 -1.11571 0.0295894 0.0425157 1.32588 4.5073 -0.282505 0.028236 0.364079 -0.0316265
internal_weight=58400 36620 4416 287 4129 32204 349 31855 21780 238 79 159 21542 3258 18284
internal_count=58400 36620 4416 287 4129 32204 349 31855 21780 238 79 159 21542 3258 18284
is_linear=0
shrinkage=0.0940712


Tree=620
num_leaves=15
num_cat=0
split_feature=49 29 30 49 41 0 20 20 31 52 25 30 55 29
split_gain=7207.95 43222 88134.5 87036.9 77297.5 60937.1 112968 107158 26935.4 64392.5 37823.7 24280.5 82780.5 62693
threshold=308.15476190476198 114.01900426390911 227.50000000000003 316.07142857142861 133.65149353887264 123.50000000000001 -0.98182534576205283 -0.95297903005573326 230.6428571428572 134.1659317884793 71.500000000000014 235.50000000000003 268.50000000000006 103.0161799589429
decision_type=2 2 2 2 2 2 2 2 2 2 8 2 10 2
left_child=8 5 4 -4 -3 7 -7 -2 11 -10 -11 13 -13 -1
right_child=1 2 3 -5 -6 6 -8 -9 9 10 -12 12 -14 -15
leaf_value=-0.0071443966041543627 -1.0907774852812506 -0.16832973099408061 -1.0409437825888361 -0.11500342340003594 6.6601791144528795 1.8722082085658613 -0.35754386438247965 0.44860229620895475 5.3170876865858778 3.1931586042812876 -2.224126009253391 0.1680821110948969 -0.47571625137181411 -0.64243794440594271
leaf_weight=24167 440 28 1089 5103 29 213 3198 4271 27 15.999999999999998 31 16352 1980 1456
leaf_count=24167 440 28 1089 5103 29 213 3198 4271 27 16 31 16352 1980 1456
internal_value=1.88448e-05 -0.0578225 -0.243788 -0.278092 3.38862 0.0852618 -0.217477 0.304486 0.0189024 1.7935 -0.33397 0.0158483 0.0985054 -0.0432862
internal_weight=58400 14371 6249 6192 57 8122 3411 4711 44029 74 47 43955 18332 25623
internal_count=58400 14371 6249 6192 57 8122 3411 4711 44029 74 47 43955 18332 25623
is_linear=0
shrinkage=0.0940712


Tree=621
num_leaves=15
num_cat=0
split_feature=23 56 51 25 43 38 43 36 35 8 43 53 53 0
split_gain=7199.93 44064.6 58873.6 61565.9 53220.2 47063.8 32844.7 56101.2 83119.6 78241.2 50884.4 92405.5 36029.1 19546.4
threshold=53.500000000000007 -262.49999999999994 334.25000000000006 118.50000000000001 497.50000000000006 99.498125530663444 84.500000000000014 431.50000000000006 131.12900492950621 22.050000000000004 104.50000000000001 136.50000000000003 85.500000000000014 163.50000000000003
decision_type=10 8 2 8 10 2 10 2 2 2 8 2 2 2
left_child=1 2 3 -1 5 -3 7 8 -2 -9 11 -8 -12 -6
right_child=6 4 -4 -5 13 -7 10 9 -10 -11 12 -13 -14 -15
leaf_value=1.0609136134375809 -0.53680953931096864 0.26398265072709481 4.8002516970648843 -0.24317063420443982 -4.3643872352035489 -0.0963227166503305 -0.0073962904518686846 -0.83799989172612643 3.4090353550816594 -5.886995768404014 0.091028555520975926 1.7689262393789167 -0.09379080782205737 -0.24377811571866492
leaf_weight=717 719 4684 27 577 32 10173 744 89 49 38 14762 396 25378 14.999999999999998
leaf_count=717 719 4684 27 577 32 10173 744 89 49 38 14762 396 25378 15
internal_value=4.52751e-05 0.0532981 0.573693 0.479727 0.00710972 0.0172789 -0.0204397 -0.583734 -0.278486 -2.40286 -0.00820209 0.611107 -0.0258171 -3.10202
internal_weight=58400 16225 1321 1294 14904 14857 42175 895 768 127 41280 1140 40140 47
internal_count=58400 16225 1321 1294 14904 14857 42175 895 768 127 41280 1140 40140 47
is_linear=0
shrinkage=0.0940712


Tree=622
num_leaves=13
num_cat=0
split_feature=63 42 42 21 0 43 26 51 26 43 1 30
split_gain=7439.52 37400.8 49837.5 95678 36004.3 31164.2 95698.5 91673.3 73407.9 37278.7 154165 30114.4
threshold=116.50000000000001 318.50000000000006 324.50000000000006 -0.46472317204376873 198.50000000000003 74.500000000000014 363.50000000000006 287.23214285714295 39.500000000000007 84.500000000000014 30.285000000000004 289.50000000000006
decision_type=2 2 2 2 2 8 10 2 8 8 2 2
left_child=5 -2 3 -3 -4 6 8 -8 -1 10 -7 -11
right_child=1 2 4 -5 -6 9 7 -9 -10 11 -12 -13
leaf_value=1.332924460051059 -3.9685979816758121 -0.79953477681335106 0.012439628775821015 2.0599182665360103 1.0885970407645793 2.5915931348896302 5.0874787524369767 -2.8456857406182734 -0.10520268608249439 0.016933742271763197 -1.210228075879195 -0.19678025280281788
leaf_weight=398 19 161 22285 285 277 108 63 14.999999999999998 1467 25034 682 7606
leaf_count=398 19 161 22285 285 277 108 63 15 1467 25034 682 7606
internal_value=3.78987e-05 0.0416525 0.0452387 1.02822 0.0257319 -0.0270493 0.339042 3.53438 0.202491 -0.0483457 -0.686239 -0.0328705
internal_weight=58400 23027 23008 446 22562 35373 1943 78 1865 33430 790 32640
internal_count=58400 23027 23008 446 22562 35373 1943 78 1865 33430 790 32640
is_linear=0
shrinkage=0.0940712


Tree=623
num_leaves=15
num_cat=0
split_feature=38 8 26 35 54 10 27 38 23 26 23 33 10 31
split_gain=6964.63 50142.1 89910.3 84054.3 61347.6 86571.5 71279.5 29424.2 72423.2 101608 78305.5 29904.4 93198.6 53536.5
threshold=92.855270274601907 32.550000000000004 2.5000000000000004 99.446945930629667 428.50000000000006 4.5000000000000009 351.50000000000006 95.929723779742531 49.500000000000007 363.50000000000006 41.500000000000007 171.50000000000003 16.500000000000004 63.071428571428577
decision_type=2 2 8 2 2 2 10 2 8 8 10 2 2 2
left_child=1 4 -3 -4 6 -6 -1 8 10 -10 -2 12 -9 -13
right_child=7 2 3 -5 5 -7 -8 11 9 -11 -12 13 -14 -15
leaf_value=0.098022091760724822 0.65140352681309011 5.4088301497831486 -0.31473062659949846 -2.0939752063980137 1.5471408498095931 -1.0840313608638639 3.3937147815874438 -0.90202996011497005 0.14173601798117211 -3.3467802795979491 3.1639502899520346 1.7558730690011362 0.2773001229626082 0.0075637640481555357
leaf_weight=7057 673 21 1674 272 128 761 57 1219 2112 75 130 154 1152 42915
leaf_count=7057 673 21 1674 272 128 761 57 1219 2112 75 130 154 1152 42915
internal_value=4.20383e-05 -0.0715488 -0.496886 -0.564967 0.0330526 -0.703 0.125185 0.0147845 0.300554 0.0197423 1.06367 -0.00402637 -0.329169 0.0138815
internal_weight=58400 9970 1967 1946 8003 889 7114 48430 2990 2187 803 45440 2371 43069
internal_count=58400 9970 1967 1946 8003 889 7114 48430 2990 2187 803 45440 2371 43069
is_linear=0
shrinkage=0.0940712


Tree=624
num_leaves=16
num_cat=0
split_feature=57 27 58 10 23 19 24 61 24 49 37 49 24 2 57
split_gain=6952.75 55857.9 106253 149322 96584.1 77942.5 95860 58461.6 28466.3 77269.5 84706.3 71888.7 57112.4 77066.4 43299.4
threshold=-130.49999999999997 262.50000000000006 1.2918855588558114 16.500000000000004 330.50000000000006 -0.9330127018922193 178.50000000000003 4.2906158357771274 272.50000000000006 386.50000000000006 149.32738095238099 339.30952380952385 242.50000000000003 38.235000000000007 -79.499999999999986
decision_type=8 10 2 2 10 2 10 2 10 2 2 2 10 2 8
left_child=1 5 4 -4 -3 6 -1 -7 12 11 -11 -10 14 -14 -2
right_child=8 2 3 -5 -6 7 -8 -9 9 10 -12 -13 13 -15 -16
leaf_value=-4.8229549918017769 0.29879326428386377 -0.38263295843072731 -0.0049500439938571349 3.0002275339856603 3.2990381149504926 -0.2786569685549789 -0.76431958744485096 0.22013883203706094 0.53785896648495379 7.6536879603523591 1.2049836416968731 -0.91048209814233449 0.51460804542823213 -1.202782451137963 -0.013508867012597235
leaf_weight=54 4354 944 301 283 66 5047 726 3534 1462 24 64 381 333 749 40078
leaf_count=54 4354 944 301 283 66 5047 726 3534 1462 24 64 381 333 749 40078
internal_value=6.07897e-05 -0.0674803 0.446996 1.45523 -0.137203 -0.155159 -1.05454 -0.0732155 0.0156603 0.369272 3.0679 0.23786 0.000642914 -0.674136 0.017101
internal_weight=58400 10955 1594 584 1010 9361 780 8581 47445 1931 88 1843 45514 1082 44432
internal_count=58400 10955 1594 584 1010 9361 780 8581 47445 1931 88 1843 45514 1082 44432
is_linear=0
shrinkage=0.0940712


Tree=625
num_leaves=15
num_cat=0
split_feature=22 22 56 50 33 1 46 45 57 47 56 46 63 38
split_gain=6706.42 61626.1 129325 83949.1 49162 51787.9 45280.7 73252.4 50383.1 43876.3 31432.3 48709.9 37144.4 10096.5
threshold=50.500000000000007 51.500000000000007 232.50000000000003 145.86311260541871 479.50000000000006 154.23500000000004 60.500000000000007 351.50000000000006 -9.4999999999999982 290.16666666666669 -391.49999999999994 295.50000000000006 -136.49999999999997 126.0048867351418
decision_type=2 2 10 2 2 2 8 10 10 2 8 10 2 2
left_child=4 2 3 -2 6 9 7 -1 -8 -6 11 -3 -12 -7
right_child=1 10 -4 -5 5 13 8 -9 -10 -11 12 -13 -14 -15
leaf_value=-0.22549361769730455 -0.1296005098281825 -0.096398387153265278 9.2187737765133502 3.5905862262532331 6.907400166803094 1.1004627783916681 0.041415618199123261 -3.1360777823617898 -0.40877011480462999 1.0781298901349328 1.0794674434416147 -4.2195840689874613 0.0066989157853916239 -2.1020715721993737
leaf_weight=255 198 71 15.999999999999998 72 24 14.999999999999998 12123 108 2686 22 286 38 42469 17
leaf_count=255 198 71 16 72 24 15 12123 108 2686 22 286 38 42469 17
internal_value=7.58642e-05 0.0190295 1.39156 0.876925 -0.0535418 2.27873 -0.0657737 -1.10152 -0.0402633 4.24906 0.00981828 -1.57427 0.0139171 -0.615764
internal_weight=58400 43150 286 270 15250 78 15172 363 14809 46 42864 109 42755 32
internal_count=58400 43150 286 270 15250 78 15172 363 14809 46 42864 109 42755 32
is_linear=0
shrinkage=0.0940712


Tree=626
num_leaves=16
num_cat=0
split_feature=8 1 59 56 56 8 37 40 36 1 34 39 1 48 1
split_gain=6964.88 92271.7 115473 118724 84767.6 64699.5 86586.3 116002 59518 83613.7 71754.7 59373 21703.5 85704.5 37498.5
threshold=42.45000000000001 9.2150000000000016 2.6800000000000019 -71.499999999999986 35.500000000000007 40.750000000000007 155.26136363636365 121.14149720119273 243.50000000000003 27.055000000000003 114.25000000000001 414.50000000000006 11.485000000000001 211.70970691019329 13.490000000000002
decision_type=2 2 2 8 10 2 2 2 2 2 2 2 2 2 2
left_child=5 2 3 -2 -4 12 11 -8 9 -3 -10 -7 13 -1 -14
right_child=1 8 4 -5 -6 6 7 -9 10 -11 -12 -13 14 -15 -16
leaf_value=-0.40886802264001165 -2.7766337783438346 -4.991850524075546 8.4274089278335111 2.4356161972520143 0.15866416026671465 -2.0538864278690916 7.257621084175307 -0.091228467954953499 0.74557909039462289 -0.60339862567067737 -0.055964856561660233 0.171901236815693 0.91032106741976915 2.9264655585148347 0.0052816442575963751
leaf_weight=2021 55 41 34 121 15.999999999999998 390 22 98 1225 404 5087 145 407 69 48265
leaf_count=2021 55 41 34 121 16 390 22 98 1225 404 5087 145 407 69 48265
internal_value=0.000100681 0.0882454 1.95141 0.795984 5.86879 -0.0118702 -0.939722 1.33094 0.0254734 -1.02405 0.0997205 -1.45166 0.000128241 -0.296591 0.0128812
internal_weight=58400 6983 226 176 50 51417 655 120 6757 445 6312 535 50762 2090 48672
internal_count=58400 6983 226 176 50 51417 655 120 6757 445 6312 535 50762 2090 48672
is_linear=0
shrinkage=0.0940712


end of trees

feature_importances:
Column_1=683
Column_27=239
Column_46=229
Column_8=222
Column_25=214
Column_45=211
Column_59=200
Column_26=199
Column_0=194
Column_43=192
Column_58=188
Column_49=187
Column_38=185
Column_24=182
Column_47=182
Column_56=181
Column_23=180
Column_44=180
Column_52=179
Column_51=169
Column_5=167
Column_39=166
Column_57=166
Column_50=165
Column_53=161
Column_34=159
Column_31=158
Column_64=153
Column_2=152
Column_37=152
Column_35=150
Column_55=148
Column_61=144
Column_32=139
Column_36=138
Column_10=136
Column_22=128
Column_28=126
Column_29=119
Column_63=119
Column_48=118
Column_40=116
Column_54=116
Column_33=112
Column_42=109
Column_41=94
Column_6=92
Column_30=88
Column_71=87
Column_20=83
Column_11=72
Column_21=68
Column_7=49
Column_69=42
Column_70=34
Column_66=31
Column_67=30
Column_3=29
Column_19=29
Column_18=27
Column_9=20
Column_16=20
Column_68=18
Column_17=17
Column_65=9
Column_14=8
Column_4=7
Column_12=7
Column_13=7
Column_15=2

parameters:
[boosting: gbdt]
[objective: regression]
[metric: l2]
[tree_learner: serial]
[device_type: gpu]
[data_sample_strategy: bagging]
[data: ]
[valid: ]
[num_iterations: 627]
[learning_rate: 0.0940712]
[num_leaves: 135]
[num_threads: 2]
[seed: 42]
[deterministic: 0]
[force_col_wise: 1]
[force_row_wise: 0]
[histogram_pool_size: -1]
[max_depth: 4]
[min_data_in_leaf: 15]
[min_sum_hessian_in_leaf: 0.001]
[bagging_fraction: 0.795466]
[pos_bagging_fraction: 1]
[neg_bagging_fraction: 1]
[bagging_freq: 0]
[bagging_seed: 400]
[bagging_by_query: 0]
[feature_fraction: 0.696329]
[feature_fraction_bynode: 1]
[feature_fraction_seed: 30056]
[extra_trees: 0]
[extra_seed: 12879]
[early_stopping_round: 0]
[early_stopping_min_delta: 0]
[first_metric_only: 0]
[max_delta_step: 0]
[lambda_l1: 1.34234]
[lambda_l2: 1.5614]
[linear_lambda: 0]
[min_gain_to_split: 0]
[drop_rate: 0.1]
[max_drop: 50]
[skip_drop: 0.5]
[xgboost_dart_mode: 0]
[uniform_drop: 0]
[drop_seed: 17869]
[top_rate: 0.2]
[other_rate: 0.1]
[min_data_per_group: 100]
[max_cat_threshold: 32]
[cat_l2: 10]
[cat_smooth: 10]
[max_cat_to_onehot: 4]
[top_k: 20]
[monotone_constraints: ]
[monotone_constraints_method: basic]
[monotone_penalty: 0]
[feature_contri: ]
[forcedsplits_filename: ]
[refit_decay_rate: 0.9]
[cegb_tradeoff: 1]
[cegb_penalty_split: 0]
[cegb_penalty_feature_lazy: ]
[cegb_penalty_feature_coupled: ]
[path_smooth: 0]
[interaction_constraints: ]
[verbosity: -1]
[saved_feature_importance_type: 0]
[use_quantized_grad: 0]
[num_grad_quant_bins: 4]
[quant_train_renew_leaf: 0]
[stochastic_rounding: 1]
[linear_tree: 0]
[max_bin: 255]
[max_bin_by_feature: ]
[min_data_in_bin: 3]
[bin_construct_sample_cnt: 200000]
[data_random_seed: 175]
[is_enable_sparse: 1]
[enable_bundle: 1]
[use_missing: 1]
[zero_as_missing: 0]
[feature_pre_filter: 1]
[pre_partition: 0]
[two_round: 0]
[header: 0]
[label_column: ]
[weight_column: ]
[group_column: ]
[ignore_column: ]
[categorical_feature: ]
[forcedbins_filename: ]
[precise_float_parser: 0]
[parser_config_file: ]
[objective_seed: 16083]
[num_class: 1]
[is_unbalance: 0]
[scale_pos_weight: 1]
[sigmoid: 1]
[boost_from_average: 1]
[reg_sqrt: 0]
[alpha: 0.9]
[fair_c: 1]
[poisson_max_delta_step: 0.7]
[tweedie_variance_power: 1.5]
[lambdarank_truncation_level: 30]
[lambdarank_norm: 1]
[label_gain: ]
[lambdarank_position_bias_regularization: 0]
[eval_at: ]
[multi_error_top_k: 1]
[auc_mu_weights: ]
[num_machines: 1]
[local_listen_port: 12400]
[time_out: 120]
[machine_list_filename: ]
[machines: ]
[gpu_platform_id: -1]
[gpu_device_id: -1]
[gpu_use_dp: 0]
[num_gpu: 1]

end of parameters

pandas_categorical:null
